来源,相对路径,绝对路径,字节,SHA256,分组,状态,检查层次,备注,原件终验,终验SHA256
WorkBuddy,finalize.bat,D:\WorkBuddy\01_活跃项目\装配式装修技术专家包\finalize.bat,613,f14bdceb80058784872e1e9a3f7e3fe1809e640b11bbb13706ed435f8b7e6363,A,完成-全文,源码/配置/文档全文审阅,代理A全文阅读，主代理复核关键结论；未执行同步或发布。 按GBK/chcp936读取，非UTF-8显示异常不记为源文件乱码。,与开场清单一致,f14bdceb80058784872e1e9a3f7e3fe1809e640b11bbb13706ed435f8b7e6363
WorkBuddy,同步.bat,D:\WorkBuddy\01_活跃项目\装配式装修技术专家包\同步.bat,609,d0c7a0c032c9772cb78ab8e522038e3d578012b810fe7655ab8fdad59554b935,A,完成-全文,源码/配置/文档全文审阅,代理A全文阅读，主代理复核关键结论；未执行同步或发布。 按GBK/chcp936读取，非UTF-8显示异常不记为源文件乱码。,与开场清单一致,d0c7a0c032c9772cb78ab8e522038e3d578012b810fe7655ab8fdad59554b935
WorkBuddy,.workbuddy\memory\2026-09-09.md,D:\WorkBuddy\01_活跃项目\装配式装修技术专家包\.workbuddy\memory\2026-09-09.md,43294,679d748d549a41c61bd8646104dcb5ae8a7e306a62e206be17584c52a0a9c9db,B,完成-全文,历史过程/记忆全文审阅,代理B完整阅读；按时间区分旧问题、后续整改和主动延后，不把历史自评当当前独立测试。,与开场清单一致,679d748d549a41c61bd8646104dcb5ae8a7e306a62e206be17584c52a0a9c9db
WorkBuddy,.workbuddy\memory\2026-09-10.md,D:\WorkBuddy\01_活跃项目\装配式装修技术专家包\.workbuddy\memory\2026-09-10.md,106430,283f9d50739efddf5f0cf34bbda9501378be3238852690329f02766e2ef1f20b,B,完成-全文,历史过程/记忆全文审阅,代理B完整阅读；按时间区分旧问题、后续整改和主动延后，不把历史自评当当前独立测试。,与开场清单一致,283f9d50739efddf5f0cf34bbda9501378be3238852690329f02766e2ef1f20b
WorkBuddy,.workbuddy\memory\2026-09-11.md,D:\WorkBuddy\01_活跃项目\装配式装修技术专家包\.workbuddy\memory\2026-09-11.md,31089,e94fbcd958b9f4f83f0697cc46bc7695990f8d13a10f9feab2d4a2904cae9a06,B,完成-全文,历史过程/记忆全文审阅,代理B完整阅读；按时间区分旧问题、后续整改和主动延后，不把历史自评当当前独立测试。,与开场清单一致,e94fbcd958b9f4f83f0697cc46bc7695990f8d13a10f9feab2d4a2904cae9a06
WorkBuddy,.workbuddy\memory\2026-09-12.md,D:\WorkBuddy\01_活跃项目\装配式装修技术专家包\.workbuddy\memory\2026-09-12.md,8825,b2636e9f3295d7e7fabf9e5ea523062e73cecc7c88c8acbc42806c3c1bbd3b42,B,完成-全文,历史过程/记忆全文审阅,代理B完整阅读；按时间区分旧问题、后续整改和主动延后，不把历史自评当当前独立测试。,与开场清单一致,b2636e9f3295d7e7fabf9e5ea523062e73cecc7c88c8acbc42806c3c1bbd3b42
WorkBuddy,.workbuddy\memory\2026-09-13.md,D:\WorkBuddy\01_活跃项目\装配式装修技术专家包\.workbuddy\memory\2026-09-13.md,19642,40917c49b3cdb8bcf43cf42d81512e997c3a43140db4da601a525b7fda1a4cea,B,完成-全文,历史过程/记忆全文审阅,代理B完整阅读；按时间区分旧问题、后续整改和主动延后，不把历史自评当当前独立测试。,与开场清单一致,40917c49b3cdb8bcf43cf42d81512e997c3a43140db4da601a525b7fda1a4cea
WorkBuddy,.workbuddy\memory\2026-09-14.md,D:\WorkBuddy\01_活跃项目\装配式装修技术专家包\.workbuddy\memory\2026-09-14.md,3758,5f3c630d8bfeaae8bcb0d9ff6f8f298e60d30056636a76677d471264818f10cf,B,完成-全文,历史过程/记忆全文审阅,代理B完整阅读；按时间区分旧问题、后续整改和主动延后，不把历史自评当当前独立测试。,与开场清单一致,5f3c630d8bfeaae8bcb0d9ff6f8f298e60d30056636a76677d471264818f10cf
WorkBuddy,.workbuddy\memory\MEMORY.md,D:\WorkBuddy\01_活跃项目\装配式装修技术专家包\.workbuddy\memory\MEMORY.md,15195,dc27e2aaee1a8565730890d4e940fd2775c577a0b766b102741ecdbeb07c6bcc,B,完成-全文,历史过程/记忆全文审阅,代理B完整阅读；按时间区分旧问题、后续整改和主动延后，不把历史自评当当前独立测试。,与开场清单一致,dc27e2aaee1a8565730890d4e940fd2775c577a0b766b102741ecdbeb07c6bcc
WorkBuddy,临时文件\.b10_backup_path,D:\WorkBuddy\01_活跃项目\装配式装修技术专家包\临时文件\.b10_backup_path,99,982d1eb0c8e96d14ef1964244273d85a38a01fa2566c1bec19c43bb92a68209a,temp,跳过-历史临时材料,清单及字节哈希,旧备份、一次性脚本、日志或取证图；不处于本轮现行正文审阅集合，未逐份语义审阅或执行。,与开场清单一致,982d1eb0c8e96d14ef1964244273d85a38a01fa2566c1bec19c43bb92a68209a
WorkBuddy,临时文件\.b2_backup_path,D:\WorkBuddy\01_活跃项目\装配式装修技术专家包\临时文件\.b2_backup_path,99,24c882c958c770c1ad885483e8eb8d19e8a14e7544613eb4eb6becebe8221649,temp,跳过-历史临时材料,清单及字节哈希,旧备份、一次性脚本、日志或取证图；不处于本轮现行正文审阅集合，未逐份语义审阅或执行。,与开场清单一致,24c882c958c770c1ad885483e8eb8d19e8a14e7544613eb4eb6becebe8221649
WorkBuddy,临时文件\P2C_MANIFEST_2026-09-10.md,D:\WorkBuddy\01_活跃项目\装配式装修技术专家包\临时文件\P2C_MANIFEST_2026-09-10.md,3168,0a609c21981862238807cf240e721a3f999904acbc583691023d6eb3859d3542,temp,完成-全文,历史清单全文阅读,一次性历史回滚/证据升级记录，不当作当前执行规范；未运行其中命令。,与开场清单一致,0a609c21981862238807cf240e721a3f999904acbc583691023d6eb3859d3542
WorkBuddy,临时文件\SKILL.md.b10pre,D:\WorkBuddy\01_活跃项目\装配式装修技术专家包\临时文件\SKILL.md.b10pre,4971,3254393fa07d68a1574b7b310e4c76192cff1559830f32a9f0e30e2f7a5545ad,temp,跳过-历史临时材料,清单及字节哈希,旧备份、一次性脚本、日志或取证图；不处于本轮现行正文审阅集合，未逐份语义审阅或执行。,与开场清单一致,3254393fa07d68a1574b7b310e4c76192cff1559830f32a9f0e30e2f7a5545ad
WorkBuddy,临时文件\apply_b13_col_layout.py,D:\WorkBuddy\01_活跃项目\装配式装修技术专家包\临时文件\apply_b13_col_layout.py,2690,8b00bcc8ecd37cd2f2d45d34bf7041aace478de0872384b930f844cbeb6e5ca3,temp,跳过-历史临时材料,清单及字节哈希,旧备份、一次性脚本、日志或取证图；不处于本轮现行正文审阅集合，未逐份语义审阅或执行。,与开场清单一致,8b00bcc8ecd37cd2f2d45d34bf7041aace478de0872384b930f844cbeb6e5ca3
WorkBuddy,临时文件\apply_c21_cards_sync.py,D:\WorkBuddy\01_活跃项目\装配式装修技术专家包\临时文件\apply_c21_cards_sync.py,3964,4cb4c44a209fcb393c87e9741dd620e72d5aba3996002f45aa3d41370555c522,temp,跳过-历史临时材料,清单及字节哈希,旧备份、一次性脚本、日志或取证图；不处于本轮现行正文审阅集合，未逐份语义审阅或执行。,与开场清单一致,4cb4c44a209fcb393c87e9741dd620e72d5aba3996002f45aa3d41370555c522
WorkBuddy,临时文件\apply_c21_fix.py,D:\WorkBuddy\01_活跃项目\装配式装修技术专家包\临时文件\apply_c21_fix.py,2314,4e8b5b0d2962ad4279dbf370525dde41c5d3b3d115340477baeecc4028949734,temp,跳过-历史临时材料,清单及字节哈希,旧备份、一次性脚本、日志或取证图；不处于本轮现行正文审阅集合，未逐份语义审阅或执行。,与开场清单一致,4e8b5b0d2962ad4279dbf370525dde41c5d3b3d115340477baeecc4028949734
WorkBuddy,临时文件\audit_arch_methodology.py,D:\WorkBuddy\01_活跃项目\装配式装修技术专家包\临时文件\audit_arch_methodology.py,15048,cbbdf41f21f1ca872e8e667f0b34bd4c92e4ec43ccec1e09d2477d545420f941,temp,跳过-历史临时材料,清单及字节哈希,旧备份、一次性脚本、日志或取证图；不处于本轮现行正文审阅集合，未逐份语义审阅或执行。,与开场清单一致,cbbdf41f21f1ca872e8e667f0b34bd4c92e4ec43ccec1e09d2477d545420f941
WorkBuddy,临时文件\audit_remaining_items.py,D:\WorkBuddy\01_活跃项目\装配式装修技术专家包\临时文件\audit_remaining_items.py,8258,94fc3495c30f4ef0cdf78ca5b8deb93a2046c01008ce1b2f9e6449777e4c7f9b,temp,跳过-历史临时材料,清单及字节哈希,旧备份、一次性脚本、日志或取证图；不处于本轮现行正文审阅集合，未逐份语义审阅或执行。,与开场清单一致,94fc3495c30f4ef0cdf78ca5b8deb93a2046c01008ce1b2f9e6449777e4c7f9b
WorkBuddy,临时文件\audit_selfcheck2_20260912.py,D:\WorkBuddy\01_活跃项目\装配式装修技术专家包\临时文件\audit_selfcheck2_20260912.py,2744,d2e433e49d192577a1f3992ff7967f497443c22020ada1a018f523c28e782f32,temp,跳过-历史临时材料,清单及字节哈希,旧备份、一次性脚本、日志或取证图；不处于本轮现行正文审阅集合，未逐份语义审阅或执行。,与开场清单一致,d2e433e49d192577a1f3992ff7967f497443c22020ada1a018f523c28e782f32
WorkBuddy,临时文件\audit_selfcheck3_20260912.py,D:\WorkBuddy\01_活跃项目\装配式装修技术专家包\临时文件\audit_selfcheck3_20260912.py,2967,9ce99fa3f5e88f82e4ab08ce51e8fde97200ccbf2a692b0be7c9965c9980e6c4,temp,跳过-历史临时材料,清单及字节哈希,旧备份、一次性脚本、日志或取证图；不处于本轮现行正文审阅集合，未逐份语义审阅或执行。,与开场清单一致,9ce99fa3f5e88f82e4ab08ce51e8fde97200ccbf2a692b0be7c9965c9980e6c4
WorkBuddy,临时文件\audit_selfcheck_20260912.py,D:\WorkBuddy\01_活跃项目\装配式装修技术专家包\临时文件\audit_selfcheck_20260912.py,2784,1bb9a9a1462c0f9858dc4ea3369b3a3ce13ca9c8ebb11d01b4d1229d7b1c1214,temp,跳过-历史临时材料,清单及字节哈希,旧备份、一次性脚本、日志或取证图；不处于本轮现行正文审阅集合，未逐份语义审阅或执行。,与开场清单一致,1bb9a9a1462c0f9858dc4ea3369b3a3ce13ca9c8ebb11d01b4d1229d7b1c1214
WorkBuddy,临时文件\b2_byte_audit.py,D:\WorkBuddy\01_活跃项目\装配式装修技术专家包\临时文件\b2_byte_audit.py,3872,6671b817c3ad8b9c9b56e3d6c684633675790b960614e734fc885266545d87ce,temp,跳过-历史临时材料,清单及字节哈希,旧备份、一次性脚本、日志或取证图；不处于本轮现行正文审阅集合，未逐份语义审阅或执行。,与开场清单一致,6671b817c3ad8b9c9b56e3d6c684633675790b960614e734fc885266545d87ce
WorkBuddy,临时文件\b2_eol_scan.py,D:\WorkBuddy\01_活跃项目\装配式装修技术专家包\临时文件\b2_eol_scan.py,4325,a3ddd9d7f35c2c9a62790bbbc7f7b135523b41e7acbd0ad61dc50d0ed5fe0abd,temp,跳过-历史临时材料,清单及字节哈希,旧备份、一次性脚本、日志或取证图；不处于本轮现行正文审阅集合，未逐份语义审阅或执行。,与开场清单一致,a3ddd9d7f35c2c9a62790bbbc7f7b135523b41e7acbd0ad61dc50d0ed5fe0abd
WorkBuddy,临时文件\b2_negative_b10.py,D:\WorkBuddy\01_活跃项目\装配式装修技术专家包\临时文件\b2_negative_b10.py,6852,99e422127d9cc2c51676c8885f0303c4ba92ffd9ed776173a693e2c8b6625d87,temp,跳过-历史临时材料,清单及字节哈希,旧备份、一次性脚本、日志或取证图；不处于本轮现行正文审阅集合，未逐份语义审阅或执行。,与开场清单一致,99e422127d9cc2c51676c8885f0303c4ba92ffd9ed776173a693e2c8b6625d87
WorkBuddy,临时文件\count_strong_rows_20260913.py,D:\WorkBuddy\01_活跃项目\装配式装修技术专家包\临时文件\count_strong_rows_20260913.py,2128,d7ecb56ed9e40159d1c88d52cbeedfd2ff7b23ac24d6108b3afe6f5fd98a1bff,temp,跳过-历史临时材料,清单及字节哈希,旧备份、一次性脚本、日志或取证图；不处于本轮现行正文审阅集合，未逐份语义审阅或执行。,与开场清单一致,d7ecb56ed9e40159d1c88d52cbeedfd2ff7b23ac24d6108b3afe6f5fd98a1bff
WorkBuddy,临时文件\extract_8624_2025.py,D:\WorkBuddy\01_活跃项目\装配式装修技术专家包\临时文件\extract_8624_2025.py,829,595629cd3f273979a714437cf8318baeb13e5ae9d77c7cbc633e18001964acea,temp,跳过-历史临时材料,清单及字节哈希,旧备份、一次性脚本、日志或取证图；不处于本轮现行正文审阅集合，未逐份语义审阅或执行。,与开场清单一致,595629cd3f273979a714437cf8318baeb13e5ae9d77c7cbc633e18001964acea
WorkBuddy,临时文件\extract_A2.py,D:\WorkBuddy\01_活跃项目\装配式装修技术专家包\临时文件\extract_A2.py,2173,21cba2195832583ecb71c79cb30253c123d7d8713f150751c4559434e3726a3d,temp,跳过-历史临时材料,清单及字节哈希,旧备份、一次性脚本、日志或取证图；不处于本轮现行正文审阅集合，未逐份语义审阅或执行。,与开场清单一致,21cba2195832583ecb71c79cb30253c123d7d8713f150751c4559434e3726a3d
WorkBuddy,临时文件\extract_batchA.py,D:\WorkBuddy\01_活跃项目\装配式装修技术专家包\临时文件\extract_batchA.py,1652,528589e626e9efa35fb46538d62384d7c7effa321a1434e0cde18c6fe1f5fb75,temp,跳过-历史临时材料,清单及字节哈希,旧备份、一次性脚本、日志或取证图；不处于本轮现行正文审阅集合，未逐份语义审阅或执行。,与开场清单一致,528589e626e9efa35fb46538d62384d7c7effa321a1434e0cde18c6fe1f5fb75
WorkBuddy,临时文件\fill_metrics_threepiece.py,D:\WorkBuddy\01_活跃项目\装配式装修技术专家包\临时文件\fill_metrics_threepiece.py,5842,18b6a98f2a8884e39ebb292961d6284efd0555ae13a713aa48ec3c3a4697e700,temp,跳过-历史临时材料,清单及字节哈希,旧备份、一次性脚本、日志或取证图；不处于本轮现行正文审阅集合，未逐份语义审阅或执行。,与开场清单一致,18b6a98f2a8884e39ebb292961d6284efd0555ae13a713aa48ec3c3a4697e700
WorkBuddy,临时文件\gate_p1_2_20260913.log,D:\WorkBuddy\01_活跃项目\装配式装修技术专家包\临时文件\gate_p1_2_20260913.log,2618,b8e157eca4395cf9b4237a63495c990a754587c08295818fb48df46b8155a3cb,temp,跳过-历史临时材料,清单及字节哈希,旧备份、一次性脚本、日志或取证图；不处于本轮现行正文审阅集合，未逐份语义审阅或执行。,与开场清单一致,b8e157eca4395cf9b4237a63495c990a754587c08295818fb48df46b8155a3cb
WorkBuddy,临时文件\gb8624_2025_full.txt,D:\WorkBuddy\01_活跃项目\装配式装修技术专家包\临时文件\gb8624_2025_full.txt,47876,55743586a5d6911d358156cf2535bf218dee2d10a5e34a081f4be705017b79e1,temp,跳过-历史临时材料,清单及字节哈希,旧备份、一次性脚本、日志或取证图；不处于本轮现行正文审阅集合，未逐份语义审阅或执行。,与开场清单一致,55743586a5d6911d358156cf2535bf218dee2d10a5e34a081f4be705017b79e1
WorkBuddy,临时文件\gen_p2c_manifest.py,D:\WorkBuddy\01_活跃项目\装配式装修技术专家包\临时文件\gen_p2c_manifest.py,4338,14cb1800e6e4aa44e5017478d417f1cff5af472bc7a4d2b428a420d6ef70f5b4,temp,跳过-历史临时材料,清单及字节哈希,旧备份、一次性脚本、日志或取证图；不处于本轮现行正文审阅集合，未逐份语义审阅或执行。,与开场清单一致,14cb1800e6e4aa44e5017478d417f1cff5af472bc7a4d2b428a420d6ef70f5b4
WorkBuddy,临时文件\metrics-core.md.b13pre,D:\WorkBuddy\01_活跃项目\装配式装修技术专家包\临时文件\metrics-core.md.b13pre,174979,cf6065abe7545c4e325515d7e9cdf5ee4e460d6796e73989ab779a04eec1e3d4,temp,跳过-历史临时材料,清单及字节哈希,旧备份、一次性脚本、日志或取证图；不处于本轮现行正文审阅集合，未逐份语义审阅或执行。,与开场清单一致,cf6065abe7545c4e325515d7e9cdf5ee4e460d6796e73989ab779a04eec1e3d4
WorkBuddy,临时文件\neg_test_task7.py,D:\WorkBuddy\01_活跃项目\装配式装修技术专家包\临时文件\neg_test_task7.py,3127,0b98624e42533007c8cbd1c892a326eab67497a5240da5ec28389052fb95d86a,temp,跳过-历史临时材料,清单及字节哈希,旧备份、一次性脚本、日志或取证图；不处于本轮现行正文审阅集合，未逐份语义审阅或执行。,与开场清单一致,0b98624e42533007c8cbd1c892a326eab67497a5240da5ec28389052fb95d86a
WorkBuddy,临时文件\neg_test_task8.py,D:\WorkBuddy\01_活跃项目\装配式装修技术专家包\临时文件\neg_test_task8.py,4374,d19a2ee5f7bd3ccbf737a68513c2125fe7e967d8cc6c856504bdd5cc1b1bfe13,temp,跳过-历史临时材料,清单及字节哈希,旧备份、一次性脚本、日志或取证图；不处于本轮现行正文审阅集合，未逐份语义审阅或执行。,与开场清单一致,d19a2ee5f7bd3ccbf737a68513c2125fe7e967d8cc6c856504bdd5cc1b1bfe13
WorkBuddy,临时文件\negative_a8a9_20260913.py,D:\WorkBuddy\01_活跃项目\装配式装修技术专家包\临时文件\negative_a8a9_20260913.py,4895,6adae1d2fcb7626ab5f0013994475e337b3e6036ed21068715a9d0fb28e0b0dc,temp,跳过-历史临时材料,清单及字节哈希,旧备份、一次性脚本、日志或取证图；不处于本轮现行正文审阅集合，未逐份语义审阅或执行。,与开场清单一致,6adae1d2fcb7626ab5f0013994475e337b3e6036ed21068715a9d0fb28e0b0dc
WorkBuddy,临时文件\negative_d6c_20260913.py,D:\WorkBuddy\01_活跃项目\装配式装修技术专家包\临时文件\negative_d6c_20260913.py,4299,2c90116ec6af5f39e33b91ed76ee7d63487cfd6062826c19033815923acc7924,temp,跳过-历史临时材料,清单及字节哈希,旧备份、一次性脚本、日志或取证图；不处于本轮现行正文审阅集合，未逐份语义审阅或执行。,与开场清单一致,2c90116ec6af5f39e33b91ed76ee7d63487cfd6062826c19033815923acc7924
WorkBuddy,临时文件\negative_g11_20260913.py,D:\WorkBuddy\01_活跃项目\装配式装修技术专家包\临时文件\negative_g11_20260913.py,3084,c667b3e06007d63fd88f65bda55be848eaf47cfe87ac2b57b0605ca38d602ba1,temp,跳过-历史临时材料,清单及字节哈希,旧备份、一次性脚本、日志或取证图；不处于本轮现行正文审阅集合，未逐份语义审阅或执行。,与开场清单一致,c667b3e06007d63fd88f65bda55be848eaf47cfe87ac2b57b0605ca38d602ba1
WorkBuddy,临时文件\negative_g7_g10_20260912.py,D:\WorkBuddy\01_活跃项目\装配式装修技术专家包\临时文件\negative_g7_g10_20260912.py,4990,3067bab1769ff8ae6af8edf54a3cec9418581a5f432e1bb6473e9c8291448a4f,temp,跳过-历史临时材料,清单及字节哈希,旧备份、一次性脚本、日志或取证图；不处于本轮现行正文审阅集合，未逐份语义审阅或执行。,与开场清单一致,3067bab1769ff8ae6af8edf54a3cec9418581a5f432e1bb6473e9c8291448a4f
WorkBuddy,临时文件\negative_pc_20260914.py,D:\WorkBuddy\01_活跃项目\装配式装修技术专家包\临时文件\negative_pc_20260914.py,6930,0794a3735a6b24778966d9ab8901d188cbe13f0c495a9952f0ee4e282cd4da4e,temp,跳过-历史临时材料,清单及字节哈希,旧备份、一次性脚本、日志或取证图；不处于本轮现行正文审阅集合，未逐份语义审阅或执行。,与开场清单一致,0794a3735a6b24778966d9ab8901d188cbe13f0c495a9952f0ee4e282cd4da4e
WorkBuddy,临时文件\negtest_p2c_gate.py,D:\WorkBuddy\01_活跃项目\装配式装修技术专家包\临时文件\negtest_p2c_gate.py,3493,fdf52004b299edd0cd69bacf167d6b6d68c000c4344ceaa02b089fd5aa65dbb2,temp,跳过-历史临时材料,清单及字节哈希,旧备份、一次性脚本、日志或取证图；不处于本轮现行正文审阅集合，未逐份语义审阅或执行。,与开场清单一致,fdf52004b299edd0cd69bacf167d6b6d68c000c4344ceaa02b089fd5aa65dbb2
WorkBuddy,临时文件\patch_ima_lib_43f.py,D:\WorkBuddy\01_活跃项目\装配式装修技术专家包\临时文件\patch_ima_lib_43f.py,7898,c38206cebe4e4340766217d8b6e11a5df9198b0c680d908eddf168d5c06c12c6,temp,跳过-历史临时材料,清单及字节哈希,旧备份、一次性脚本、日志或取证图；不处于本轮现行正文审阅集合，未逐份语义审阅或执行。,与开场清单一致,c38206cebe4e4340766217d8b6e11a5df9198b0c680d908eddf168d5c06c12c6
WorkBuddy,临时文件\patch_p2c_cards.py,D:\WorkBuddy\01_活跃项目\装配式装修技术专家包\临时文件\patch_p2c_cards.py,7384,eff0491acbdb0d47873ef5fd0d183a3a62ce8ac4f8e9793539cd0a2540e1e0be,temp,跳过-历史临时材料,清单及字节哈希,旧备份、一次性脚本、日志或取证图；不处于本轮现行正文审阅集合，未逐份语义审阅或执行。,与开场清单一致,eff0491acbdb0d47873ef5fd0d183a3a62ce8ac4f8e9793539cd0a2540e1e0be
WorkBuddy,临时文件\patch_p2c_cases.py,D:\WorkBuddy\01_活跃项目\装配式装修技术专家包\临时文件\patch_p2c_cases.py,6110,d1ec75d1f60631b081d28d398220a37a823fd5a16b7d9e66f746c1dd2b6d4ce4,temp,跳过-历史临时材料,清单及字节哈希,旧备份、一次性脚本、日志或取证图；不处于本轮现行正文审阅集合，未逐份语义审阅或执行。,与开场清单一致,d1ec75d1f60631b081d28d398220a37a823fd5a16b7d9e66f746c1dd2b6d4ce4
WorkBuddy,临时文件\patch_p2c_evidence.py,D:\WorkBuddy\01_活跃项目\装配式装修技术专家包\临时文件\patch_p2c_evidence.py,18693,d513374a2a17973a7a60ef99cc23e463689f77794ba5d045dca2d36630f6c7fb,temp,跳过-历史临时材料,清单及字节哈希,旧备份、一次性脚本、日志或取证图；不处于本轮现行正文审阅集合，未逐份语义审阅或执行。,与开场清单一致,d513374a2a17973a7a60ef99cc23e463689f77794ba5d045dca2d36630f6c7fb
WorkBuddy,临时文件\patch_p2c_gate.py,D:\WorkBuddy\01_活跃项目\装配式装修技术专家包\临时文件\patch_p2c_gate.py,15222,e52c4aa52c477d1a743632ca153a9060fc7e014a9824cd036bea93b4c059df64,temp,跳过-历史临时材料,清单及字节哈希,旧备份、一次性脚本、日志或取证图；不处于本轮现行正文审阅集合，未逐份语义审阅或执行。,与开场清单一致,e52c4aa52c477d1a743632ca153a9060fc7e014a9824cd036bea93b4c059df64
WorkBuddy,临时文件\patch_p2c_residual.py,D:\WorkBuddy\01_活跃项目\装配式装修技术专家包\临时文件\patch_p2c_residual.py,4349,fbfa42c91bd31530e485b812eabaf9c634b04bc9925c0af8cfebbcc9f1a1a51a,temp,跳过-历史临时材料,清单及字节哈希,旧备份、一次性脚本、日志或取证图；不处于本轮现行正文审阅集合，未逐份语义审阅或执行。,与开场清单一致,fbfa42c91bd31530e485b812eabaf9c634b04bc9925c0af8cfebbcc9f1a1a51a
WorkBuddy,临时文件\probe_closure2.py,D:\WorkBuddy\01_活跃项目\装配式装修技术专家包\临时文件\probe_closure2.py,1239,3560e2ae4b9c3a6d4bcb0faee3d5d9d9095b0e0b2594e80fea460bf6749f6a5a,temp,跳过-历史临时材料,清单及字节哈希,旧备份、一次性脚本、日志或取证图；不处于本轮现行正文审阅集合，未逐份语义审阅或执行。,与开场清单一致,3560e2ae4b9c3a6d4bcb0faee3d5d9d9095b0e0b2594e80fea460bf6749f6a5a
WorkBuddy,临时文件\probe_closure_20260913.py,D:\WorkBuddy\01_活跃项目\装配式装修技术专家包\临时文件\probe_closure_20260913.py,2045,5ae8ade0467cf6ce8dc45a85da60b7220c461f2961410bf8f4e7176da21fd28a,temp,跳过-历史临时材料,清单及字节哈希,旧备份、一次性脚本、日志或取证图；不处于本轮现行正文审阅集合，未逐份语义审阅或执行。,与开场清单一致,5ae8ade0467cf6ce8dc45a85da60b7220c461f2961410bf8f4e7176da21fd28a
WorkBuddy,临时文件\probe_itemcount_20260914.py,D:\WorkBuddy\01_活跃项目\装配式装修技术专家包\临时文件\probe_itemcount_20260914.py,1730,ff8756af267afad713f8be146fa212fb3a3a2cec6e19136f94b3ec684ff67c18,temp,跳过-历史临时材料,清单及字节哈希,旧备份、一次性脚本、日志或取证图；不处于本轮现行正文审阅集合，未逐份语义审阅或执行。,与开场清单一致,ff8756af267afad713f8be146fa212fb3a3a2cec6e19136f94b3ec684ff67c18
WorkBuddy,临时文件\probe_pdfs.py,D:\WorkBuddy\01_活跃项目\装配式装修技术专家包\临时文件\probe_pdfs.py,2458,c4f33dfa6554d9e0c36edf67370dc83496d67dc529e4d3e60aff528b68dce0e9,temp,跳过-历史临时材料,清单及字节哈希,旧备份、一次性脚本、日志或取证图；不处于本轮现行正文审阅集合，未逐份语义审阅或执行。,与开场清单一致,c4f33dfa6554d9e0c36edf67370dc83496d67dc529e4d3e60aff528b68dce0e9
WorkBuddy,临时文件\probe_proc_claims_20260914.py,D:\WorkBuddy\01_活跃项目\装配式装修技术专家包\临时文件\probe_proc_claims_20260914.py,1979,33396507f15b7a103968318b741382fe5d74d1e4cc448c0e6785bb97b6a67681,temp,跳过-历史临时材料,清单及字节哈希,旧备份、一次性脚本、日志或取证图；不处于本轮现行正文审阅集合，未逐份语义审阅或执行。,与开场清单一致,33396507f15b7a103968318b741382fe5d74d1e4cc448c0e6785bb97b6a67681
WorkBuddy,临时文件\probe_state_20260913.py,D:\WorkBuddy\01_活跃项目\装配式装修技术专家包\临时文件\probe_state_20260913.py,3156,8c471b817053b53002c20841cba9b6ab64b8ada8010343fb5ba546fe6c9af23c,temp,跳过-历史临时材料,清单及字节哈希,旧备份、一次性脚本、日志或取证图；不处于本轮现行正文审阅集合，未逐份语义审阅或执行。,与开场清单一致,8c471b817053b53002c20841cba9b6ab64b8ada8010343fb5ba546fe6c9af23c
WorkBuddy,临时文件\redact_ima_ids.py,D:\WorkBuddy\01_活跃项目\装配式装修技术专家包\临时文件\redact_ima_ids.py,5364,fe748e1bae22e9fa17c313a05064e9f7e95046030c4430b341f87f3286e23ae9,temp,跳过-历史临时材料,清单及字节哈希,旧备份、一次性脚本、日志或取证图；不处于本轮现行正文审阅集合，未逐份语义审阅或执行。,与开场清单一致,fe748e1bae22e9fa17c313a05064e9f7e95046030c4430b341f87f3286e23ae9
WorkBuddy,临时文件\scan_priv.py,D:\WorkBuddy\01_活跃项目\装配式装修技术专家包\临时文件\scan_priv.py,1635,99532ba6e6108968a6ecc91506a12cbc60dc661ce9b22b041947536fbf763b1e,temp,跳过-历史临时材料,清单及字节哈希,旧备份、一次性脚本、日志或取证图；不处于本轮现行正文审阅集合，未逐份语义审阅或执行。,与开场清单一致,99532ba6e6108968a6ecc91506a12cbc60dc661ce9b22b041947536fbf763b1e
WorkBuddy,临时文件\sync_last.log,D:\WorkBuddy\01_活跃项目\装配式装修技术专家包\临时文件\sync_last.log,3075,4fab004a0e9b3b4d284ebf221550caa55e6d2148b62e5ff61041e20d3eeeb9fa,temp,跳过-历史临时材料,清单及字节哈希,旧备份、一次性脚本、日志或取证图；不处于本轮现行正文审阅集合，未逐份语义审阅或执行。,与开场清单一致,4fab004a0e9b3b4d284ebf221550caa55e6d2148b62e5ff61041e20d3eeeb9fa
WorkBuddy,临时文件\sync_last_prev.log,D:\WorkBuddy\01_活跃项目\装配式装修技术专家包\临时文件\sync_last_prev.log,150,8748eaa0af328fcebf870d781c4cffa7be29248a3540b6737096c6249ca8f2ca,temp,跳过-历史临时材料,清单及字节哈希,旧备份、一次性脚本、日志或取证图；不处于本轮现行正文审阅集合，未逐份语义审阅或执行。,与开场清单一致,8748eaa0af328fcebf870d781c4cffa7be29248a3540b6737096c6249ca8f2ca
WorkBuddy,临时文件\sync_log_20260913_215354.txt,D:\WorkBuddy\01_活跃项目\装配式装修技术专家包\临时文件\sync_log_20260913_215354.txt,1719,f232fcf42623081be295dd04927a9e5bb554162c7d3d8008e80bd8be2f385330,temp,跳过-历史临时材料,清单及字节哈希,旧备份、一次性脚本、日志或取证图；不处于本轮现行正文审阅集合，未逐份语义审阅或执行。,与开场清单一致,f232fcf42623081be295dd04927a9e5bb554162c7d3d8008e80bd8be2f385330
WorkBuddy,临时文件\verify_cards_batch1.py,D:\WorkBuddy\01_活跃项目\装配式装修技术专家包\临时文件\verify_cards_batch1.py,6958,7516d86128690d934f0d385116f984eafd8ab5fe7c40d2bea8045353704e4424,temp,跳过-历史临时材料,清单及字节哈希,旧备份、一次性脚本、日志或取证图；不处于本轮现行正文审阅集合，未逐份语义审阅或执行。,与开场清单一致,7516d86128690d934f0d385116f984eafd8ab5fe7c40d2bea8045353704e4424
WorkBuddy,临时文件\verify_handoff_v11.py,D:\WorkBuddy\01_活跃项目\装配式装修技术专家包\临时文件\verify_handoff_v11.py,2999,ff1470777ce5bdf642f300765090c08c64804cdf7e747b0b9602b4d8c650a2a9,temp,跳过-历史临时材料,清单及字节哈希,旧备份、一次性脚本、日志或取证图；不处于本轮现行正文审阅集合，未逐份语义审阅或执行。,与开场清单一致,ff1470777ce5bdf642f300765090c08c64804cdf7e747b0b9602b4d8c650a2a9
WorkBuddy,临时文件\verify_p2c.py,D:\WorkBuddy\01_活跃项目\装配式装修技术专家包\临时文件\verify_p2c.py,7130,3f41317c73a9a011ca7524aa412a13a8725fc79be748364a2e8186d4c096f2e7,temp,跳过-历史临时材料,清单及字节哈希,旧备份、一次性脚本、日志或取证图；不处于本轮现行正文审阅集合，未逐份语义审阅或执行。,与开场清单一致,3f41317c73a9a011ca7524aa412a13a8725fc79be748364a2e8186d4c096f2e7
WorkBuddy,临时文件\verify_task1_selfcheck.py,D:\WorkBuddy\01_活跃项目\装配式装修技术专家包\临时文件\verify_task1_selfcheck.py,5322,82f48d1ab66b97fb576396aa62ae7eb8585b60eae8efc7a73a966554e66c82a4,temp,跳过-历史临时材料,清单及字节哈希,旧备份、一次性脚本、日志或取证图；不处于本轮现行正文审阅集合，未逐份语义审阅或执行。,与开场清单一致,82f48d1ab66b97fb576396aa62ae7eb8585b60eae8efc7a73a966554e66c82a4
WorkBuddy,临时文件\verify_task2_hotel.py,D:\WorkBuddy\01_活跃项目\装配式装修技术专家包\临时文件\verify_task2_hotel.py,7915,dd00f16cda6842915fb468f5cfec746b37b7b498bb19eab287d7977cee001fa0,temp,跳过-历史临时材料,清单及字节哈希,旧备份、一次性脚本、日志或取证图；不处于本轮现行正文审阅集合，未逐份语义审阅或执行。,与开场清单一致,dd00f16cda6842915fb468f5cfec746b37b7b498bb19eab287d7977cee001fa0
WorkBuddy,临时文件\verify_task3_offline.py,D:\WorkBuddy\01_活跃项目\装配式装修技术专家包\临时文件\verify_task3_offline.py,5856,8bcc10fad7720692d3b3aff714aa2147e919d540864c267d6fd9530a8e6ddaa5,temp,跳过-历史临时材料,清单及字节哈希,旧备份、一次性脚本、日志或取证图；不处于本轮现行正文审阅集合，未逐份语义审阅或执行。,与开场清单一致,8bcc10fad7720692d3b3aff714aa2147e919d540864c267d6fd9530a8e6ddaa5
WorkBuddy,临时文件\verify_task7_c21.py,D:\WorkBuddy\01_活跃项目\装配式装修技术专家包\临时文件\verify_task7_c21.py,6637,aed7b6660cd597e398fb7501dbd6a01657eeda8daaefaa731d0f1592b4ac81db,temp,跳过-历史临时材料,清单及字节哈希,旧备份、一次性脚本、日志或取证图；不处于本轮现行正文审阅集合，未逐份语义审阅或执行。,与开场清单一致,aed7b6660cd597e398fb7501dbd6a01657eeda8daaefaa731d0f1592b4ac81db
WorkBuddy,临时文件\verify_task8_p2b.py,D:\WorkBuddy\01_活跃项目\装配式装修技术专家包\临时文件\verify_task8_p2b.py,8061,d16d3905b625685812d00fcb69a94426fe362b6117e265bfee61908f82e771a6,temp,跳过-历史临时材料,清单及字节哈希,旧备份、一次性脚本、日志或取证图；不处于本轮现行正文审阅集合，未逐份语义审阅或执行。,与开场清单一致,d16d3905b625685812d00fcb69a94426fe362b6117e265bfee61908f82e771a6
WorkBuddy,临时文件\backup_20260910_task1\citation-discipline.md.bak,D:\WorkBuddy\01_活跃项目\装配式装修技术专家包\临时文件\backup_20260910_task1\citation-discipline.md.bak,12132,8ed1efda7f5d92b55d236c382950f7ec2e2c1347339549098cf3aac2c367fb86,temp,跳过-历史临时材料,清单及字节哈希,旧备份、一次性脚本、日志或取证图；不处于本轮现行正文审阅集合，未逐份语义审阅或执行。,与开场清单一致,8ed1efda7f5d92b55d236c382950f7ec2e2c1347339549098cf3aac2c367fb86
WorkBuddy,临时文件\backup_20260910_task1\metrics-core.md.bak,D:\WorkBuddy\01_活跃项目\装配式装修技术专家包\临时文件\backup_20260910_task1\metrics-core.md.bak,64457,bf03181452ecdec5f4b33d7b0b714cdf7a4b58ea63edb21bea5e93bf2fa7c74e,temp,跳过-历史临时材料,清单及字节哈希,旧备份、一次性脚本、日志或取证图；不处于本轮现行正文审阅集合，未逐份语义审阅或执行。,与开场清单一致,bf03181452ecdec5f4b33d7b0b714cdf7a4b58ea63edb21bea5e93bf2fa7c74e
WorkBuddy,临时文件\backup_20260910_task1\会话交接单_v1.0_2026-09-10.md.bak,D:\WorkBuddy\01_活跃项目\装配式装修技术专家包\临时文件\backup_20260910_task1\会话交接单_v1.0_2026-09-10.md.bak,14797,bfae6547fda0a83872bce01deb7bd22b46f732628747ad0f1a0b7e9d2a45ac78,temp,跳过-同字节副本,全文件SHA256比对,与已列对象字节相同，未重复语义阅读；对应：WorkBuddy / 过程\装配式装修技术专家_会话交接单_v1.0_2026-09-10.md,与开场清单一致,bfae6547fda0a83872bce01deb7bd22b46f732628747ad0f1a0b7e9d2a45ac78
WorkBuddy,临时文件\backup_20260910_task10\citation-discipline.md.bak,D:\WorkBuddy\01_活跃项目\装配式装修技术专家包\临时文件\backup_20260910_task10\citation-discipline.md.bak,19638,5d71f7f44176d00fd6891563a5d0970f0e4e5a6d406c6c8c823df4eeb8dd27f5,temp,跳过-历史临时材料,清单及字节哈希,旧备份、一次性脚本、日志或取证图；不处于本轮现行正文审阅集合，未逐份语义审阅或执行。,与开场清单一致,5d71f7f44176d00fd6891563a5d0970f0e4e5a6d406c6c8c823df4eeb8dd27f5
WorkBuddy,临时文件\backup_20260910_task10\ima-standards-library.md.bak,D:\WorkBuddy\01_活跃项目\装配式装修技术专家包\临时文件\backup_20260910_task10\ima-standards-library.md.bak,29526,985918df10002eb9435334329af5130d8caab13bc34b6169203d078b7b77327a,temp,跳过-历史临时材料,清单及字节哈希,旧备份、一次性脚本、日志或取证图；不处于本轮现行正文审阅集合，未逐份语义审阅或执行。,与开场清单一致,985918df10002eb9435334329af5130d8caab13bc34b6169203d078b7b77327a
WorkBuddy,临时文件\backup_20260910_task10\ima私有ID表_v1.0.json.bak,D:\WorkBuddy\01_活跃项目\装配式装修技术专家包\临时文件\backup_20260910_task10\ima私有ID表_v1.0.json.bak,2745,4913d3646c93adb916fb7053423082a8ea1c43be54f9fd53cffd3acc4ef46d4d,temp,跳过-历史临时材料,清单及字节哈希,旧备份、一次性脚本、日志或取证图；不处于本轮现行正文审阅集合，未逐份语义审阅或执行。,与开场清单一致,4913d3646c93adb916fb7053423082a8ea1c43be54f9fd53cffd3acc4ef46d4d
WorkBuddy,临时文件\backup_20260910_task10\knowledge-cards-batch1.md.bak,D:\WorkBuddy\01_活跃项目\装配式装修技术专家包\临时文件\backup_20260910_task10\knowledge-cards-batch1.md.bak,148323,1c305410b3c66536ce6b9f93cc6bcc2f11f71b02583e62222aa117cf0d5c022e,temp,跳过-历史临时材料,清单及字节哈希,旧备份、一次性脚本、日志或取证图；不处于本轮现行正文审阅集合，未逐份语义审阅或执行。,与开场清单一致,1c305410b3c66536ce6b9f93cc6bcc2f11f71b02583e62222aa117cf0d5c022e
WorkBuddy,临时文件\backup_20260910_task10\metrics-core.md.bak,D:\WorkBuddy\01_活跃项目\装配式装修技术专家包\临时文件\backup_20260910_task10\metrics-core.md.bak,108352,b07621dfe98e8dd63cd2878d577a877e72763fe4837f3cfdcc139f143a026a18,temp,跳过-历史临时材料,清单及字节哈希,旧备份、一次性脚本、日志或取证图；不处于本轮现行正文审阅集合，未逐份语义审阅或执行。,与开场清单一致,b07621dfe98e8dd63cd2878d577a877e72763fe4837f3cfdcc139f143a026a18
WorkBuddy,临时文件\backup_20260910_task10\standards-anchor.md.bak,D:\WorkBuddy\01_活跃项目\装配式装修技术专家包\临时文件\backup_20260910_task10\standards-anchor.md.bak,39969,3509b877ec4f285d9c33857eb52e628107663e419a6e4e4644f7e2d4f2d8c137,temp,跳过-历史临时材料,清单及字节哈希,旧备份、一次性脚本、日志或取证图；不处于本轮现行正文审阅集合，未逐份语义审阅或执行。,与开场清单一致,3509b877ec4f285d9c33857eb52e628107663e419a6e4e4644f7e2d4f2d8c137
WorkBuddy,临时文件\backup_20260910_task11\README.md.bak,D:\WorkBuddy\01_活跃项目\装配式装修技术专家包\临时文件\backup_20260910_task11\README.md.bak,12049,928e9cc6002c3b2fda4905068c59055340f4094f04553ae0648464050a96bed6,temp,跳过-历史临时材料,清单及字节哈希,旧备份、一次性脚本、日志或取证图；不处于本轮现行正文审阅集合，未逐份语义审阅或执行。,与开场清单一致,928e9cc6002c3b2fda4905068c59055340f4094f04553ae0648464050a96bed6
WorkBuddy,临时文件\backup_20260910_task11\eval__verify_knowledge_base.py.bak,D:\WorkBuddy\01_活跃项目\装配式装修技术专家包\临时文件\backup_20260910_task11\eval__verify_knowledge_base.py.bak,9991,4e76cf166964c07010b0a960bb3f7d4ce3a2bd85854bc6f0cff2a2fa4c265582,temp,跳过-历史临时材料,清单及字节哈希,旧备份、一次性脚本、日志或取证图；不处于本轮现行正文审阅集合，未逐份语义审阅或执行。,与开场清单一致,4e76cf166964c07010b0a960bb3f7d4ce3a2bd85854bc6f0cff2a2fa4c265582
WorkBuddy,临时文件\backup_20260910_task11\skills__prefab-interior-knowledge__SKILL.md.bak,D:\WorkBuddy\01_活跃项目\装配式装修技术专家包\临时文件\backup_20260910_task11\skills__prefab-interior-knowledge__SKILL.md.bak,4930,a8f4b0348872bbf94243badc858f2d7e32dd335b4794e1d0e4a00fc6b855adca,temp,跳过-历史临时材料,清单及字节哈希,旧备份、一次性脚本、日志或取证图；不处于本轮现行正文审阅集合，未逐份语义审阅或执行。,与开场清单一致,a8f4b0348872bbf94243badc858f2d7e32dd335b4794e1d0e4a00fc6b855adca
WorkBuddy,临时文件\backup_20260910_task11\skills__prefab-interior-knowledge__references__ima-standards-library.md.bak,D:\WorkBuddy\01_活跃项目\装配式装修技术专家包\临时文件\backup_20260910_task11\skills__prefab-interior-knowledge__references__ima-standards-library.md.bak,34516,4bd37d5ef350d61ca90aaf1734262aff33ed3e1db69171a5cc68d425c64b4c87,temp,跳过-历史临时材料,清单及字节哈希,旧备份、一次性脚本、日志或取证图；不处于本轮现行正文审阅集合，未逐份语义审阅或执行。,与开场清单一致,4bd37d5ef350d61ca90aaf1734262aff33ed3e1db69171a5cc68d425c64b4c87
WorkBuddy,临时文件\backup_20260910_task11\skills__prefab-interior-knowledge__references__knowledge-architecture.md.bak,D:\WorkBuddy\01_活跃项目\装配式装修技术专家包\临时文件\backup_20260910_task11\skills__prefab-interior-knowledge__references__knowledge-architecture.md.bak,13426,6fcbc82b0092e8ae171815d9a0cca85c927450ccd434d8fb1bf0f0c455de9b1b,temp,跳过-历史临时材料,清单及字节哈希,旧备份、一次性脚本、日志或取证图；不处于本轮现行正文审阅集合，未逐份语义审阅或执行。,与开场清单一致,6fcbc82b0092e8ae171815d9a0cca85c927450ccd434d8fb1bf0f0c455de9b1b
WorkBuddy,临时文件\backup_20260910_task11\skills__prefab-interior-knowledge__references__metrics-core.md.bak,D:\WorkBuddy\01_活跃项目\装配式装修技术专家包\临时文件\backup_20260910_task11\skills__prefab-interior-knowledge__references__metrics-core.md.bak,111565,fc1b38e80c95385af461d3ae872f691fc700803fadd595a69c223ba6f41c4a5a,temp,跳过-历史临时材料,清单及字节哈希,旧备份、一次性脚本、日志或取证图；不处于本轮现行正文审阅集合，未逐份语义审阅或执行。,与开场清单一致,fc1b38e80c95385af461d3ae872f691fc700803fadd595a69c223ba6f41c4a5a
WorkBuddy,临时文件\backup_20260910_task11\skills__prefab-interior-knowledge__references__standards-anchor.md.bak,D:\WorkBuddy\01_活跃项目\装配式装修技术专家包\临时文件\backup_20260910_task11\skills__prefab-interior-knowledge__references__standards-anchor.md.bak,41441,8b1edb4f413ef0efcd519c7e625f86fdec65add6a85db544545fc757c3d9ff0e,temp,跳过-历史临时材料,清单及字节哈希,旧备份、一次性脚本、日志或取证图；不处于本轮现行正文审阅集合，未逐份语义审阅或执行。,与开场清单一致,8b1edb4f413ef0efcd519c7e625f86fdec65add6a85db544545fc757c3d9ff0e
WorkBuddy,临时文件\backup_20260910_task12\eval-cases.md.bak,D:\WorkBuddy\01_活跃项目\装配式装修技术专家包\临时文件\backup_20260910_task12\eval-cases.md.bak,2800,ea165378ae6ab9bb1431d839f1af1f16719b7b48f38a3aa56552cf7908022c22,temp,跳过-历史临时材料,清单及字节哈希,旧备份、一次性脚本、日志或取证图；不处于本轮现行正文审阅集合，未逐份语义审阅或执行。,与开场清单一致,ea165378ae6ab9bb1431d839f1af1f16719b7b48f38a3aa56552cf7908022c22
WorkBuddy,临时文件\backup_20260910_task12\verify_knowledge_base.py.bak,D:\WorkBuddy\01_活跃项目\装配式装修技术专家包\临时文件\backup_20260910_task12\verify_knowledge_base.py.bak,12679,36ba5211ea433dab06bf3279f22958b7a7ff341c502ff5cd372622a3289012d5,temp,跳过-历史临时材料,清单及字节哈希,旧备份、一次性脚本、日志或取证图；不处于本轮现行正文审阅集合，未逐份语义审阅或执行。,与开场清单一致,36ba5211ea433dab06bf3279f22958b7a7ff341c502ff5cd372622a3289012d5
WorkBuddy,临时文件\backup_20260910_task3\SKILL.md,D:\WorkBuddy\01_活跃项目\装配式装修技术专家包\临时文件\backup_20260910_task3\SKILL.md,4559,a97e53ecad75151b58469ec21f659101d0f736f3340d4d51fcf99773b4c0583a,temp,跳过-历史临时材料,清单及字节哈希,旧备份、一次性脚本、日志或取证图；不处于本轮现行正文审阅集合，未逐份语义审阅或执行。,与开场清单一致,a97e53ecad75151b58469ec21f659101d0f736f3340d4d51fcf99773b4c0583a
WorkBuddy,临时文件\backup_20260910_task3\ima-standards-library.md,D:\WorkBuddy\01_活跃项目\装配式装修技术专家包\临时文件\backup_20260910_task3\ima-standards-library.md,18376,961f5e9a91d89267d420f3b68a06fc64a8463795c7336a9a41a0d06603334325,temp,跳过-历史临时材料,清单及字节哈希,旧备份、一次性脚本、日志或取证图；不处于本轮现行正文审阅集合，未逐份语义审阅或执行。,与开场清单一致,961f5e9a91d89267d420f3b68a06fc64a8463795c7336a9a41a0d06603334325
WorkBuddy,临时文件\backup_20260910_task3\metrics-core.v1.7.md,D:\WorkBuddy\01_活跃项目\装配式装修技术专家包\临时文件\backup_20260910_task3\metrics-core.v1.7.md,72933,2bac9882be2b80d794394eeb93ad005fd0b9b6f142f3f88666f0a26d0ac76a84,temp,跳过-历史临时材料,清单及字节哈希,旧备份、一次性脚本、日志或取证图；不处于本轮现行正文审阅集合，未逐份语义审阅或执行。,与开场清单一致,2bac9882be2b80d794394eeb93ad005fd0b9b6f142f3f88666f0a26d0ac76a84
WorkBuddy,临时文件\backup_20260910_task3\prefab-interior-expert.md,D:\WorkBuddy\01_活跃项目\装配式装修技术专家包\临时文件\backup_20260910_task3\prefab-interior-expert.md,11094,ce7ed2b64cafe8afe1e731c6cd0e48a421de417412f05b362ea9a342bcca5d81,temp,跳过-历史临时材料,清单及字节哈希,旧备份、一次性脚本、日志或取证图；不处于本轮现行正文审阅集合，未逐份语义审阅或执行。,与开场清单一致,ce7ed2b64cafe8afe1e731c6cd0e48a421de417412f05b362ea9a342bcca5d81
WorkBuddy,临时文件\backup_20260910_task4\SKILL.task4.md,D:\WorkBuddy\01_活跃项目\装配式装修技术专家包\临时文件\backup_20260910_task4\SKILL.task4.md,4915,a0bf4487de59dab947d28af835202eb139d11c9b7e6f27a97630034161e91ee9,temp,跳过-历史临时材料,清单及字节哈希,旧备份、一次性脚本、日志或取证图；不处于本轮现行正文审阅集合，未逐份语义审阅或执行。,与开场清单一致,a0bf4487de59dab947d28af835202eb139d11c9b7e6f27a97630034161e91ee9
WorkBuddy,临时文件\backup_20260910_task4\agents.task4.md,D:\WorkBuddy\01_活跃项目\装配式装修技术专家包\临时文件\backup_20260910_task4\agents.task4.md,11656,bffac9102fb79aeea3f880fbff54e8ea35e45fa4469464666c82fafcc5371b9e,temp,跳过-历史临时材料,清单及字节哈希,旧备份、一次性脚本、日志或取证图；不处于本轮现行正文审阅集合，未逐份语义审阅或执行。,与开场清单一致,bffac9102fb79aeea3f880fbff54e8ea35e45fa4469464666c82fafcc5371b9e
WorkBuddy,临时文件\backup_20260910_task4\ima-std.task4.md,D:\WorkBuddy\01_活跃项目\装配式装修技术专家包\临时文件\backup_20260910_task4\ima-std.task4.md,20168,3ee754bf7b9fd52324cfaf45ade82364e2d781036fe566340dd6d01a82796559,temp,跳过-历史临时材料,清单及字节哈希,旧备份、一次性脚本、日志或取证图；不处于本轮现行正文审阅集合，未逐份语义审阅或执行。,与开场清单一致,3ee754bf7b9fd52324cfaf45ade82364e2d781036fe566340dd6d01a82796559
WorkBuddy,临时文件\backup_20260910_task4\knowledge-cards-batch1.md,D:\WorkBuddy\01_活跃项目\装配式装修技术专家包\临时文件\backup_20260910_task4\knowledge-cards-batch1.md,143037,7fe0082793b66ad61bea19d8e564983955bcb18ce19b7b7329305ad63c114f95,temp,跳过-历史临时材料,清单及字节哈希,旧备份、一次性脚本、日志或取证图；不处于本轮现行正文审阅集合，未逐份语义审阅或执行。,与开场清单一致,7fe0082793b66ad61bea19d8e564983955bcb18ce19b7b7329305ad63c114f95
WorkBuddy,临时文件\backup_20260910_task4\marketplace.json,D:\WorkBuddy\01_活跃项目\装配式装修技术专家包\临时文件\backup_20260910_task4\marketplace.json,576,6f5f61bd040fc5eef11ddd0a1b06f2e2964711a5e52275bd881981a6ed559476,temp,跳过-历史临时材料,清单及字节哈希,旧备份、一次性脚本、日志或取证图；不处于本轮现行正文审阅集合，未逐份语义审阅或执行。,与开场清单一致,6f5f61bd040fc5eef11ddd0a1b06f2e2964711a5e52275bd881981a6ed559476
WorkBuddy,临时文件\backup_20260910_task4\metrics-core.task4.md,D:\WorkBuddy\01_活跃项目\装配式装修技术专家包\临时文件\backup_20260910_task4\metrics-core.task4.md,76863,a3c6935be24eebc77c1c967e5b53c4b439aca169d5efe5b5b4a79f80d9641102,temp,跳过-历史临时材料,清单及字节哈希,旧备份、一次性脚本、日志或取证图；不处于本轮现行正文审阅集合，未逐份语义审阅或执行。,与开场清单一致,a3c6935be24eebc77c1c967e5b53c4b439aca169d5efe5b5b4a79f80d9641102
WorkBuddy,临时文件\backup_20260910_task4\plugin-README.md,D:\WorkBuddy\01_活跃项目\装配式装修技术专家包\临时文件\backup_20260910_task4\plugin-README.md,9881,3c1729ab468fc37fc94fb8fee47e5c076c25f42867316479c4ba0a68f0313351,temp,跳过-历史临时材料,清单及字节哈希,旧备份、一次性脚本、日志或取证图；不处于本轮现行正文审阅集合，未逐份语义审阅或执行。,与开场清单一致,3c1729ab468fc37fc94fb8fee47e5c076c25f42867316479c4ba0a68f0313351
WorkBuddy,临时文件\backup_20260910_task4\plugin.json,D:\WorkBuddy\01_活跃项目\装配式装修技术专家包\临时文件\backup_20260910_task4\plugin.json,2312,5b0d33810a9675307491eaf48eaf37a8ac4d12a75b646468ff56975bd788410b,temp,跳过-历史临时材料,清单及字节哈希,旧备份、一次性脚本、日志或取证图；不处于本轮现行正文审阅集合，未逐份语义审阅或执行。,与开场清单一致,5b0d33810a9675307491eaf48eaf37a8ac4d12a75b646468ff56975bd788410b
WorkBuddy,临时文件\backup_20260910_task4\negtest\knowledge-cards-batch1.md,D:\WorkBuddy\01_活跃项目\装配式装修技术专家包\临时文件\backup_20260910_task4\negtest\knowledge-cards-batch1.md,143448,8b62f0add3a02587de6f6bcd1131ee07ea8a05624d8ff3f883da5036a25da1e1,temp,跳过-历史临时材料,清单及字节哈希,旧备份、一次性脚本、日志或取证图；不处于本轮现行正文审阅集合，未逐份语义审阅或执行。,与开场清单一致,8b62f0add3a02587de6f6bcd1131ee07ea8a05624d8ff3f883da5036a25da1e1
WorkBuddy,临时文件\backup_20260910_task4\negtest\plugin-README.md,D:\WorkBuddy\01_活跃项目\装配式装修技术专家包\临时文件\backup_20260910_task4\negtest\plugin-README.md,12049,928e9cc6002c3b2fda4905068c59055340f4094f04553ae0648464050a96bed6,temp,跳过-历史临时材料,清单及字节哈希,旧备份、一次性脚本、日志或取证图；不处于本轮现行正文审阅集合，未逐份语义审阅或执行。,与开场清单一致,928e9cc6002c3b2fda4905068c59055340f4094f04553ae0648464050a96bed6
WorkBuddy,临时文件\backup_20260910_task4\negtest\plugin.json,D:\WorkBuddy\01_活跃项目\装配式装修技术专家包\临时文件\backup_20260910_task4\negtest\plugin.json,2486,aac71177c811598c39b2f8aef2aafa003acca05f7eeb7c1939fa9d574fcb7198,temp,跳过-历史临时材料,清单及字节哈希,旧备份、一次性脚本、日志或取证图；不处于本轮现行正文审阅集合，未逐份语义审阅或执行。,与开场清单一致,aac71177c811598c39b2f8aef2aafa003acca05f7eeb7c1939fa9d574fcb7198
WorkBuddy,临时文件\backup_20260910_task4\runtime_1.0.0_pre\README.md,D:\WorkBuddy\01_活跃项目\装配式装修技术专家包\临时文件\backup_20260910_task4\runtime_1.0.0_pre\README.md,12050,890013cbcb5e6caee99facc06ba032a2f6ef2edf04e051356c8623115e0a88ff,temp,跳过-历史临时材料,清单及字节哈希,旧备份、一次性脚本、日志或取证图；不处于本轮现行正文审阅集合，未逐份语义审阅或执行。,与开场清单一致,890013cbcb5e6caee99facc06ba032a2f6ef2edf04e051356c8623115e0a88ff
WorkBuddy,临时文件\backup_20260910_task4\runtime_1.0.0_pre\.codebuddy-plugin\plugin.json,D:\WorkBuddy\01_活跃项目\装配式装修技术专家包\临时文件\backup_20260910_task4\runtime_1.0.0_pre\.codebuddy-plugin\plugin.json,2422,9a9c51f03b278fe0fa4bcc22ad8948b17ec594f266f6c7ad43a99a0f4cdcbf66,temp,跳过-同字节副本,全文件SHA256比对,与已列对象字节相同，未重复语义阅读；对应：WorkBuddy / 程序\prefab-interior-expert-market\plugins\prefab-interior-expert\.codebuddy-plugin\plugin.json,与开场清单一致,9a9c51f03b278fe0fa4bcc22ad8948b17ec594f266f6c7ad43a99a0f4cdcbf66
WorkBuddy,临时文件\backup_20260910_task4\runtime_1.0.0_pre\agents\prefab-interior-expert.md,D:\WorkBuddy\01_活跃项目\装配式装修技术专家包\临时文件\backup_20260910_task4\runtime_1.0.0_pre\agents\prefab-interior-expert.md,12582,1b6afb268de8bc446c13029feb09438d3b15ee534a06261f82512b7bf553fb6b,temp,跳过-历史临时材料,清单及字节哈希,旧备份、一次性脚本、日志或取证图；不处于本轮现行正文审阅集合，未逐份语义审阅或执行。,与开场清单一致,1b6afb268de8bc446c13029feb09438d3b15ee534a06261f82512b7bf553fb6b
WorkBuddy,临时文件\backup_20260910_task4\runtime_1.0.0_pre\avatars\.gitkeep,D:\WorkBuddy\01_活跃项目\装配式装修技术专家包\临时文件\backup_20260910_task4\runtime_1.0.0_pre\avatars\.gitkeep,0,e3b0c44298fc1c149afbf4c8996fb92427ae41e4649b934ca495991b7852b855,temp,跳过-同字节副本,全文件SHA256比对,与已列对象字节相同，未重复语义阅读；对应：WorkBuddy / 程序\prefab-interior-expert-market\plugins\prefab-interior-expert\avatars\.gitkeep,与开场清单一致,e3b0c44298fc1c149afbf4c8996fb92427ae41e4649b934ca495991b7852b855
WorkBuddy,临时文件\backup_20260910_task4\runtime_1.0.0_pre\avatars\expert.png,D:\WorkBuddy\01_活跃项目\装配式装修技术专家包\临时文件\backup_20260910_task4\runtime_1.0.0_pre\avatars\expert.png,458810,a2e1fde41880e5255beaf3c9e939fa3705b71f239510303db2fff1f5b40b2eaa,temp,跳过-同字节副本,全文件SHA256比对,与已列对象字节相同，未重复语义阅读；对应：WorkBuddy / 程序\prefab-interior-expert-market\plugins\prefab-interior-expert\avatars\expert.png,与开场清单一致,a2e1fde41880e5255beaf3c9e939fa3705b71f239510303db2fff1f5b40b2eaa
WorkBuddy,临时文件\backup_20260910_task4\runtime_1.0.0_pre\eval\eval-cases.md,D:\WorkBuddy\01_活跃项目\装配式装修技术专家包\临时文件\backup_20260910_task4\runtime_1.0.0_pre\eval\eval-cases.md,6648,9bf9fd819269e683fd9e1db4beb14c17ef73f1e32efd9ec8d8910f920e93415b,temp,跳过-历史临时材料,清单及字节哈希,旧备份、一次性脚本、日志或取证图；不处于本轮现行正文审阅集合，未逐份语义审阅或执行。,与开场清单一致,9bf9fd819269e683fd9e1db4beb14c17ef73f1e32efd9ec8d8910f920e93415b
WorkBuddy,临时文件\backup_20260910_task4\runtime_1.0.0_pre\eval\verify_knowledge_base.py,D:\WorkBuddy\01_活跃项目\装配式装修技术专家包\临时文件\backup_20260910_task4\runtime_1.0.0_pre\eval\verify_knowledge_base.py,13091,71640d92abb84276fa3e0774258382eaa992c61384e54443718a645b378ccc9b,temp,跳过-历史临时材料,清单及字节哈希,旧备份、一次性脚本、日志或取证图；不处于本轮现行正文审阅集合，未逐份语义审阅或执行。,与开场清单一致,71640d92abb84276fa3e0774258382eaa992c61384e54443718a645b378ccc9b
WorkBuddy,临时文件\backup_20260910_task4\runtime_1.0.0_pre\skills\prefab-interior-knowledge\SKILL.md,D:\WorkBuddy\01_活跃项目\装配式装修技术专家包\临时文件\backup_20260910_task4\runtime_1.0.0_pre\skills\prefab-interior-knowledge\SKILL.md,4931,3b30d46d828822252944f51b4bda53555bfacc61b38d2ffe509be0877813dd37,temp,跳过-历史临时材料,清单及字节哈希,旧备份、一次性脚本、日志或取证图；不处于本轮现行正文审阅集合，未逐份语义审阅或执行。,与开场清单一致,3b30d46d828822252944f51b4bda53555bfacc61b38d2ffe509be0877813dd37
WorkBuddy,临时文件\backup_20260910_task4\runtime_1.0.0_pre\skills\prefab-interior-knowledge\references\citation-discipline.md,D:\WorkBuddy\01_活跃项目\装配式装修技术专家包\临时文件\backup_20260910_task4\runtime_1.0.0_pre\skills\prefab-interior-knowledge\references\citation-discipline.md,21196,308da85b9dcd132cc11798af96000a5854d30df55ff6e40767d9588d94ef10db,temp,跳过-历史临时材料,清单及字节哈希,旧备份、一次性脚本、日志或取证图；不处于本轮现行正文审阅集合，未逐份语义审阅或执行。,与开场清单一致,308da85b9dcd132cc11798af96000a5854d30df55ff6e40767d9588d94ef10db
WorkBuddy,临时文件\backup_20260910_task4\runtime_1.0.0_pre\skills\prefab-interior-knowledge\references\decision-log.md,D:\WorkBuddy\01_活跃项目\装配式装修技术专家包\临时文件\backup_20260910_task4\runtime_1.0.0_pre\skills\prefab-interior-knowledge\references\decision-log.md,3341,8ea2b89f740c5c589e76bb73ec00f5e9554460d14391cdb2b87f7ec84220b721,temp,跳过-历史临时材料,清单及字节哈希,旧备份、一次性脚本、日志或取证图；不处于本轮现行正文审阅集合，未逐份语义审阅或执行。,与开场清单一致,8ea2b89f740c5c589e76bb73ec00f5e9554460d14391cdb2b87f7ec84220b721
WorkBuddy,临时文件\backup_20260910_task4\runtime_1.0.0_pre\skills\prefab-interior-knowledge\references\ima-standards-library.md,D:\WorkBuddy\01_活跃项目\装配式装修技术专家包\临时文件\backup_20260910_task4\runtime_1.0.0_pre\skills\prefab-interior-knowledge\references\ima-standards-library.md,44545,3a6d9d28b036a435ebaeae8b99776f3d722ba4308ace4defc6a10d19ebaa4c90,temp,跳过-历史临时材料,清单及字节哈希,旧备份、一次性脚本、日志或取证图；不处于本轮现行正文审阅集合，未逐份语义审阅或执行。,与开场清单一致,3a6d9d28b036a435ebaeae8b99776f3d722ba4308ace4defc6a10d19ebaa4c90
WorkBuddy,临时文件\backup_20260910_task4\runtime_1.0.0_pre\skills\prefab-interior-knowledge\references\knowledge-architecture.md,D:\WorkBuddy\01_活跃项目\装配式装修技术专家包\临时文件\backup_20260910_task4\runtime_1.0.0_pre\skills\prefab-interior-knowledge\references\knowledge-architecture.md,13426,0c89525b0e04a33cab6928fca9d8578e975d28f69f566e967eb20a308442fa02,temp,跳过-历史临时材料,清单及字节哈希,旧备份、一次性脚本、日志或取证图；不处于本轮现行正文审阅集合，未逐份语义审阅或执行。,与开场清单一致,0c89525b0e04a33cab6928fca9d8578e975d28f69f566e967eb20a308442fa02
WorkBuddy,临时文件\backup_20260910_task4\runtime_1.0.0_pre\skills\prefab-interior-knowledge\references\knowledge-cards-batch1.md,D:\WorkBuddy\01_活跃项目\装配式装修技术专家包\临时文件\backup_20260910_task4\runtime_1.0.0_pre\skills\prefab-interior-knowledge\references\knowledge-cards-batch1.md,154803,4c6574f73eb896ae775888779c6b99b23f1c07d4bb143804458210823e2e5ea0,temp,跳过-历史临时材料,清单及字节哈希,旧备份、一次性脚本、日志或取证图；不处于本轮现行正文审阅集合，未逐份语义审阅或执行。,与开场清单一致,4c6574f73eb896ae775888779c6b99b23f1c07d4bb143804458210823e2e5ea0
WorkBuddy,临时文件\backup_20260910_task4\runtime_1.0.0_pre\skills\prefab-interior-knowledge\references\knowledge-map.md,D:\WorkBuddy\01_活跃项目\装配式装修技术专家包\临时文件\backup_20260910_task4\runtime_1.0.0_pre\skills\prefab-interior-knowledge\references\knowledge-map.md,10539,4789ad0ec4067dba0d8ae812f067c8fd83dd2878ae68f5bf9c82af976c2c1468,temp,跳过-同字节副本,全文件SHA256比对,与已列对象字节相同，未重复语义阅读；对应：WorkBuddy / 程序\prefab-interior-expert-market\plugins\prefab-interior-expert\skills\prefab-interior-knowledge\references\knowledge-map.md,与开场清单一致,4789ad0ec4067dba0d8ae812f067c8fd83dd2878ae68f5bf9c82af976c2c1468
WorkBuddy,临时文件\backup_20260910_task4\runtime_1.0.0_pre\skills\prefab-interior-knowledge\references\methodology-playbook.md,D:\WorkBuddy\01_活跃项目\装配式装修技术专家包\临时文件\backup_20260910_task4\runtime_1.0.0_pre\skills\prefab-interior-knowledge\references\methodology-playbook.md,8670,f4d395c7dbeed1e36263982d5615ae152a8f3c1231f45429ede4c4124c1b7092,temp,跳过-历史临时材料,清单及字节哈希,旧备份、一次性脚本、日志或取证图；不处于本轮现行正文审阅集合，未逐份语义审阅或执行。,与开场清单一致,f4d395c7dbeed1e36263982d5615ae152a8f3c1231f45429ede4c4124c1b7092
WorkBuddy,临时文件\backup_20260910_task4\runtime_1.0.0_pre\skills\prefab-interior-knowledge\references\metrics-core.md,D:\WorkBuddy\01_活跃项目\装配式装修技术专家包\临时文件\backup_20260910_task4\runtime_1.0.0_pre\skills\prefab-interior-knowledge\references\metrics-core.md,167699,152a23cebca1104d2c9356ba0d7505255dbd7a4065e0ffca1d67878beec50139,temp,跳过-历史临时材料,清单及字节哈希,旧备份、一次性脚本、日志或取证图；不处于本轮现行正文审阅集合，未逐份语义审阅或执行。,与开场清单一致,152a23cebca1104d2c9356ba0d7505255dbd7a4065e0ffca1d67878beec50139
WorkBuddy,临时文件\backup_20260910_task4\runtime_1.0.0_pre\skills\prefab-interior-knowledge\references\standards-anchor.md,D:\WorkBuddy\01_活跃项目\装配式装修技术专家包\临时文件\backup_20260910_task4\runtime_1.0.0_pre\skills\prefab-interior-knowledge\references\standards-anchor.md,44648,73305c6f883a2f22841ad02dc41dd30b767948bc72c8b7070a2f5a5464914966,temp,跳过-历史临时材料,清单及字节哈希,旧备份、一次性脚本、日志或取证图；不处于本轮现行正文审阅集合，未逐份语义审阅或执行。,与开场清单一致,73305c6f883a2f22841ad02dc41dd30b767948bc72c8b7070a2f5a5464914966
WorkBuddy,临时文件\backup_20260910_task5\installed_plugins.json.bak,D:\WorkBuddy\01_活跃项目\装配式装修技术专家包\临时文件\backup_20260910_task5\installed_plugins.json.bak,18411,b428720e2630a906eab0b699b2adc263c088315311b385cdc1fc964a4e3b854c,temp,跳过-历史临时材料,清单及字节哈希,旧备份、一次性脚本、日志或取证图；不处于本轮现行正文审阅集合，未逐份语义审阅或执行。,与开场清单一致,b428720e2630a906eab0b699b2adc263c088315311b385cdc1fc964a4e3b854c
WorkBuddy,临时文件\backup_20260910_task5\eiway-experts-cache\prefab-interior-expert\1.0.0\README.md,D:\WorkBuddy\01_活跃项目\装配式装修技术专家包\临时文件\backup_20260910_task5\eiway-experts-cache\prefab-interior-expert\1.0.0\README.md,9442,4aa9fa95a5fecb6291619f35e9fce0f12cf602a9363ae3c2587fde504e776edc,temp,跳过-历史临时材料,清单及字节哈希,旧备份、一次性脚本、日志或取证图；不处于本轮现行正文审阅集合，未逐份语义审阅或执行。,与开场清单一致,4aa9fa95a5fecb6291619f35e9fce0f12cf602a9363ae3c2587fde504e776edc
WorkBuddy,临时文件\backup_20260910_task5\eiway-experts-cache\prefab-interior-expert\1.0.0\.codebuddy-plugin\plugin.json,D:\WorkBuddy\01_活跃项目\装配式装修技术专家包\临时文件\backup_20260910_task5\eiway-experts-cache\prefab-interior-expert\1.0.0\.codebuddy-plugin\plugin.json,2312,5b0d33810a9675307491eaf48eaf37a8ac4d12a75b646468ff56975bd788410b,temp,跳过-历史临时材料,清单及字节哈希,旧备份、一次性脚本、日志或取证图；不处于本轮现行正文审阅集合，未逐份语义审阅或执行。,与开场清单一致,5b0d33810a9675307491eaf48eaf37a8ac4d12a75b646468ff56975bd788410b
WorkBuddy,临时文件\backup_20260910_task5\eiway-experts-cache\prefab-interior-expert\1.0.0\agents\prefab-interior-expert.md,D:\WorkBuddy\01_活跃项目\装配式装修技术专家包\临时文件\backup_20260910_task5\eiway-experts-cache\prefab-interior-expert\1.0.0\agents\prefab-interior-expert.md,9329,76020b07b8de0b453497debc01075a86b4fe3c1a56333134b25e31e67b9eac9b,temp,跳过-历史临时材料,清单及字节哈希,旧备份、一次性脚本、日志或取证图；不处于本轮现行正文审阅集合，未逐份语义审阅或执行。,与开场清单一致,76020b07b8de0b453497debc01075a86b4fe3c1a56333134b25e31e67b9eac9b
WorkBuddy,临时文件\backup_20260910_task5\eiway-experts-cache\prefab-interior-expert\1.0.0\avatars\.gitkeep,D:\WorkBuddy\01_活跃项目\装配式装修技术专家包\临时文件\backup_20260910_task5\eiway-experts-cache\prefab-interior-expert\1.0.0\avatars\.gitkeep,0,e3b0c44298fc1c149afbf4c8996fb92427ae41e4649b934ca495991b7852b855,temp,跳过-同字节副本,全文件SHA256比对,与已列对象字节相同，未重复语义阅读；对应：WorkBuddy / 程序\prefab-interior-expert-market\plugins\prefab-interior-expert\avatars\.gitkeep,与开场清单一致,e3b0c44298fc1c149afbf4c8996fb92427ae41e4649b934ca495991b7852b855
WorkBuddy,临时文件\backup_20260910_task5\eiway-experts-cache\prefab-interior-expert\1.0.0\avatars\expert.png,D:\WorkBuddy\01_活跃项目\装配式装修技术专家包\临时文件\backup_20260910_task5\eiway-experts-cache\prefab-interior-expert\1.0.0\avatars\expert.png,458810,a2e1fde41880e5255beaf3c9e939fa3705b71f239510303db2fff1f5b40b2eaa,temp,跳过-同字节副本,全文件SHA256比对,与已列对象字节相同，未重复语义阅读；对应：WorkBuddy / 程序\prefab-interior-expert-market\plugins\prefab-interior-expert\avatars\expert.png,与开场清单一致,a2e1fde41880e5255beaf3c9e939fa3705b71f239510303db2fff1f5b40b2eaa
WorkBuddy,临时文件\backup_20260910_task5\eiway-experts-cache\prefab-interior-expert\1.0.0\skills\prefab-interior-knowledge\SKILL.md,D:\WorkBuddy\01_活跃项目\装配式装修技术专家包\临时文件\backup_20260910_task5\eiway-experts-cache\prefab-interior-expert\1.0.0\skills\prefab-interior-knowledge\SKILL.md,2644,81d1c68e4a2fe73d92dddd6b7605ff02121d236600cda03bdb80ee0ae70250ab,temp,跳过-历史临时材料,清单及字节哈希,旧备份、一次性脚本、日志或取证图；不处于本轮现行正文审阅集合，未逐份语义审阅或执行。,与开场清单一致,81d1c68e4a2fe73d92dddd6b7605ff02121d236600cda03bdb80ee0ae70250ab
WorkBuddy,临时文件\backup_20260910_task5\eiway-experts-cache\prefab-interior-expert\1.0.0\skills\prefab-interior-knowledge\references\citation-discipline.md,D:\WorkBuddy\01_活跃项目\装配式装修技术专家包\临时文件\backup_20260910_task5\eiway-experts-cache\prefab-interior-expert\1.0.0\skills\prefab-interior-knowledge\references\citation-discipline.md,9389,3843752a74dc8e2508ea60138155f5872267c39b012db541ecf46805ca26e83d,temp,跳过-历史临时材料,清单及字节哈希,旧备份、一次性脚本、日志或取证图；不处于本轮现行正文审阅集合，未逐份语义审阅或执行。,与开场清单一致,3843752a74dc8e2508ea60138155f5872267c39b012db541ecf46805ca26e83d
WorkBuddy,临时文件\backup_20260910_task5\eiway-experts-cache\prefab-interior-expert\1.0.0\skills\prefab-interior-knowledge\references\ima-standards-library.md,D:\WorkBuddy\01_活跃项目\装配式装修技术专家包\临时文件\backup_20260910_task5\eiway-experts-cache\prefab-interior-expert\1.0.0\skills\prefab-interior-knowledge\references\ima-standards-library.md,10506,e8fac2607fe65a9d305dd71ae8cbee14bca2a153613c1d6268e41dbc676c3559,temp,跳过-历史临时材料,清单及字节哈希,旧备份、一次性脚本、日志或取证图；不处于本轮现行正文审阅集合，未逐份语义审阅或执行。,与开场清单一致,e8fac2607fe65a9d305dd71ae8cbee14bca2a153613c1d6268e41dbc676c3559
WorkBuddy,临时文件\backup_20260910_task5\eiway-experts-cache\prefab-interior-expert\1.0.0\skills\prefab-interior-knowledge\references\knowledge-map.md,D:\WorkBuddy\01_活跃项目\装配式装修技术专家包\临时文件\backup_20260910_task5\eiway-experts-cache\prefab-interior-expert\1.0.0\skills\prefab-interior-knowledge\references\knowledge-map.md,10539,4789ad0ec4067dba0d8ae812f067c8fd83dd2878ae68f5bf9c82af976c2c1468,temp,跳过-同字节副本,全文件SHA256比对,与已列对象字节相同，未重复语义阅读；对应：WorkBuddy / 程序\prefab-interior-expert-market\plugins\prefab-interior-expert\skills\prefab-interior-knowledge\references\knowledge-map.md,与开场清单一致,4789ad0ec4067dba0d8ae812f067c8fd83dd2878ae68f5bf9c82af976c2c1468
WorkBuddy,临时文件\backup_20260910_task5\eiway-experts-cache\prefab-interior-expert\1.0.0\skills\prefab-interior-knowledge\references\standards-anchor.md,D:\WorkBuddy\01_活跃项目\装配式装修技术专家包\临时文件\backup_20260910_task5\eiway-experts-cache\prefab-interior-expert\1.0.0\skills\prefab-interior-knowledge\references\standards-anchor.md,19587,bd0309b212d9bbbaf60342e3ec59894d6b77ee928d82cc05e5f971e63299fe00,temp,跳过-历史临时材料,清单及字节哈希,旧备份、一次性脚本、日志或取证图；不处于本轮现行正文审阅集合，未逐份语义审阅或执行。,与开场清单一致,bd0309b212d9bbbaf60342e3ec59894d6b77ee928d82cc05e5f971e63299fe00
WorkBuddy,临时文件\backup_20260910_task6\marketplace_pre\README.md,D:\WorkBuddy\01_活跃项目\装配式装修技术专家包\临时文件\backup_20260910_task6\marketplace_pre\README.md,9675,03cd3f705b0f4c1d9d7dee52e13243e0884db49a7317299e3a7bdee342567ea5,temp,跳过-历史临时材料,清单及字节哈希,旧备份、一次性脚本、日志或取证图；不处于本轮现行正文审阅集合，未逐份语义审阅或执行。,与开场清单一致,03cd3f705b0f4c1d9d7dee52e13243e0884db49a7317299e3a7bdee342567ea5
WorkBuddy,临时文件\backup_20260910_task6\marketplace_pre\.codebuddy-plugin\plugin.json,D:\WorkBuddy\01_活跃项目\装配式装修技术专家包\临时文件\backup_20260910_task6\marketplace_pre\.codebuddy-plugin\plugin.json,2368,42b48c15bf6aa6192262b8bdca28bccd853c3a43c065973adf439d47e4f748ad,temp,跳过-历史临时材料,清单及字节哈希,旧备份、一次性脚本、日志或取证图；不处于本轮现行正文审阅集合，未逐份语义审阅或执行。,与开场清单一致,42b48c15bf6aa6192262b8bdca28bccd853c3a43c065973adf439d47e4f748ad
WorkBuddy,临时文件\backup_20260910_task6\marketplace_pre\agents\prefab-interior-expert.md,D:\WorkBuddy\01_活跃项目\装配式装修技术专家包\临时文件\backup_20260910_task6\marketplace_pre\agents\prefab-interior-expert.md,9329,76020b07b8de0b453497debc01075a86b4fe3c1a56333134b25e31e67b9eac9b,temp,跳过-历史临时材料,清单及字节哈希,旧备份、一次性脚本、日志或取证图；不处于本轮现行正文审阅集合，未逐份语义审阅或执行。,与开场清单一致,76020b07b8de0b453497debc01075a86b4fe3c1a56333134b25e31e67b9eac9b
WorkBuddy,临时文件\backup_20260910_task6\marketplace_pre\avatars\.gitkeep,D:\WorkBuddy\01_活跃项目\装配式装修技术专家包\临时文件\backup_20260910_task6\marketplace_pre\avatars\.gitkeep,0,e3b0c44298fc1c149afbf4c8996fb92427ae41e4649b934ca495991b7852b855,temp,跳过-同字节副本,全文件SHA256比对,与已列对象字节相同，未重复语义阅读；对应：WorkBuddy / 程序\prefab-interior-expert-market\plugins\prefab-interior-expert\avatars\.gitkeep,与开场清单一致,e3b0c44298fc1c149afbf4c8996fb92427ae41e4649b934ca495991b7852b855
WorkBuddy,临时文件\backup_20260910_task6\marketplace_pre\avatars\expert.png,D:\WorkBuddy\01_活跃项目\装配式装修技术专家包\临时文件\backup_20260910_task6\marketplace_pre\avatars\expert.png,458810,a2e1fde41880e5255beaf3c9e939fa3705b71f239510303db2fff1f5b40b2eaa,temp,跳过-同字节副本,全文件SHA256比对,与已列对象字节相同，未重复语义阅读；对应：WorkBuddy / 程序\prefab-interior-expert-market\plugins\prefab-interior-expert\avatars\expert.png,与开场清单一致,a2e1fde41880e5255beaf3c9e939fa3705b71f239510303db2fff1f5b40b2eaa
WorkBuddy,临时文件\backup_20260910_task6\marketplace_pre\skills\prefab-interior-knowledge\SKILL.md,D:\WorkBuddy\01_活跃项目\装配式装修技术专家包\临时文件\backup_20260910_task6\marketplace_pre\skills\prefab-interior-knowledge\SKILL.md,2644,81d1c68e4a2fe73d92dddd6b7605ff02121d236600cda03bdb80ee0ae70250ab,temp,跳过-历史临时材料,清单及字节哈希,旧备份、一次性脚本、日志或取证图；不处于本轮现行正文审阅集合，未逐份语义审阅或执行。,与开场清单一致,81d1c68e4a2fe73d92dddd6b7605ff02121d236600cda03bdb80ee0ae70250ab
WorkBuddy,临时文件\backup_20260910_task6\marketplace_pre\skills\prefab-interior-knowledge\references\citation-discipline.md,D:\WorkBuddy\01_活跃项目\装配式装修技术专家包\临时文件\backup_20260910_task6\marketplace_pre\skills\prefab-interior-knowledge\references\citation-discipline.md,9389,3843752a74dc8e2508ea60138155f5872267c39b012db541ecf46805ca26e83d,temp,跳过-历史临时材料,清单及字节哈希,旧备份、一次性脚本、日志或取证图；不处于本轮现行正文审阅集合，未逐份语义审阅或执行。,与开场清单一致,3843752a74dc8e2508ea60138155f5872267c39b012db541ecf46805ca26e83d
WorkBuddy,临时文件\backup_20260910_task6\marketplace_pre\skills\prefab-interior-knowledge\references\ima-standards-library.md,D:\WorkBuddy\01_活跃项目\装配式装修技术专家包\临时文件\backup_20260910_task6\marketplace_pre\skills\prefab-interior-knowledge\references\ima-standards-library.md,10506,e8fac2607fe65a9d305dd71ae8cbee14bca2a153613c1d6268e41dbc676c3559,temp,跳过-历史临时材料,清单及字节哈希,旧备份、一次性脚本、日志或取证图；不处于本轮现行正文审阅集合，未逐份语义审阅或执行。,与开场清单一致,e8fac2607fe65a9d305dd71ae8cbee14bca2a153613c1d6268e41dbc676c3559
WorkBuddy,临时文件\backup_20260910_task6\marketplace_pre\skills\prefab-interior-knowledge\references\knowledge-map.md,D:\WorkBuddy\01_活跃项目\装配式装修技术专家包\临时文件\backup_20260910_task6\marketplace_pre\skills\prefab-interior-knowledge\references\knowledge-map.md,10539,4789ad0ec4067dba0d8ae812f067c8fd83dd2878ae68f5bf9c82af976c2c1468,temp,跳过-同字节副本,全文件SHA256比对,与已列对象字节相同，未重复语义阅读；对应：WorkBuddy / 程序\prefab-interior-expert-market\plugins\prefab-interior-expert\skills\prefab-interior-knowledge\references\knowledge-map.md,与开场清单一致,4789ad0ec4067dba0d8ae812f067c8fd83dd2878ae68f5bf9c82af976c2c1468
WorkBuddy,临时文件\backup_20260910_task6\marketplace_pre\skills\prefab-interior-knowledge\references\standards-anchor.md,D:\WorkBuddy\01_活跃项目\装配式装修技术专家包\临时文件\backup_20260910_task6\marketplace_pre\skills\prefab-interior-knowledge\references\standards-anchor.md,19587,bd0309b212d9bbbaf60342e3ec59894d6b77ee928d82cc05e5f971e63299fe00,temp,跳过-历史临时材料,清单及字节哈希,旧备份、一次性脚本、日志或取证图；不处于本轮现行正文审阅集合，未逐份语义审阅或执行。,与开场清单一致,bd0309b212d9bbbaf60342e3ec59894d6b77ee928d82cc05e5f971e63299fe00
WorkBuddy,临时文件\backup_20260910_task7\MANIFEST.md,D:\WorkBuddy\01_活跃项目\装配式装修技术专家包\临时文件\backup_20260910_task7\MANIFEST.md,2748,584159d4b519076d366ae699044539cef1758704285d5af9d998c389284ca36e,temp,跳过-历史临时材料,清单及字节哈希,旧备份、一次性脚本、日志或取证图；不处于本轮现行正文审阅集合，未逐份语义审阅或执行。,与开场清单一致,584159d4b519076d366ae699044539cef1758704285d5af9d998c389284ca36e
WorkBuddy,临时文件\backup_20260910_task7\MANIFEST.txt,D:\WorkBuddy\01_活跃项目\装配式装修技术专家包\临时文件\backup_20260910_task7\MANIFEST.txt,1566,90c3047b4daecd0cf6a0d996b97d8e310e9b60814ac1478e92311713a61daa95,temp,跳过-历史临时材料,清单及字节哈希,旧备份、一次性脚本、日志或取证图；不处于本轮现行正文审阅集合，未逐份语义审阅或执行。,与开场清单一致,90c3047b4daecd0cf6a0d996b97d8e310e9b60814ac1478e92311713a61daa95
WorkBuddy,临时文件\backup_20260910_task7\citation-discipline.md.bak,D:\WorkBuddy\01_活跃项目\装配式装修技术专家包\临时文件\backup_20260910_task7\citation-discipline.md.bak,15808,9a9956480a5df2feba547da6d7af7a99c2ee6c0691e61e61a6f55bad28625026,temp,跳过-历史临时材料,清单及字节哈希,旧备份、一次性脚本、日志或取证图；不处于本轮现行正文审阅集合，未逐份语义审阅或执行。,与开场清单一致,9a9956480a5df2feba547da6d7af7a99c2ee6c0691e61e61a6f55bad28625026
WorkBuddy,临时文件\backup_20260910_task7\ima-standards-library.md.bak,D:\WorkBuddy\01_活跃项目\装配式装修技术专家包\临时文件\backup_20260910_task7\ima-standards-library.md.bak,20572,a627bd2982bd7230f09fac7f5e6b681cfe3e86759a35f76c34a81235a4b4a103,temp,跳过-历史临时材料,清单及字节哈希,旧备份、一次性脚本、日志或取证图；不处于本轮现行正文审阅集合，未逐份语义审阅或执行。,与开场清单一致,a627bd2982bd7230f09fac7f5e6b681cfe3e86759a35f76c34a81235a4b4a103
WorkBuddy,临时文件\backup_20260910_task7\ima私有ID表_v1.0.json.bak,D:\WorkBuddy\01_活跃项目\装配式装修技术专家包\临时文件\backup_20260910_task7\ima私有ID表_v1.0.json.bak,2628,fd2f4447c1aa68fa9bd016aa6c638419a86bdbc556fbb23d50dd663ea37a8ccd,temp,跳过-历史临时材料,清单及字节哈希,旧备份、一次性脚本、日志或取证图；不处于本轮现行正文审阅集合，未逐份语义审阅或执行。,与开场清单一致,fd2f4447c1aa68fa9bd016aa6c638419a86bdbc556fbb23d50dd663ea37a8ccd
WorkBuddy,临时文件\backup_20260910_task7\knowledge-cards-batch1.md.bak,D:\WorkBuddy\01_活跃项目\装配式装修技术专家包\临时文件\backup_20260910_task7\knowledge-cards-batch1.md.bak,143729,3ee0acef986ecc86fa2aa784bd19832bc3c49bfbaddbcc0b1a17e42354b2a5d5,temp,跳过-历史临时材料,清单及字节哈希,旧备份、一次性脚本、日志或取证图；不处于本轮现行正文审阅集合，未逐份语义审阅或执行。,与开场清单一致,3ee0acef986ecc86fa2aa784bd19832bc3c49bfbaddbcc0b1a17e42354b2a5d5
WorkBuddy,临时文件\backup_20260910_task7\metrics-core.md.bak,D:\WorkBuddy\01_活跃项目\装配式装修技术专家包\临时文件\backup_20260910_task7\metrics-core.md.bak,76118,d1892d78c2c5368d99c0e071e69edf21dd6e76e30d190df2a66ec1cca96b4451,temp,跳过-历史临时材料,清单及字节哈希,旧备份、一次性脚本、日志或取证图；不处于本轮现行正文审阅集合，未逐份语义审阅或执行。,与开场清单一致,d1892d78c2c5368d99c0e071e69edf21dd6e76e30d190df2a66ec1cca96b4451
WorkBuddy,临时文件\backup_20260910_task7\standards-anchor.md.bak,D:\WorkBuddy\01_活跃项目\装配式装修技术专家包\临时文件\backup_20260910_task7\standards-anchor.md.bak,36685,a6f678e55a992b8224d15cc7b5377207d67b60dd3caf8846a943dd88554be7e9,temp,跳过-历史临时材料,清单及字节哈希,旧备份、一次性脚本、日志或取证图；不处于本轮现行正文审阅集合，未逐份语义审阅或执行。,与开场清单一致,a6f678e55a992b8224d15cc7b5377207d67b60dd3caf8846a943dd88554be7e9
WorkBuddy,临时文件\backup_20260910_task8\MANIFEST.md,D:\WorkBuddy\01_活跃项目\装配式装修技术专家包\临时文件\backup_20260910_task8\MANIFEST.md,1592,90574bf9a5e93adba6051ff5e0af25a12f73a570b566ec2ca67f22dcf54e9222,temp,跳过-历史临时材料,清单及字节哈希,旧备份、一次性脚本、日志或取证图；不处于本轮现行正文审阅集合，未逐份语义审阅或执行。,与开场清单一致,90574bf9a5e93adba6051ff5e0af25a12f73a570b566ec2ca67f22dcf54e9222
WorkBuddy,临时文件\backup_20260910_task8\ima-standards-library.md.bak,D:\WorkBuddy\01_活跃项目\装配式装修技术专家包\临时文件\backup_20260910_task8\ima-standards-library.md.bak,22404,7456f8538831032b4e8dc65a738350dd18ca85cab3162bb4788a321627f00aba,temp,跳过-历史临时材料,清单及字节哈希,旧备份、一次性脚本、日志或取证图；不处于本轮现行正文审阅集合，未逐份语义审阅或执行。,与开场清单一致,7456f8538831032b4e8dc65a738350dd18ca85cab3162bb4788a321627f00aba
WorkBuddy,临时文件\backup_20260910_task8\knowledge-cards-batch1.md.bak,D:\WorkBuddy\01_活跃项目\装配式装修技术专家包\临时文件\backup_20260910_task8\knowledge-cards-batch1.md.bak,145267,83be3b98e3469ee62adc7e8fc10306d8d4ecc1c75fb105bd4caa8890f2f5fb7b,temp,跳过-历史临时材料,清单及字节哈希,旧备份、一次性脚本、日志或取证图；不处于本轮现行正文审阅集合，未逐份语义审阅或执行。,与开场清单一致,83be3b98e3469ee62adc7e8fc10306d8d4ecc1c75fb105bd4caa8890f2f5fb7b
WorkBuddy,临时文件\backup_20260910_task8\metrics-core.md.bak,D:\WorkBuddy\01_活跃项目\装配式装修技术专家包\临时文件\backup_20260910_task8\metrics-core.md.bak,79812,d919acb6f27374182e3047e2d303da128b67359521a67d27bfbdf1f3dc804b3f,temp,跳过-历史临时材料,清单及字节哈希,旧备份、一次性脚本、日志或取证图；不处于本轮现行正文审阅集合，未逐份语义审阅或执行。,与开场清单一致,d919acb6f27374182e3047e2d303da128b67359521a67d27bfbdf1f3dc804b3f
WorkBuddy,临时文件\backup_20260910_task8\standards-anchor.md.bak,D:\WorkBuddy\01_活跃项目\装配式装修技术专家包\临时文件\backup_20260910_task8\standards-anchor.md.bak,37606,748048b7874e07af53c34a1f24edf697ea3baf7e634554b5f00bfd64979e9096,temp,跳过-历史临时材料,清单及字节哈希,旧备份、一次性脚本、日志或取证图；不处于本轮现行正文审阅集合，未逐份语义审阅或执行。,与开场清单一致,748048b7874e07af53c34a1f24edf697ea3baf7e634554b5f00bfd64979e9096
WorkBuddy,临时文件\backup_20260910_task8\runtime_pre\README.md,D:\WorkBuddy\01_活跃项目\装配式装修技术专家包\临时文件\backup_20260910_task8\runtime_pre\README.md,12049,928e9cc6002c3b2fda4905068c59055340f4094f04553ae0648464050a96bed6,temp,跳过-历史临时材料,清单及字节哈希,旧备份、一次性脚本、日志或取证图；不处于本轮现行正文审阅集合，未逐份语义审阅或执行。,与开场清单一致,928e9cc6002c3b2fda4905068c59055340f4094f04553ae0648464050a96bed6
WorkBuddy,临时文件\backup_20260910_task8\runtime_pre\.codebuddy-plugin\plugin.json,D:\WorkBuddy\01_活跃项目\装配式装修技术专家包\临时文件\backup_20260910_task8\runtime_pre\.codebuddy-plugin\plugin.json,2422,9a9c51f03b278fe0fa4bcc22ad8948b17ec594f266f6c7ad43a99a0f4cdcbf66,temp,跳过-同字节副本,全文件SHA256比对,与已列对象字节相同，未重复语义阅读；对应：WorkBuddy / 程序\prefab-interior-expert-market\plugins\prefab-interior-expert\.codebuddy-plugin\plugin.json,与开场清单一致,9a9c51f03b278fe0fa4bcc22ad8948b17ec594f266f6c7ad43a99a0f4cdcbf66
WorkBuddy,临时文件\backup_20260910_task8\runtime_pre\agents\prefab-interior-expert.md,D:\WorkBuddy\01_活跃项目\装配式装修技术专家包\临时文件\backup_20260910_task8\runtime_pre\agents\prefab-interior-expert.md,12582,1b6afb268de8bc446c13029feb09438d3b15ee534a06261f82512b7bf553fb6b,temp,跳过-历史临时材料,清单及字节哈希,旧备份、一次性脚本、日志或取证图；不处于本轮现行正文审阅集合，未逐份语义审阅或执行。,与开场清单一致,1b6afb268de8bc446c13029feb09438d3b15ee534a06261f82512b7bf553fb6b
WorkBuddy,临时文件\backup_20260910_task8\runtime_pre\avatars\.gitkeep,D:\WorkBuddy\01_活跃项目\装配式装修技术专家包\临时文件\backup_20260910_task8\runtime_pre\avatars\.gitkeep,0,e3b0c44298fc1c149afbf4c8996fb92427ae41e4649b934ca495991b7852b855,temp,跳过-同字节副本,全文件SHA256比对,与已列对象字节相同，未重复语义阅读；对应：WorkBuddy / 程序\prefab-interior-expert-market\plugins\prefab-interior-expert\avatars\.gitkeep,与开场清单一致,e3b0c44298fc1c149afbf4c8996fb92427ae41e4649b934ca495991b7852b855
WorkBuddy,临时文件\backup_20260910_task8\runtime_pre\avatars\expert.png,D:\WorkBuddy\01_活跃项目\装配式装修技术专家包\临时文件\backup_20260910_task8\runtime_pre\avatars\expert.png,458810,a2e1fde41880e5255beaf3c9e939fa3705b71f239510303db2fff1f5b40b2eaa,temp,跳过-同字节副本,全文件SHA256比对,与已列对象字节相同，未重复语义阅读；对应：WorkBuddy / 程序\prefab-interior-expert-market\plugins\prefab-interior-expert\avatars\expert.png,与开场清单一致,a2e1fde41880e5255beaf3c9e939fa3705b71f239510303db2fff1f5b40b2eaa
WorkBuddy,临时文件\backup_20260910_task8\runtime_pre\eval\eval-cases.md,D:\WorkBuddy\01_活跃项目\装配式装修技术专家包\临时文件\backup_20260910_task8\runtime_pre\eval\eval-cases.md,2800,ea165378ae6ab9bb1431d839f1af1f16719b7b48f38a3aa56552cf7908022c22,temp,跳过-历史临时材料,清单及字节哈希,旧备份、一次性脚本、日志或取证图；不处于本轮现行正文审阅集合，未逐份语义审阅或执行。,与开场清单一致,ea165378ae6ab9bb1431d839f1af1f16719b7b48f38a3aa56552cf7908022c22
WorkBuddy,临时文件\backup_20260910_task8\runtime_pre\eval\verify_knowledge_base.py,D:\WorkBuddy\01_活跃项目\装配式装修技术专家包\临时文件\backup_20260910_task8\runtime_pre\eval\verify_knowledge_base.py,9991,4e76cf166964c07010b0a960bb3f7d4ce3a2bd85854bc6f0cff2a2fa4c265582,temp,跳过-历史临时材料,清单及字节哈希,旧备份、一次性脚本、日志或取证图；不处于本轮现行正文审阅集合，未逐份语义审阅或执行。,与开场清单一致,4e76cf166964c07010b0a960bb3f7d4ce3a2bd85854bc6f0cff2a2fa4c265582
WorkBuddy,临时文件\backup_20260910_task8\runtime_pre\skills\prefab-interior-knowledge\SKILL.md,D:\WorkBuddy\01_活跃项目\装配式装修技术专家包\临时文件\backup_20260910_task8\runtime_pre\skills\prefab-interior-knowledge\SKILL.md,4930,a8f4b0348872bbf94243badc858f2d7e32dd335b4794e1d0e4a00fc6b855adca,temp,跳过-历史临时材料,清单及字节哈希,旧备份、一次性脚本、日志或取证图；不处于本轮现行正文审阅集合，未逐份语义审阅或执行。,与开场清单一致,a8f4b0348872bbf94243badc858f2d7e32dd335b4794e1d0e4a00fc6b855adca
WorkBuddy,临时文件\backup_20260910_task8\runtime_pre\skills\prefab-interior-knowledge\references\citation-discipline.md,D:\WorkBuddy\01_活跃项目\装配式装修技术专家包\临时文件\backup_20260910_task8\runtime_pre\skills\prefab-interior-knowledge\references\citation-discipline.md,15624,19454598ee7478af2ba5901a7f348454291a4fec826e1215af46e7d3850aa4c1,temp,跳过-历史临时材料,清单及字节哈希,旧备份、一次性脚本、日志或取证图；不处于本轮现行正文审阅集合，未逐份语义审阅或执行。,与开场清单一致,19454598ee7478af2ba5901a7f348454291a4fec826e1215af46e7d3850aa4c1
WorkBuddy,临时文件\backup_20260910_task8\runtime_pre\skills\prefab-interior-knowledge\references\decision-log.md,D:\WorkBuddy\01_活跃项目\装配式装修技术专家包\临时文件\backup_20260910_task8\runtime_pre\skills\prefab-interior-knowledge\references\decision-log.md,3341,8ea2b89f740c5c589e76bb73ec00f5e9554460d14391cdb2b87f7ec84220b721,temp,跳过-历史临时材料,清单及字节哈希,旧备份、一次性脚本、日志或取证图；不处于本轮现行正文审阅集合，未逐份语义审阅或执行。,与开场清单一致,8ea2b89f740c5c589e76bb73ec00f5e9554460d14391cdb2b87f7ec84220b721
WorkBuddy,临时文件\backup_20260910_task8\runtime_pre\skills\prefab-interior-knowledge\references\ima-standards-library.md,D:\WorkBuddy\01_活跃项目\装配式装修技术专家包\临时文件\backup_20260910_task8\runtime_pre\skills\prefab-interior-knowledge\references\ima-standards-library.md,20898,dbda21a9d307d23e3bbb8345402ffd5e4a318588dedc4dc662072a686cd5c62d,temp,跳过-历史临时材料,清单及字节哈希,旧备份、一次性脚本、日志或取证图；不处于本轮现行正文审阅集合，未逐份语义审阅或执行。,与开场清单一致,dbda21a9d307d23e3bbb8345402ffd5e4a318588dedc4dc662072a686cd5c62d
WorkBuddy,临时文件\backup_20260910_task8\runtime_pre\skills\prefab-interior-knowledge\references\knowledge-architecture.md,D:\WorkBuddy\01_活跃项目\装配式装修技术专家包\临时文件\backup_20260910_task8\runtime_pre\skills\prefab-interior-knowledge\references\knowledge-architecture.md,13426,6fcbc82b0092e8ae171815d9a0cca85c927450ccd434d8fb1bf0f0c455de9b1b,temp,跳过-历史临时材料,清单及字节哈希,旧备份、一次性脚本、日志或取证图；不处于本轮现行正文审阅集合，未逐份语义审阅或执行。,与开场清单一致,6fcbc82b0092e8ae171815d9a0cca85c927450ccd434d8fb1bf0f0c455de9b1b
WorkBuddy,临时文件\backup_20260910_task8\runtime_pre\skills\prefab-interior-knowledge\references\knowledge-cards-batch1.md,D:\WorkBuddy\01_活跃项目\装配式装修技术专家包\临时文件\backup_20260910_task8\runtime_pre\skills\prefab-interior-knowledge\references\knowledge-cards-batch1.md,143101,ba1da284671bc794a483402befa362b91785253f4a2b0fc44e42e9555c278eef,temp,跳过-历史临时材料,清单及字节哈希,旧备份、一次性脚本、日志或取证图；不处于本轮现行正文审阅集合，未逐份语义审阅或执行。,与开场清单一致,ba1da284671bc794a483402befa362b91785253f4a2b0fc44e42e9555c278eef
WorkBuddy,临时文件\backup_20260910_task8\runtime_pre\skills\prefab-interior-knowledge\references\knowledge-map.md,D:\WorkBuddy\01_活跃项目\装配式装修技术专家包\临时文件\backup_20260910_task8\runtime_pre\skills\prefab-interior-knowledge\references\knowledge-map.md,10539,4789ad0ec4067dba0d8ae812f067c8fd83dd2878ae68f5bf9c82af976c2c1468,temp,跳过-同字节副本,全文件SHA256比对,与已列对象字节相同，未重复语义阅读；对应：WorkBuddy / 程序\prefab-interior-expert-market\plugins\prefab-interior-expert\skills\prefab-interior-knowledge\references\knowledge-map.md,与开场清单一致,4789ad0ec4067dba0d8ae812f067c8fd83dd2878ae68f5bf9c82af976c2c1468
WorkBuddy,临时文件\backup_20260910_task8\runtime_pre\skills\prefab-interior-knowledge\references\methodology-playbook.md,D:\WorkBuddy\01_活跃项目\装配式装修技术专家包\临时文件\backup_20260910_task8\runtime_pre\skills\prefab-interior-knowledge\references\methodology-playbook.md,8670,f4d395c7dbeed1e36263982d5615ae152a8f3c1231f45429ede4c4124c1b7092,temp,跳过-历史临时材料,清单及字节哈希,旧备份、一次性脚本、日志或取证图；不处于本轮现行正文审阅集合，未逐份语义审阅或执行。,与开场清单一致,f4d395c7dbeed1e36263982d5615ae152a8f3c1231f45429ede4c4124c1b7092
WorkBuddy,临时文件\backup_20260910_task8\runtime_pre\skills\prefab-interior-knowledge\references\metrics-core.md,D:\WorkBuddy\01_活跃项目\装配式装修技术专家包\临时文件\backup_20260910_task8\runtime_pre\skills\prefab-interior-knowledge\references\metrics-core.md,75838,41543f36aa60987521af12d92e2eaad9192997b02c54abcca655b15384ca3851,temp,跳过-历史临时材料,清单及字节哈希,旧备份、一次性脚本、日志或取证图；不处于本轮现行正文审阅集合，未逐份语义审阅或执行。,与开场清单一致,41543f36aa60987521af12d92e2eaad9192997b02c54abcca655b15384ca3851
WorkBuddy,临时文件\backup_20260910_task8\runtime_pre\skills\prefab-interior-knowledge\references\standards-anchor.md,D:\WorkBuddy\01_活跃项目\装配式装修技术专家包\临时文件\backup_20260910_task8\runtime_pre\skills\prefab-interior-knowledge\references\standards-anchor.md,36377,200bd893efe20c8f5ef335eb9826af82390a122d67138ab38bc845c2a658f84c,temp,跳过-历史临时材料,清单及字节哈希,旧备份、一次性脚本、日志或取证图；不处于本轮现行正文审阅集合，未逐份语义审阅或执行。,与开场清单一致,200bd893efe20c8f5ef335eb9826af82390a122d67138ab38bc845c2a658f84c
WorkBuddy,临时文件\backup_20260910_task9\citation-discipline.md.bak,D:\WorkBuddy\01_活跃项目\装配式装修技术专家包\临时文件\backup_20260910_task9\citation-discipline.md.bak,17027,4f657e9c154a5fed87c7110f9413c9d557254cbe52c0bfa162b92f64b163d25a,temp,跳过-历史临时材料,清单及字节哈希,旧备份、一次性脚本、日志或取证图；不处于本轮现行正文审阅集合，未逐份语义审阅或执行。,与开场清单一致,4f657e9c154a5fed87c7110f9413c9d557254cbe52c0bfa162b92f64b163d25a
WorkBuddy,临时文件\backup_20260910_task9\ima-standards-library.md.bak,D:\WorkBuddy\01_活跃项目\装配式装修技术专家包\临时文件\backup_20260910_task9\ima-standards-library.md.bak,24944,ab9a5c3c944f2033b9c3b83771dae7b0e4911424cc02a23926e39df8f8217589,temp,跳过-历史临时材料,清单及字节哈希,旧备份、一次性脚本、日志或取证图；不处于本轮现行正文审阅集合，未逐份语义审阅或执行。,与开场清单一致,ab9a5c3c944f2033b9c3b83771dae7b0e4911424cc02a23926e39df8f8217589
WorkBuddy,临时文件\backup_20260910_task9\ima私有ID表_v1.0.json.bak,D:\WorkBuddy\01_活跃项目\装配式装修技术专家包\临时文件\backup_20260910_task9\ima私有ID表_v1.0.json.bak,2745,4913d3646c93adb916fb7053423082a8ea1c43be54f9fd53cffd3acc4ef46d4d,temp,跳过-历史临时材料,清单及字节哈希,旧备份、一次性脚本、日志或取证图；不处于本轮现行正文审阅集合，未逐份语义审阅或执行。,与开场清单一致,4913d3646c93adb916fb7053423082a8ea1c43be54f9fd53cffd3acc4ef46d4d
WorkBuddy,临时文件\backup_20260910_task9\knowledge-cards-batch1.md.bak,D:\WorkBuddy\01_活跃项目\装配式装修技术专家包\临时文件\backup_20260910_task9\knowledge-cards-batch1.md.bak,148323,1c305410b3c66536ce6b9f93cc6bcc2f11f71b02583e62222aa117cf0d5c022e,temp,跳过-历史临时材料,清单及字节哈希,旧备份、一次性脚本、日志或取证图；不处于本轮现行正文审阅集合，未逐份语义审阅或执行。,与开场清单一致,1c305410b3c66536ce6b9f93cc6bcc2f11f71b02583e62222aa117cf0d5c022e
WorkBuddy,临时文件\backup_20260910_task9\metrics-core.md.bak,D:\WorkBuddy\01_活跃项目\装配式装修技术专家包\临时文件\backup_20260910_task9\metrics-core.md.bak,90208,096ee7d8e8eebee6fa67e5b930fa7ef2002a948b03db8c0a5df53ecb1324fdbb,temp,跳过-历史临时材料,清单及字节哈希,旧备份、一次性脚本、日志或取证图；不处于本轮现行正文审阅集合，未逐份语义审阅或执行。,与开场清单一致,096ee7d8e8eebee6fa67e5b930fa7ef2002a948b03db8c0a5df53ecb1324fdbb
WorkBuddy,临时文件\backup_20260910_task9\standards-anchor.md.bak,D:\WorkBuddy\01_活跃项目\装配式装修技术专家包\临时文件\backup_20260910_task9\standards-anchor.md.bak,39241,e489d81b8120a492d3578ac7cf5596d1d910b48d35dae098f4745f77abaebd97,temp,跳过-历史临时材料,清单及字节哈希,旧备份、一次性脚本、日志或取证图；不处于本轮现行正文审阅集合，未逐份语义审阅或执行。,与开场清单一致,e489d81b8120a492d3578ac7cf5596d1d910b48d35dae098f4745f77abaebd97
WorkBuddy,临时文件\backup_B0_20260911_094504\prefab-interior-expert\README.md,D:\WorkBuddy\01_活跃项目\装配式装修技术专家包\临时文件\backup_B0_20260911_094504\prefab-interior-expert\README.md,12050,890013cbcb5e6caee99facc06ba032a2f6ef2edf04e051356c8623115e0a88ff,temp,跳过-历史临时材料,清单及字节哈希,旧备份、一次性脚本、日志或取证图；不处于本轮现行正文审阅集合，未逐份语义审阅或执行。,与开场清单一致,890013cbcb5e6caee99facc06ba032a2f6ef2edf04e051356c8623115e0a88ff
WorkBuddy,临时文件\backup_B0_20260911_094504\prefab-interior-expert\.codebuddy-plugin\plugin.json,D:\WorkBuddy\01_活跃项目\装配式装修技术专家包\临时文件\backup_B0_20260911_094504\prefab-interior-expert\.codebuddy-plugin\plugin.json,2486,aac71177c811598c39b2f8aef2aafa003acca05f7eeb7c1939fa9d574fcb7198,temp,跳过-历史临时材料,清单及字节哈希,旧备份、一次性脚本、日志或取证图；不处于本轮现行正文审阅集合，未逐份语义审阅或执行。,与开场清单一致,aac71177c811598c39b2f8aef2aafa003acca05f7eeb7c1939fa9d574fcb7198
WorkBuddy,临时文件\backup_B0_20260911_094504\prefab-interior-expert\agents\prefab-interior-expert.md,D:\WorkBuddy\01_活跃项目\装配式装修技术专家包\临时文件\backup_B0_20260911_094504\prefab-interior-expert\agents\prefab-interior-expert.md,13307,6f5ec9d657b356465277d2da8a6030bc5a0b4145e3e05596ec3bcd06697998ee,temp,跳过-历史临时材料,清单及字节哈希,旧备份、一次性脚本、日志或取证图；不处于本轮现行正文审阅集合，未逐份语义审阅或执行。,与开场清单一致,6f5ec9d657b356465277d2da8a6030bc5a0b4145e3e05596ec3bcd06697998ee
WorkBuddy,临时文件\backup_B0_20260911_094504\prefab-interior-expert\avatars\.gitkeep,D:\WorkBuddy\01_活跃项目\装配式装修技术专家包\临时文件\backup_B0_20260911_094504\prefab-interior-expert\avatars\.gitkeep,0,e3b0c44298fc1c149afbf4c8996fb92427ae41e4649b934ca495991b7852b855,temp,跳过-同字节副本,全文件SHA256比对,与已列对象字节相同，未重复语义阅读；对应：WorkBuddy / 程序\prefab-interior-expert-market\plugins\prefab-interior-expert\avatars\.gitkeep,与开场清单一致,e3b0c44298fc1c149afbf4c8996fb92427ae41e4649b934ca495991b7852b855
WorkBuddy,临时文件\backup_B0_20260911_094504\prefab-interior-expert\avatars\expert.png,D:\WorkBuddy\01_活跃项目\装配式装修技术专家包\临时文件\backup_B0_20260911_094504\prefab-interior-expert\avatars\expert.png,458810,a2e1fde41880e5255beaf3c9e939fa3705b71f239510303db2fff1f5b40b2eaa,temp,跳过-同字节副本,全文件SHA256比对,与已列对象字节相同，未重复语义阅读；对应：WorkBuddy / 程序\prefab-interior-expert-market\plugins\prefab-interior-expert\avatars\expert.png,与开场清单一致,a2e1fde41880e5255beaf3c9e939fa3705b71f239510303db2fff1f5b40b2eaa
WorkBuddy,临时文件\backup_B0_20260911_094504\prefab-interior-expert\eval\eval-cases.md,D:\WorkBuddy\01_活跃项目\装配式装修技术专家包\临时文件\backup_B0_20260911_094504\prefab-interior-expert\eval\eval-cases.md,7262,800a8b5b2e052141fb9f79381cd91128f113d57ca65f83b098f59f627fab4ade,temp,跳过-历史临时材料,清单及字节哈希,旧备份、一次性脚本、日志或取证图；不处于本轮现行正文审阅集合，未逐份语义审阅或执行。,与开场清单一致,800a8b5b2e052141fb9f79381cd91128f113d57ca65f83b098f59f627fab4ade
WorkBuddy,临时文件\backup_B0_20260911_094504\prefab-interior-expert\eval\verify_knowledge_base.py,D:\WorkBuddy\01_活跃项目\装配式装修技术专家包\临时文件\backup_B0_20260911_094504\prefab-interior-expert\eval\verify_knowledge_base.py,21303,d11ed863dfb0bd0a2c78b93eb07af63b1cfed3fc749cf016650fc1f50ebce31e,temp,跳过-历史临时材料,清单及字节哈希,旧备份、一次性脚本、日志或取证图；不处于本轮现行正文审阅集合，未逐份语义审阅或执行。,与开场清单一致,d11ed863dfb0bd0a2c78b93eb07af63b1cfed3fc749cf016650fc1f50ebce31e
WorkBuddy,临时文件\backup_B0_20260911_094504\prefab-interior-expert\skills\prefab-interior-knowledge\SKILL.md,D:\WorkBuddy\01_活跃项目\装配式装修技术专家包\临时文件\backup_B0_20260911_094504\prefab-interior-expert\skills\prefab-interior-knowledge\SKILL.md,4971,3254393fa07d68a1574b7b310e4c76192cff1559830f32a9f0e30e2f7a5545ad,temp,跳过-历史临时材料,清单及字节哈希,旧备份、一次性脚本、日志或取证图；不处于本轮现行正文审阅集合，未逐份语义审阅或执行。,与开场清单一致,3254393fa07d68a1574b7b310e4c76192cff1559830f32a9f0e30e2f7a5545ad
WorkBuddy,临时文件\backup_B0_20260911_094504\prefab-interior-expert\skills\prefab-interior-knowledge\references\citation-discipline.md,D:\WorkBuddy\01_活跃项目\装配式装修技术专家包\临时文件\backup_B0_20260911_094504\prefab-interior-expert\skills\prefab-interior-knowledge\references\citation-discipline.md,22324,caa8e4a8fd7bf2add60c2f050c6dbe0b9f743f46909111e1099fd3057e7b2715,temp,跳过-历史临时材料,清单及字节哈希,旧备份、一次性脚本、日志或取证图；不处于本轮现行正文审阅集合，未逐份语义审阅或执行。,与开场清单一致,caa8e4a8fd7bf2add60c2f050c6dbe0b9f743f46909111e1099fd3057e7b2715
WorkBuddy,临时文件\backup_B0_20260911_094504\prefab-interior-expert\skills\prefab-interior-knowledge\references\decision-log.md,D:\WorkBuddy\01_活跃项目\装配式装修技术专家包\临时文件\backup_B0_20260911_094504\prefab-interior-expert\skills\prefab-interior-knowledge\references\decision-log.md,5000,ab295da7c31da0b261ad5263001bc94c1d83fe23064fb8acaeda76649515890b,temp,跳过-历史临时材料,清单及字节哈希,旧备份、一次性脚本、日志或取证图；不处于本轮现行正文审阅集合，未逐份语义审阅或执行。,与开场清单一致,ab295da7c31da0b261ad5263001bc94c1d83fe23064fb8acaeda76649515890b
WorkBuddy,临时文件\backup_B0_20260911_094504\prefab-interior-expert\skills\prefab-interior-knowledge\references\ima-standards-library.md,D:\WorkBuddy\01_活跃项目\装配式装修技术专家包\临时文件\backup_B0_20260911_094504\prefab-interior-expert\skills\prefab-interior-knowledge\references\ima-standards-library.md,45154,9a75fa73903b8d4aaa71ea0fa9768ca9e930b6ab6c5bf72bbebd7f130fceee82,temp,跳过-同字节副本,全文件SHA256比对,与已列对象字节相同，未重复语义阅读；对应：WorkBuddy / 程序\prefab-interior-expert-market\plugins\prefab-interior-expert\skills\prefab-interior-knowledge\references\ima-standards-library.md,与开场清单一致,9a75fa73903b8d4aaa71ea0fa9768ca9e930b6ab6c5bf72bbebd7f130fceee82
WorkBuddy,临时文件\backup_B0_20260911_094504\prefab-interior-expert\skills\prefab-interior-knowledge\references\knowledge-architecture.md,D:\WorkBuddy\01_活跃项目\装配式装修技术专家包\临时文件\backup_B0_20260911_094504\prefab-interior-expert\skills\prefab-interior-knowledge\references\knowledge-architecture.md,13843,7a2ae8280c1f0c8f800f4abf38dfa7b5b5791043b8333c1eb14f7fc601b22c24,temp,跳过-历史临时材料,清单及字节哈希,旧备份、一次性脚本、日志或取证图；不处于本轮现行正文审阅集合，未逐份语义审阅或执行。,与开场清单一致,7a2ae8280c1f0c8f800f4abf38dfa7b5b5791043b8333c1eb14f7fc601b22c24
WorkBuddy,临时文件\backup_B0_20260911_094504\prefab-interior-expert\skills\prefab-interior-knowledge\references\knowledge-cards-batch1.md,D:\WorkBuddy\01_活跃项目\装配式装修技术专家包\临时文件\backup_B0_20260911_094504\prefab-interior-expert\skills\prefab-interior-knowledge\references\knowledge-cards-batch1.md,155148,c2ee37ca94fa8443417607dfe183a3f5bbce5a542aded59f7431b2beb17d3d87,temp,跳过-历史临时材料,清单及字节哈希,旧备份、一次性脚本、日志或取证图；不处于本轮现行正文审阅集合，未逐份语义审阅或执行。,与开场清单一致,c2ee37ca94fa8443417607dfe183a3f5bbce5a542aded59f7431b2beb17d3d87
WorkBuddy,临时文件\backup_B0_20260911_094504\prefab-interior-expert\skills\prefab-interior-knowledge\references\knowledge-map.md,D:\WorkBuddy\01_活跃项目\装配式装修技术专家包\临时文件\backup_B0_20260911_094504\prefab-interior-expert\skills\prefab-interior-knowledge\references\knowledge-map.md,10539,4789ad0ec4067dba0d8ae812f067c8fd83dd2878ae68f5bf9c82af976c2c1468,temp,跳过-同字节副本,全文件SHA256比对,与已列对象字节相同，未重复语义阅读；对应：WorkBuddy / 程序\prefab-interior-expert-market\plugins\prefab-interior-expert\skills\prefab-interior-knowledge\references\knowledge-map.md,与开场清单一致,4789ad0ec4067dba0d8ae812f067c8fd83dd2878ae68f5bf9c82af976c2c1468
WorkBuddy,临时文件\backup_B0_20260911_094504\prefab-interior-expert\skills\prefab-interior-knowledge\references\methodology-playbook.md,D:\WorkBuddy\01_活跃项目\装配式装修技术专家包\临时文件\backup_B0_20260911_094504\prefab-interior-expert\skills\prefab-interior-knowledge\references\methodology-playbook.md,8670,f4d395c7dbeed1e36263982d5615ae152a8f3c1231f45429ede4c4124c1b7092,temp,跳过-历史临时材料,清单及字节哈希,旧备份、一次性脚本、日志或取证图；不处于本轮现行正文审阅集合，未逐份语义审阅或执行。,与开场清单一致,f4d395c7dbeed1e36263982d5615ae152a8f3c1231f45429ede4c4124c1b7092
WorkBuddy,临时文件\backup_B0_20260911_094504\prefab-interior-expert\skills\prefab-interior-knowledge\references\metrics-core.md,D:\WorkBuddy\01_活跃项目\装配式装修技术专家包\临时文件\backup_B0_20260911_094504\prefab-interior-expert\skills\prefab-interior-knowledge\references\metrics-core.md,174151,efa1598ed5e618f9fe92845b5396b23c415509e7f0b681fb3d18bed5f8dfa05e,temp,跳过-历史临时材料,清单及字节哈希,旧备份、一次性脚本、日志或取证图；不处于本轮现行正文审阅集合，未逐份语义审阅或执行。,与开场清单一致,efa1598ed5e618f9fe92845b5396b23c415509e7f0b681fb3d18bed5f8dfa05e
WorkBuddy,临时文件\backup_B0_20260911_094504\prefab-interior-expert\skills\prefab-interior-knowledge\references\standards-anchor.md,D:\WorkBuddy\01_活跃项目\装配式装修技术专家包\临时文件\backup_B0_20260911_094504\prefab-interior-expert\skills\prefab-interior-knowledge\references\standards-anchor.md,45628,2a7751234e1c7d465109c614b0ece924a34863a85a1e9cbe38557d8814e35d05,temp,跳过-历史临时材料,清单及字节哈希,旧备份、一次性脚本、日志或取证图；不处于本轮现行正文审阅集合，未逐份语义审阅或执行。,与开场清单一致,2a7751234e1c7d465109c614b0ece924a34863a85a1e9cbe38557d8814e35d05
WorkBuddy,临时文件\backup_B10_20260911_164529\EI\.codebuddy-plugin\plugin.json,D:\WorkBuddy\01_活跃项目\装配式装修技术专家包\临时文件\backup_B10_20260911_164529\EI\.codebuddy-plugin\plugin.json,2486,aac71177c811598c39b2f8aef2aafa003acca05f7eeb7c1939fa9d574fcb7198,temp,跳过-历史临时材料,清单及字节哈希,旧备份、一次性脚本、日志或取证图；不处于本轮现行正文审阅集合，未逐份语义审阅或执行。,与开场清单一致,aac71177c811598c39b2f8aef2aafa003acca05f7eeb7c1939fa9d574fcb7198
WorkBuddy,临时文件\backup_B10_20260911_164529\EI\skills\prefab-interior-knowledge\references\knowledge-map.md,D:\WorkBuddy\01_活跃项目\装配式装修技术专家包\临时文件\backup_B10_20260911_164529\EI\skills\prefab-interior-knowledge\references\knowledge-map.md,10717,90386c2afba954fad2539631b4325391254b9897f1b4710f9f048183e84228a7,temp,跳过-历史临时材料,清单及字节哈希,旧备份、一次性脚本、日志或取证图；不处于本轮现行正文审阅集合，未逐份语义审阅或执行。,与开场清单一致,90386c2afba954fad2539631b4325391254b9897f1b4710f9f048183e84228a7
WorkBuddy,临时文件\backup_B10_20260911_164529\EI\skills\prefab-interior-knowledge\references\methodology-playbook.md,D:\WorkBuddy\01_活跃项目\装配式装修技术专家包\临时文件\backup_B10_20260911_164529\EI\skills\prefab-interior-knowledge\references\methodology-playbook.md,8834,8787e49682731efc2b02364e5bc77c2c7e635e034ac3f6b61eecc36a1af3b3f4,temp,跳过-历史临时材料,清单及字节哈希,旧备份、一次性脚本、日志或取证图；不处于本轮现行正文审阅集合，未逐份语义审阅或执行。,与开场清单一致,8787e49682731efc2b02364e5bc77c2c7e635e034ac3f6b61eecc36a1af3b3f4
WorkBuddy,临时文件\backup_B10_20260911_164529\EI_root\LICENSE,D:\WorkBuddy\01_活跃项目\装配式装修技术专家包\临时文件\backup_B10_20260911_164529\EI_root\LICENSE,1083,3c714d9bcd89f310d81f930bf42910572027d49d649fd39cc6bd251c74e80832,temp,跳过-历史临时材料,清单及字节哈希,旧备份、一次性脚本、日志或取证图；不处于本轮现行正文审阅集合，未逐份语义审阅或执行。,与开场清单一致,3c714d9bcd89f310d81f930bf42910572027d49d649fd39cc6bd251c74e80832
WorkBuddy,临时文件\backup_B10_20260911_164529\EI_root\README.md,D:\WorkBuddy\01_活跃项目\装配式装修技术专家包\临时文件\backup_B10_20260911_164529\EI_root\README.md,3097,c01c1e185c06efe409b6692ab3b5b7ff6d47218ae98f7e85f4609f125678f68b,temp,跳过-历史临时材料,清单及字节哈希,旧备份、一次性脚本、日志或取证图；不处于本轮现行正文审阅集合，未逐份语义审阅或执行。,与开场清单一致,c01c1e185c06efe409b6692ab3b5b7ff6d47218ae98f7e85f4609f125678f68b
WorkBuddy,临时文件\backup_B10_20260911_164529\EI_root\.codebuddy-plugin\marketplace.json,D:\WorkBuddy\01_活跃项目\装配式装修技术专家包\临时文件\backup_B10_20260911_164529\EI_root\.codebuddy-plugin\marketplace.json,592,a3e07afdee40a7974b8bb89578742e01be95d88608c9fccfbd63f7f7aa63799d,temp,跳过-历史临时材料,清单及字节哈希,旧备份、一次性脚本、日志或取证图；不处于本轮现行正文审阅集合，未逐份语义审阅或执行。,与开场清单一致,a3e07afdee40a7974b8bb89578742e01be95d88608c9fccfbd63f7f7aa63799d
WorkBuddy,临时文件\backup_B10_20260911_164529\EI_root\plugins\prefab-interior-expert\.codebuddy-plugin\plugin.json,D:\WorkBuddy\01_活跃项目\装配式装修技术专家包\临时文件\backup_B10_20260911_164529\EI_root\plugins\prefab-interior-expert\.codebuddy-plugin\plugin.json,2422,9a9c51f03b278fe0fa4bcc22ad8948b17ec594f266f6c7ad43a99a0f4cdcbf66,temp,跳过-同字节副本,全文件SHA256比对,与已列对象字节相同，未重复语义阅读；对应：WorkBuddy / 程序\prefab-interior-expert-market\plugins\prefab-interior-expert\.codebuddy-plugin\plugin.json,与开场清单一致,9a9c51f03b278fe0fa4bcc22ad8948b17ec594f266f6c7ad43a99a0f4cdcbf66
WorkBuddy,临时文件\backup_B10_20260911_164529\EI_root\plugins\prefab-interior-expert\skills\prefab-interior-knowledge\references\knowledge-map.md,D:\WorkBuddy\01_活跃项目\装配式装修技术专家包\临时文件\backup_B10_20260911_164529\EI_root\plugins\prefab-interior-expert\skills\prefab-interior-knowledge\references\knowledge-map.md,10539,4789ad0ec4067dba0d8ae812f067c8fd83dd2878ae68f5bf9c82af976c2c1468,temp,跳过-同字节副本,全文件SHA256比对,与已列对象字节相同，未重复语义阅读；对应：WorkBuddy / 程序\prefab-interior-expert-market\plugins\prefab-interior-expert\skills\prefab-interior-knowledge\references\knowledge-map.md,与开场清单一致,4789ad0ec4067dba0d8ae812f067c8fd83dd2878ae68f5bf9c82af976c2c1468
WorkBuddy,临时文件\backup_B10_20260911_164529\EI_root\plugins\prefab-interior-expert\skills\prefab-interior-knowledge\references\methodology-playbook.md,D:\WorkBuddy\01_活跃项目\装配式装修技术专家包\临时文件\backup_B10_20260911_164529\EI_root\plugins\prefab-interior-expert\skills\prefab-interior-knowledge\references\methodology-playbook.md,8670,f4d395c7dbeed1e36263982d5615ae152a8f3c1231f45429ede4c4124c1b7092,temp,跳过-历史临时材料,清单及字节哈希,旧备份、一次性脚本、日志或取证图；不处于本轮现行正文审阅集合，未逐份语义审阅或执行。,与开场清单一致,f4d395c7dbeed1e36263982d5615ae152a8f3c1231f45429ede4c4124c1b7092
WorkBuddy,临时文件\backup_B10_20260911_164529\SRC\.codebuddy-plugin\plugin.json,D:\WorkBuddy\01_活跃项目\装配式装修技术专家包\临时文件\backup_B10_20260911_164529\SRC\.codebuddy-plugin\plugin.json,2486,aac71177c811598c39b2f8aef2aafa003acca05f7eeb7c1939fa9d574fcb7198,temp,跳过-历史临时材料,清单及字节哈希,旧备份、一次性脚本、日志或取证图；不处于本轮现行正文审阅集合，未逐份语义审阅或执行。,与开场清单一致,aac71177c811598c39b2f8aef2aafa003acca05f7eeb7c1939fa9d574fcb7198
WorkBuddy,临时文件\backup_B10_20260911_164529\SRC_root\.codebuddy-plugin\marketplace.json,D:\WorkBuddy\01_活跃项目\装配式装修技术专家包\临时文件\backup_B10_20260911_164529\SRC_root\.codebuddy-plugin\marketplace.json,592,a3e07afdee40a7974b8bb89578742e01be95d88608c9fccfbd63f7f7aa63799d,temp,跳过-历史临时材料,清单及字节哈希,旧备份、一次性脚本、日志或取证图；不处于本轮现行正文审阅集合，未逐份语义审阅或执行。,与开场清单一致,a3e07afdee40a7974b8bb89578742e01be95d88608c9fccfbd63f7f7aa63799d
WorkBuddy,临时文件\backup_B2_20260911_163539\程序\gen_handoff_facts.py,D:\WorkBuddy\01_活跃项目\装配式装修技术专家包\临时文件\backup_B2_20260911_163539\程序\gen_handoff_facts.py,6601,54f9e5b4f6445f3d8b98ab0c1e12c1b7e220b5d46cb5ad73c0df61c971931aa2,temp,跳过-历史临时材料,清单及字节哈希,旧备份、一次性脚本、日志或取证图；不处于本轮现行正文审阅集合，未逐份语义审阅或执行。,与开场清单一致,54f9e5b4f6445f3d8b98ab0c1e12c1b7e220b5d46cb5ad73c0df61c971931aa2
WorkBuddy,临时文件\backup_B2_20260911_163539\过程\装配式装修技术专家_会话交接单_v1.1_2026-09-10.md,D:\WorkBuddy\01_活跃项目\装配式装修技术专家包\临时文件\backup_B2_20260911_163539\过程\装配式装修技术专家_会话交接单_v1.1_2026-09-10.md,16532,7da4f0e9f0ee2506ad58a5e834f7d55ef2f31e001fcb7e86a9f67055ab05913e,temp,跳过-历史临时材料,清单及字节哈希,旧备份、一次性脚本、日志或取证图；不处于本轮现行正文审阅集合，未逐份语义审阅或执行。,与开场清单一致,7da4f0e9f0ee2506ad58a5e834f7d55ef2f31e001fcb7e86a9f67055ab05913e
WorkBuddy,临时文件\backup_bat_20260911_112926\finalize.bat,D:\WorkBuddy\01_活跃项目\装配式装修技术专家包\临时文件\backup_bat_20260911_112926\finalize.bat,480,6d8bd10c802ab9103abdce72ba454914a3c2de461dbed6896ed3c52cd06358b8,temp,跳过-历史临时材料,清单及字节哈希,旧备份、一次性脚本、日志或取证图；不处于本轮现行正文审阅集合，未逐份语义审阅或执行。,与开场清单一致,6d8bd10c802ab9103abdce72ba454914a3c2de461dbed6896ed3c52cd06358b8
WorkBuddy,临时文件\backup_bat_20260911_112926\同步.bat,D:\WorkBuddy\01_活跃项目\装配式装修技术专家包\临时文件\backup_bat_20260911_112926\同步.bat,896,5adc04ede818c7afe6272183f1776fbc3011550de1a15e9b7f71dac8bba7348e,temp,跳过-历史临时材料,清单及字节哈希,旧备份、一次性脚本、日志或取证图；不处于本轮现行正文审阅集合，未逐份语义审阅或执行。,与开场清单一致,5adc04ede818c7afe6272183f1776fbc3011550de1a15e9b7f71dac8bba7348e
WorkBuddy,临时文件\backup_bat_20260911_113118\finalize.bat,D:\WorkBuddy\01_活跃项目\装配式装修技术专家包\临时文件\backup_bat_20260911_113118\finalize.bat,613,3f7e98c767ce4b8c96316f6484dcf9aff6d3dc691fd444ac3f05e99543f90eb8,temp,跳过-历史临时材料,清单及字节哈希,旧备份、一次性脚本、日志或取证图；不处于本轮现行正文审阅集合，未逐份语义审阅或执行。,与开场清单一致,3f7e98c767ce4b8c96316f6484dcf9aff6d3dc691fd444ac3f05e99543f90eb8
WorkBuddy,临时文件\backup_bat_20260911_113118\同步.bat,D:\WorkBuddy\01_活跃项目\装配式装修技术专家包\临时文件\backup_bat_20260911_113118\同步.bat,651,648d18dbc21bb45f5465f7e06ad614bb1f001c7dae4f36fdb4835dfee4f84609,temp,跳过-历史临时材料,清单及字节哈希,旧备份、一次性脚本、日志或取证图；不处于本轮现行正文审阅集合，未逐份语义审阅或执行。,与开场清单一致,648d18dbc21bb45f5465f7e06ad614bb1f001c7dae4f36fdb4835dfee4f84609
WorkBuddy,临时文件\backup_finalize_20260911_125811\installed_plugins.pre.json,D:\WorkBuddy\01_活跃项目\装配式装修技术专家包\临时文件\backup_finalize_20260911_125811\installed_plugins.pre.json,18068,bd122546c1a8204e021e7f53851b6b5f0974f3179def415dfe3d49c7ca3ea212,temp,跳过-历史临时材料,清单及字节哈希,旧备份、一次性脚本、日志或取证图；不处于本轮现行正文审阅集合，未逐份语义审阅或执行。,与开场清单一致,bd122546c1a8204e021e7f53851b6b5f0974f3179def415dfe3d49c7ca3ea212
WorkBuddy,临时文件\backup_finalize_20260911_125811\known_marketplaces.pre.json,D:\WorkBuddy\01_活跃项目\装配式装修技术专家包\临时文件\backup_finalize_20260911_125811\known_marketplaces.pre.json,3201,ced9bc5a224f37089d387e8a937f76172a6244b86dab28f45b3b130836f544c6,temp,跳过-历史临时材料,清单及字节哈希,旧备份、一次性脚本、日志或取证图；不处于本轮现行正文审阅集合，未逐份语义审阅或执行。,与开场清单一致,ced9bc5a224f37089d387e8a937f76172a6244b86dab28f45b3b130836f544c6
WorkBuddy,临时文件\backup_marketplace_20260911_120639\README.md,D:\WorkBuddy\01_活跃项目\装配式装修技术专家包\临时文件\backup_marketplace_20260911_120639\README.md,12050,890013cbcb5e6caee99facc06ba032a2f6ef2edf04e051356c8623115e0a88ff,temp,跳过-历史临时材料,清单及字节哈希,旧备份、一次性脚本、日志或取证图；不处于本轮现行正文审阅集合，未逐份语义审阅或执行。,与开场清单一致,890013cbcb5e6caee99facc06ba032a2f6ef2edf04e051356c8623115e0a88ff
WorkBuddy,临时文件\backup_marketplace_20260911_120639\.codebuddy-plugin\plugin.json,D:\WorkBuddy\01_活跃项目\装配式装修技术专家包\临时文件\backup_marketplace_20260911_120639\.codebuddy-plugin\plugin.json,2422,9a9c51f03b278fe0fa4bcc22ad8948b17ec594f266f6c7ad43a99a0f4cdcbf66,temp,跳过-同字节副本,全文件SHA256比对,与已列对象字节相同，未重复语义阅读；对应：WorkBuddy / 程序\prefab-interior-expert-market\plugins\prefab-interior-expert\.codebuddy-plugin\plugin.json,与开场清单一致,9a9c51f03b278fe0fa4bcc22ad8948b17ec594f266f6c7ad43a99a0f4cdcbf66
WorkBuddy,临时文件\backup_marketplace_20260911_120639\agents\prefab-interior-expert.md,D:\WorkBuddy\01_活跃项目\装配式装修技术专家包\临时文件\backup_marketplace_20260911_120639\agents\prefab-interior-expert.md,13160,0b976977c756dccb270b5bbf15e5cf5dd97e0bc5ca55b4dca707671860debe5a,temp,跳过-历史临时材料,清单及字节哈希,旧备份、一次性脚本、日志或取证图；不处于本轮现行正文审阅集合，未逐份语义审阅或执行。,与开场清单一致,0b976977c756dccb270b5bbf15e5cf5dd97e0bc5ca55b4dca707671860debe5a
WorkBuddy,临时文件\backup_marketplace_20260911_120639\avatars\.gitkeep,D:\WorkBuddy\01_活跃项目\装配式装修技术专家包\临时文件\backup_marketplace_20260911_120639\avatars\.gitkeep,0,e3b0c44298fc1c149afbf4c8996fb92427ae41e4649b934ca495991b7852b855,temp,跳过-同字节副本,全文件SHA256比对,与已列对象字节相同，未重复语义阅读；对应：WorkBuddy / 程序\prefab-interior-expert-market\plugins\prefab-interior-expert\avatars\.gitkeep,与开场清单一致,e3b0c44298fc1c149afbf4c8996fb92427ae41e4649b934ca495991b7852b855
WorkBuddy,临时文件\backup_marketplace_20260911_120639\avatars\expert.png,D:\WorkBuddy\01_活跃项目\装配式装修技术专家包\临时文件\backup_marketplace_20260911_120639\avatars\expert.png,458810,a2e1fde41880e5255beaf3c9e939fa3705b71f239510303db2fff1f5b40b2eaa,temp,跳过-同字节副本,全文件SHA256比对,与已列对象字节相同，未重复语义阅读；对应：WorkBuddy / 程序\prefab-interior-expert-market\plugins\prefab-interior-expert\avatars\expert.png,与开场清单一致,a2e1fde41880e5255beaf3c9e939fa3705b71f239510303db2fff1f5b40b2eaa
WorkBuddy,临时文件\backup_marketplace_20260911_120639\eval\eval-cases.md,D:\WorkBuddy\01_活跃项目\装配式装修技术专家包\临时文件\backup_marketplace_20260911_120639\eval\eval-cases.md,6648,68abc1c660a129acd4e79a768cddd8b1eee6803f221a748a76829a62c14b1982,temp,跳过-历史临时材料,清单及字节哈希,旧备份、一次性脚本、日志或取证图；不处于本轮现行正文审阅集合，未逐份语义审阅或执行。,与开场清单一致,68abc1c660a129acd4e79a768cddd8b1eee6803f221a748a76829a62c14b1982
WorkBuddy,临时文件\backup_marketplace_20260911_120639\eval\verify_knowledge_base.py,D:\WorkBuddy\01_活跃项目\装配式装修技术专家包\临时文件\backup_marketplace_20260911_120639\eval\verify_knowledge_base.py,14606,158b016315aa659ff0298f43b61d181d83229f733c02edc2261135952a4f5f23,temp,跳过-历史临时材料,清单及字节哈希,旧备份、一次性脚本、日志或取证图；不处于本轮现行正文审阅集合，未逐份语义审阅或执行。,与开场清单一致,158b016315aa659ff0298f43b61d181d83229f733c02edc2261135952a4f5f23
WorkBuddy,临时文件\backup_marketplace_20260911_120639\skills\prefab-interior-knowledge\SKILL.md,D:\WorkBuddy\01_活跃项目\装配式装修技术专家包\临时文件\backup_marketplace_20260911_120639\skills\prefab-interior-knowledge\SKILL.md,4931,3b30d46d828822252944f51b4bda53555bfacc61b38d2ffe509be0877813dd37,temp,跳过-历史临时材料,清单及字节哈希,旧备份、一次性脚本、日志或取证图；不处于本轮现行正文审阅集合，未逐份语义审阅或执行。,与开场清单一致,3b30d46d828822252944f51b4bda53555bfacc61b38d2ffe509be0877813dd37
WorkBuddy,临时文件\backup_marketplace_20260911_120639\skills\prefab-interior-knowledge\references\citation-discipline.md,D:\WorkBuddy\01_活跃项目\装配式装修技术专家包\临时文件\backup_marketplace_20260911_120639\skills\prefab-interior-knowledge\references\citation-discipline.md,22374,67a63b2d7d9082dd5e51530c13067ee01f3f7997df4a69458f34579d1ca5fee3,temp,跳过-历史临时材料,清单及字节哈希,旧备份、一次性脚本、日志或取证图；不处于本轮现行正文审阅集合，未逐份语义审阅或执行。,与开场清单一致,67a63b2d7d9082dd5e51530c13067ee01f3f7997df4a69458f34579d1ca5fee3
WorkBuddy,临时文件\backup_marketplace_20260911_120639\skills\prefab-interior-knowledge\references\decision-log.md,D:\WorkBuddy\01_活跃项目\装配式装修技术专家包\临时文件\backup_marketplace_20260911_120639\skills\prefab-interior-knowledge\references\decision-log.md,3341,8ea2b89f740c5c589e76bb73ec00f5e9554460d14391cdb2b87f7ec84220b721,temp,跳过-历史临时材料,清单及字节哈希,旧备份、一次性脚本、日志或取证图；不处于本轮现行正文审阅集合，未逐份语义审阅或执行。,与开场清单一致,8ea2b89f740c5c589e76bb73ec00f5e9554460d14391cdb2b87f7ec84220b721
WorkBuddy,临时文件\backup_marketplace_20260911_120639\skills\prefab-interior-knowledge\references\ima-standards-library.md,D:\WorkBuddy\01_活跃项目\装配式装修技术专家包\临时文件\backup_marketplace_20260911_120639\skills\prefab-interior-knowledge\references\ima-standards-library.md,46238,ad53f55fab20c6d79ed16dbe96da2e10a52f56cbb22c4667bb9dac0f1f7b92b8,temp,跳过-历史临时材料,清单及字节哈希,旧备份、一次性脚本、日志或取证图；不处于本轮现行正文审阅集合，未逐份语义审阅或执行。,与开场清单一致,ad53f55fab20c6d79ed16dbe96da2e10a52f56cbb22c4667bb9dac0f1f7b92b8
WorkBuddy,临时文件\backup_marketplace_20260911_120639\skills\prefab-interior-knowledge\references\knowledge-architecture.md,D:\WorkBuddy\01_活跃项目\装配式装修技术专家包\临时文件\backup_marketplace_20260911_120639\skills\prefab-interior-knowledge\references\knowledge-architecture.md,13597,355c085edd3b228454ff32a46c5c9a12d6b675bd93d50c622f670c4ec95e7a02,temp,跳过-历史临时材料,清单及字节哈希,旧备份、一次性脚本、日志或取证图；不处于本轮现行正文审阅集合，未逐份语义审阅或执行。,与开场清单一致,355c085edd3b228454ff32a46c5c9a12d6b675bd93d50c622f670c4ec95e7a02
WorkBuddy,临时文件\backup_marketplace_20260911_120639\skills\prefab-interior-knowledge\references\knowledge-cards-batch1.md,D:\WorkBuddy\01_活跃项目\装配式装修技术专家包\临时文件\backup_marketplace_20260911_120639\skills\prefab-interior-knowledge\references\knowledge-cards-batch1.md,154854,b5635e8fe20ff7e15b4759a940ae28f10506aad89beeadf429ed01b0b77f9398,temp,跳过-历史临时材料,清单及字节哈希,旧备份、一次性脚本、日志或取证图；不处于本轮现行正文审阅集合，未逐份语义审阅或执行。,与开场清单一致,b5635e8fe20ff7e15b4759a940ae28f10506aad89beeadf429ed01b0b77f9398
WorkBuddy,临时文件\backup_marketplace_20260911_120639\skills\prefab-interior-knowledge\references\knowledge-map.md,D:\WorkBuddy\01_活跃项目\装配式装修技术专家包\临时文件\backup_marketplace_20260911_120639\skills\prefab-interior-knowledge\references\knowledge-map.md,10539,4789ad0ec4067dba0d8ae812f067c8fd83dd2878ae68f5bf9c82af976c2c1468,temp,跳过-同字节副本,全文件SHA256比对,与已列对象字节相同，未重复语义阅读；对应：WorkBuddy / 程序\prefab-interior-expert-market\plugins\prefab-interior-expert\skills\prefab-interior-knowledge\references\knowledge-map.md,与开场清单一致,4789ad0ec4067dba0d8ae812f067c8fd83dd2878ae68f5bf9c82af976c2c1468
WorkBuddy,临时文件\backup_marketplace_20260911_120639\skills\prefab-interior-knowledge\references\methodology-playbook.md,D:\WorkBuddy\01_活跃项目\装配式装修技术专家包\临时文件\backup_marketplace_20260911_120639\skills\prefab-interior-knowledge\references\methodology-playbook.md,8670,f4d395c7dbeed1e36263982d5615ae152a8f3c1231f45429ede4c4124c1b7092,temp,跳过-历史临时材料,清单及字节哈希,旧备份、一次性脚本、日志或取证图；不处于本轮现行正文审阅集合，未逐份语义审阅或执行。,与开场清单一致,f4d395c7dbeed1e36263982d5615ae152a8f3c1231f45429ede4c4124c1b7092
WorkBuddy,临时文件\backup_marketplace_20260911_120639\skills\prefab-interior-knowledge\references\metrics-core.md,D:\WorkBuddy\01_活跃项目\装配式装修技术专家包\临时文件\backup_marketplace_20260911_120639\skills\prefab-interior-knowledge\references\metrics-core.md,170452,c46fc0f6345de3f7916e56cb0c9beb91936097529c8f144ee49d9f3d5146e984,temp,跳过-历史临时材料,清单及字节哈希,旧备份、一次性脚本、日志或取证图；不处于本轮现行正文审阅集合，未逐份语义审阅或执行。,与开场清单一致,c46fc0f6345de3f7916e56cb0c9beb91936097529c8f144ee49d9f3d5146e984
WorkBuddy,临时文件\backup_marketplace_20260911_120639\skills\prefab-interior-knowledge\references\standards-anchor.md,D:\WorkBuddy\01_活跃项目\装配式装修技术专家包\临时文件\backup_marketplace_20260911_120639\skills\prefab-interior-knowledge\references\standards-anchor.md,45736,2f3d266ec42db3a7c07380e014906897e64766ad07e04b2012f3723e2c7f2c64,temp,跳过-历史临时材料,清单及字节哈希,旧备份、一次性脚本、日志或取证图；不处于本轮现行正文审阅集合，未逐份语义审阅或执行。,与开场清单一致,2f3d266ec42db3a7c07380e014906897e64766ad07e04b2012f3723e2c7f2c64
WorkBuddy,临时文件\backup_marketplace_20260911_120646\README.md,D:\WorkBuddy\01_活跃项目\装配式装修技术专家包\临时文件\backup_marketplace_20260911_120646\README.md,12050,890013cbcb5e6caee99facc06ba032a2f6ef2edf04e051356c8623115e0a88ff,temp,跳过-历史临时材料,清单及字节哈希,旧备份、一次性脚本、日志或取证图；不处于本轮现行正文审阅集合，未逐份语义审阅或执行。,与开场清单一致,890013cbcb5e6caee99facc06ba032a2f6ef2edf04e051356c8623115e0a88ff
WorkBuddy,临时文件\backup_marketplace_20260911_120646\.codebuddy-plugin\plugin.json,D:\WorkBuddy\01_活跃项目\装配式装修技术专家包\临时文件\backup_marketplace_20260911_120646\.codebuddy-plugin\plugin.json,2422,9a9c51f03b278fe0fa4bcc22ad8948b17ec594f266f6c7ad43a99a0f4cdcbf66,temp,跳过-同字节副本,全文件SHA256比对,与已列对象字节相同，未重复语义阅读；对应：WorkBuddy / 程序\prefab-interior-expert-market\plugins\prefab-interior-expert\.codebuddy-plugin\plugin.json,与开场清单一致,9a9c51f03b278fe0fa4bcc22ad8948b17ec594f266f6c7ad43a99a0f4cdcbf66
WorkBuddy,临时文件\backup_marketplace_20260911_120646\agents\prefab-interior-expert.md,D:\WorkBuddy\01_活跃项目\装配式装修技术专家包\临时文件\backup_marketplace_20260911_120646\agents\prefab-interior-expert.md,13310,0dfabdcc7a503c45ceb1260f7139ec23f1c81bfc2d1fc5d379a48f59c58f64cf,temp,跳过-历史临时材料,清单及字节哈希,旧备份、一次性脚本、日志或取证图；不处于本轮现行正文审阅集合，未逐份语义审阅或执行。,与开场清单一致,0dfabdcc7a503c45ceb1260f7139ec23f1c81bfc2d1fc5d379a48f59c58f64cf
WorkBuddy,临时文件\backup_marketplace_20260911_120646\avatars\.gitkeep,D:\WorkBuddy\01_活跃项目\装配式装修技术专家包\临时文件\backup_marketplace_20260911_120646\avatars\.gitkeep,0,e3b0c44298fc1c149afbf4c8996fb92427ae41e4649b934ca495991b7852b855,temp,跳过-同字节副本,全文件SHA256比对,与已列对象字节相同，未重复语义阅读；对应：WorkBuddy / 程序\prefab-interior-expert-market\plugins\prefab-interior-expert\avatars\.gitkeep,与开场清单一致,e3b0c44298fc1c149afbf4c8996fb92427ae41e4649b934ca495991b7852b855
WorkBuddy,临时文件\backup_marketplace_20260911_120646\avatars\expert.png,D:\WorkBuddy\01_活跃项目\装配式装修技术专家包\临时文件\backup_marketplace_20260911_120646\avatars\expert.png,458810,a2e1fde41880e5255beaf3c9e939fa3705b71f239510303db2fff1f5b40b2eaa,temp,跳过-同字节副本,全文件SHA256比对,与已列对象字节相同，未重复语义阅读；对应：WorkBuddy / 程序\prefab-interior-expert-market\plugins\prefab-interior-expert\avatars\expert.png,与开场清单一致,a2e1fde41880e5255beaf3c9e939fa3705b71f239510303db2fff1f5b40b2eaa
WorkBuddy,临时文件\backup_marketplace_20260911_120646\eval\eval-cases.md,D:\WorkBuddy\01_活跃项目\装配式装修技术专家包\临时文件\backup_marketplace_20260911_120646\eval\eval-cases.md,7847,c6b1b7d8f19a359a2d80c929252eaf6014139339133a3cefa6f90b48de587e3c,temp,跳过-历史临时材料,清单及字节哈希,旧备份、一次性脚本、日志或取证图；不处于本轮现行正文审阅集合，未逐份语义审阅或执行。,与开场清单一致,c6b1b7d8f19a359a2d80c929252eaf6014139339133a3cefa6f90b48de587e3c
WorkBuddy,临时文件\backup_marketplace_20260911_120646\eval\verify_knowledge_base.py,D:\WorkBuddy\01_活跃项目\装配式装修技术专家包\临时文件\backup_marketplace_20260911_120646\eval\verify_knowledge_base.py,28708,63be19da08317cf3e5e0342eef76f294c69fbf4146341dee05f42adcea6d9356,temp,跳过-历史临时材料,清单及字节哈希,旧备份、一次性脚本、日志或取证图；不处于本轮现行正文审阅集合，未逐份语义审阅或执行。,与开场清单一致,63be19da08317cf3e5e0342eef76f294c69fbf4146341dee05f42adcea6d9356
WorkBuddy,临时文件\backup_marketplace_20260911_120646\skills\prefab-interior-knowledge\SKILL.md,D:\WorkBuddy\01_活跃项目\装配式装修技术专家包\临时文件\backup_marketplace_20260911_120646\skills\prefab-interior-knowledge\SKILL.md,4931,3b30d46d828822252944f51b4bda53555bfacc61b38d2ffe509be0877813dd37,temp,跳过-历史临时材料,清单及字节哈希,旧备份、一次性脚本、日志或取证图；不处于本轮现行正文审阅集合，未逐份语义审阅或执行。,与开场清单一致,3b30d46d828822252944f51b4bda53555bfacc61b38d2ffe509be0877813dd37
WorkBuddy,临时文件\backup_marketplace_20260911_120646\skills\prefab-interior-knowledge\references\citation-discipline.md,D:\WorkBuddy\01_活跃项目\装配式装修技术专家包\临时文件\backup_marketplace_20260911_120646\skills\prefab-interior-knowledge\references\citation-discipline.md,22324,caa8e4a8fd7bf2add60c2f050c6dbe0b9f743f46909111e1099fd3057e7b2715,temp,跳过-历史临时材料,清单及字节哈希,旧备份、一次性脚本、日志或取证图；不处于本轮现行正文审阅集合，未逐份语义审阅或执行。,与开场清单一致,caa8e4a8fd7bf2add60c2f050c6dbe0b9f743f46909111e1099fd3057e7b2715
WorkBuddy,临时文件\backup_marketplace_20260911_120646\skills\prefab-interior-knowledge\references\decision-log.md,D:\WorkBuddy\01_活跃项目\装配式装修技术专家包\临时文件\backup_marketplace_20260911_120646\skills\prefab-interior-knowledge\references\decision-log.md,5000,ab295da7c31da0b261ad5263001bc94c1d83fe23064fb8acaeda76649515890b,temp,跳过-历史临时材料,清单及字节哈希,旧备份、一次性脚本、日志或取证图；不处于本轮现行正文审阅集合，未逐份语义审阅或执行。,与开场清单一致,ab295da7c31da0b261ad5263001bc94c1d83fe23064fb8acaeda76649515890b
WorkBuddy,临时文件\backup_marketplace_20260911_120646\skills\prefab-interior-knowledge\references\ima-standards-library.md,D:\WorkBuddy\01_活跃项目\装配式装修技术专家包\临时文件\backup_marketplace_20260911_120646\skills\prefab-interior-knowledge\references\ima-standards-library.md,46235,2cbba65d8c5265a6d9720e770c000be01ed7df72b4cc5717ee4ce95e084e00f5,temp,跳过-历史临时材料,清单及字节哈希,旧备份、一次性脚本、日志或取证图；不处于本轮现行正文审阅集合，未逐份语义审阅或执行。,与开场清单一致,2cbba65d8c5265a6d9720e770c000be01ed7df72b4cc5717ee4ce95e084e00f5
WorkBuddy,临时文件\backup_marketplace_20260911_120646\skills\prefab-interior-knowledge\references\knowledge-architecture.md,D:\WorkBuddy\01_活跃项目\装配式装修技术专家包\临时文件\backup_marketplace_20260911_120646\skills\prefab-interior-knowledge\references\knowledge-architecture.md,14513,3f265d186fb7ba0f08738a31aab1ccbe30f30edf9143c32e3990bf9434a75cbf,temp,跳过-历史临时材料,清单及字节哈希,旧备份、一次性脚本、日志或取证图；不处于本轮现行正文审阅集合，未逐份语义审阅或执行。,与开场清单一致,3f265d186fb7ba0f08738a31aab1ccbe30f30edf9143c32e3990bf9434a75cbf
WorkBuddy,临时文件\backup_marketplace_20260911_120646\skills\prefab-interior-knowledge\references\knowledge-cards-batch1.md,D:\WorkBuddy\01_活跃项目\装配式装修技术专家包\临时文件\backup_marketplace_20260911_120646\skills\prefab-interior-knowledge\references\knowledge-cards-batch1.md,155148,c2ee37ca94fa8443417607dfe183a3f5bbce5a542aded59f7431b2beb17d3d87,temp,跳过-历史临时材料,清单及字节哈希,旧备份、一次性脚本、日志或取证图；不处于本轮现行正文审阅集合，未逐份语义审阅或执行。,与开场清单一致,c2ee37ca94fa8443417607dfe183a3f5bbce5a542aded59f7431b2beb17d3d87
WorkBuddy,临时文件\backup_marketplace_20260911_120646\skills\prefab-interior-knowledge\references\knowledge-map.md,D:\WorkBuddy\01_活跃项目\装配式装修技术专家包\临时文件\backup_marketplace_20260911_120646\skills\prefab-interior-knowledge\references\knowledge-map.md,10539,4789ad0ec4067dba0d8ae812f067c8fd83dd2878ae68f5bf9c82af976c2c1468,temp,跳过-同字节副本,全文件SHA256比对,与已列对象字节相同，未重复语义阅读；对应：WorkBuddy / 程序\prefab-interior-expert-market\plugins\prefab-interior-expert\skills\prefab-interior-knowledge\references\knowledge-map.md,与开场清单一致,4789ad0ec4067dba0d8ae812f067c8fd83dd2878ae68f5bf9c82af976c2c1468
WorkBuddy,临时文件\backup_marketplace_20260911_120646\skills\prefab-interior-knowledge\references\methodology-playbook.md,D:\WorkBuddy\01_活跃项目\装配式装修技术专家包\临时文件\backup_marketplace_20260911_120646\skills\prefab-interior-knowledge\references\methodology-playbook.md,8670,f4d395c7dbeed1e36263982d5615ae152a8f3c1231f45429ede4c4124c1b7092,temp,跳过-历史临时材料,清单及字节哈希,旧备份、一次性脚本、日志或取证图；不处于本轮现行正文审阅集合，未逐份语义审阅或执行。,与开场清单一致,f4d395c7dbeed1e36263982d5615ae152a8f3c1231f45429ede4c4124c1b7092
WorkBuddy,临时文件\backup_marketplace_20260911_120646\skills\prefab-interior-knowledge\references\metrics-core.md,D:\WorkBuddy\01_活跃项目\装配式装修技术专家包\临时文件\backup_marketplace_20260911_120646\skills\prefab-interior-knowledge\references\metrics-core.md,175318,1ee3db46a98ee733e4aefc6501829ef8c53965086da675a49826a743cb7a7309,temp,跳过-历史临时材料,清单及字节哈希,旧备份、一次性脚本、日志或取证图；不处于本轮现行正文审阅集合，未逐份语义审阅或执行。,与开场清单一致,1ee3db46a98ee733e4aefc6501829ef8c53965086da675a49826a743cb7a7309
WorkBuddy,临时文件\backup_marketplace_20260911_120646\skills\prefab-interior-knowledge\references\standards-anchor.md,D:\WorkBuddy\01_活跃项目\装配式装修技术专家包\临时文件\backup_marketplace_20260911_120646\skills\prefab-interior-knowledge\references\standards-anchor.md,45692,698e675100e204f38b81fca0715292fad2dfb8ce3a802c485da6b7aea20ee4fc,temp,跳过-历史临时材料,清单及字节哈希,旧备份、一次性脚本、日志或取证图；不处于本轮现行正文审阅集合，未逐份语义审阅或执行。,与开场清单一致,698e675100e204f38b81fca0715292fad2dfb8ce3a802c485da6b7aea20ee4fc
WorkBuddy,临时文件\backup_marketplace_20260911_140115\README.md,D:\WorkBuddy\01_活跃项目\装配式装修技术专家包\临时文件\backup_marketplace_20260911_140115\README.md,12050,890013cbcb5e6caee99facc06ba032a2f6ef2edf04e051356c8623115e0a88ff,temp,跳过-历史临时材料,清单及字节哈希,旧备份、一次性脚本、日志或取证图；不处于本轮现行正文审阅集合，未逐份语义审阅或执行。,与开场清单一致,890013cbcb5e6caee99facc06ba032a2f6ef2edf04e051356c8623115e0a88ff
WorkBuddy,临时文件\backup_marketplace_20260911_140115\.codebuddy-plugin\plugin.json,D:\WorkBuddy\01_活跃项目\装配式装修技术专家包\临时文件\backup_marketplace_20260911_140115\.codebuddy-plugin\plugin.json,2422,9a9c51f03b278fe0fa4bcc22ad8948b17ec594f266f6c7ad43a99a0f4cdcbf66,temp,跳过-同字节副本,全文件SHA256比对,与已列对象字节相同，未重复语义阅读；对应：WorkBuddy / 程序\prefab-interior-expert-market\plugins\prefab-interior-expert\.codebuddy-plugin\plugin.json,与开场清单一致,9a9c51f03b278fe0fa4bcc22ad8948b17ec594f266f6c7ad43a99a0f4cdcbf66
WorkBuddy,临时文件\backup_marketplace_20260911_140115\agents\prefab-interior-expert.md,D:\WorkBuddy\01_活跃项目\装配式装修技术专家包\临时文件\backup_marketplace_20260911_140115\agents\prefab-interior-expert.md,13310,0dfabdcc7a503c45ceb1260f7139ec23f1c81bfc2d1fc5d379a48f59c58f64cf,temp,跳过-历史临时材料,清单及字节哈希,旧备份、一次性脚本、日志或取证图；不处于本轮现行正文审阅集合，未逐份语义审阅或执行。,与开场清单一致,0dfabdcc7a503c45ceb1260f7139ec23f1c81bfc2d1fc5d379a48f59c58f64cf
WorkBuddy,临时文件\backup_marketplace_20260911_140115\avatars\.gitkeep,D:\WorkBuddy\01_活跃项目\装配式装修技术专家包\临时文件\backup_marketplace_20260911_140115\avatars\.gitkeep,0,e3b0c44298fc1c149afbf4c8996fb92427ae41e4649b934ca495991b7852b855,temp,跳过-同字节副本,全文件SHA256比对,与已列对象字节相同，未重复语义阅读；对应：WorkBuddy / 程序\prefab-interior-expert-market\plugins\prefab-interior-expert\avatars\.gitkeep,与开场清单一致,e3b0c44298fc1c149afbf4c8996fb92427ae41e4649b934ca495991b7852b855
WorkBuddy,临时文件\backup_marketplace_20260911_140115\avatars\expert.png,D:\WorkBuddy\01_活跃项目\装配式装修技术专家包\临时文件\backup_marketplace_20260911_140115\avatars\expert.png,458810,a2e1fde41880e5255beaf3c9e939fa3705b71f239510303db2fff1f5b40b2eaa,temp,跳过-同字节副本,全文件SHA256比对,与已列对象字节相同，未重复语义阅读；对应：WorkBuddy / 程序\prefab-interior-expert-market\plugins\prefab-interior-expert\avatars\expert.png,与开场清单一致,a2e1fde41880e5255beaf3c9e939fa3705b71f239510303db2fff1f5b40b2eaa
WorkBuddy,临时文件\backup_marketplace_20260911_140115\eval\eval-cases.md,D:\WorkBuddy\01_活跃项目\装配式装修技术专家包\临时文件\backup_marketplace_20260911_140115\eval\eval-cases.md,7847,c6b1b7d8f19a359a2d80c929252eaf6014139339133a3cefa6f90b48de587e3c,temp,跳过-历史临时材料,清单及字节哈希,旧备份、一次性脚本、日志或取证图；不处于本轮现行正文审阅集合，未逐份语义审阅或执行。,与开场清单一致,c6b1b7d8f19a359a2d80c929252eaf6014139339133a3cefa6f90b48de587e3c
WorkBuddy,临时文件\backup_marketplace_20260911_140115\eval\verify_knowledge_base.py,D:\WorkBuddy\01_活跃项目\装配式装修技术专家包\临时文件\backup_marketplace_20260911_140115\eval\verify_knowledge_base.py,28708,63be19da08317cf3e5e0342eef76f294c69fbf4146341dee05f42adcea6d9356,temp,跳过-历史临时材料,清单及字节哈希,旧备份、一次性脚本、日志或取证图；不处于本轮现行正文审阅集合，未逐份语义审阅或执行。,与开场清单一致,63be19da08317cf3e5e0342eef76f294c69fbf4146341dee05f42adcea6d9356
WorkBuddy,临时文件\backup_marketplace_20260911_140115\skills\prefab-interior-knowledge\SKILL.md,D:\WorkBuddy\01_活跃项目\装配式装修技术专家包\临时文件\backup_marketplace_20260911_140115\skills\prefab-interior-knowledge\SKILL.md,4931,3b30d46d828822252944f51b4bda53555bfacc61b38d2ffe509be0877813dd37,temp,跳过-历史临时材料,清单及字节哈希,旧备份、一次性脚本、日志或取证图；不处于本轮现行正文审阅集合，未逐份语义审阅或执行。,与开场清单一致,3b30d46d828822252944f51b4bda53555bfacc61b38d2ffe509be0877813dd37
WorkBuddy,临时文件\backup_marketplace_20260911_140115\skills\prefab-interior-knowledge\references\citation-discipline.md,D:\WorkBuddy\01_活跃项目\装配式装修技术专家包\临时文件\backup_marketplace_20260911_140115\skills\prefab-interior-knowledge\references\citation-discipline.md,22324,caa8e4a8fd7bf2add60c2f050c6dbe0b9f743f46909111e1099fd3057e7b2715,temp,跳过-历史临时材料,清单及字节哈希,旧备份、一次性脚本、日志或取证图；不处于本轮现行正文审阅集合，未逐份语义审阅或执行。,与开场清单一致,caa8e4a8fd7bf2add60c2f050c6dbe0b9f743f46909111e1099fd3057e7b2715
WorkBuddy,临时文件\backup_marketplace_20260911_140115\skills\prefab-interior-knowledge\references\decision-log.md,D:\WorkBuddy\01_活跃项目\装配式装修技术专家包\临时文件\backup_marketplace_20260911_140115\skills\prefab-interior-knowledge\references\decision-log.md,5000,ab295da7c31da0b261ad5263001bc94c1d83fe23064fb8acaeda76649515890b,temp,跳过-历史临时材料,清单及字节哈希,旧备份、一次性脚本、日志或取证图；不处于本轮现行正文审阅集合，未逐份语义审阅或执行。,与开场清单一致,ab295da7c31da0b261ad5263001bc94c1d83fe23064fb8acaeda76649515890b
WorkBuddy,临时文件\backup_marketplace_20260911_140115\skills\prefab-interior-knowledge\references\ima-standards-library.md,D:\WorkBuddy\01_活跃项目\装配式装修技术专家包\临时文件\backup_marketplace_20260911_140115\skills\prefab-interior-knowledge\references\ima-standards-library.md,46235,2cbba65d8c5265a6d9720e770c000be01ed7df72b4cc5717ee4ce95e084e00f5,temp,跳过-历史临时材料,清单及字节哈希,旧备份、一次性脚本、日志或取证图；不处于本轮现行正文审阅集合，未逐份语义审阅或执行。,与开场清单一致,2cbba65d8c5265a6d9720e770c000be01ed7df72b4cc5717ee4ce95e084e00f5
WorkBuddy,临时文件\backup_marketplace_20260911_140115\skills\prefab-interior-knowledge\references\knowledge-architecture.md,D:\WorkBuddy\01_活跃项目\装配式装修技术专家包\临时文件\backup_marketplace_20260911_140115\skills\prefab-interior-knowledge\references\knowledge-architecture.md,14513,3f265d186fb7ba0f08738a31aab1ccbe30f30edf9143c32e3990bf9434a75cbf,temp,跳过-历史临时材料,清单及字节哈希,旧备份、一次性脚本、日志或取证图；不处于本轮现行正文审阅集合，未逐份语义审阅或执行。,与开场清单一致,3f265d186fb7ba0f08738a31aab1ccbe30f30edf9143c32e3990bf9434a75cbf
WorkBuddy,临时文件\backup_marketplace_20260911_140115\skills\prefab-interior-knowledge\references\knowledge-cards-batch1.md,D:\WorkBuddy\01_活跃项目\装配式装修技术专家包\临时文件\backup_marketplace_20260911_140115\skills\prefab-interior-knowledge\references\knowledge-cards-batch1.md,155148,c2ee37ca94fa8443417607dfe183a3f5bbce5a542aded59f7431b2beb17d3d87,temp,跳过-历史临时材料,清单及字节哈希,旧备份、一次性脚本、日志或取证图；不处于本轮现行正文审阅集合，未逐份语义审阅或执行。,与开场清单一致,c2ee37ca94fa8443417607dfe183a3f5bbce5a542aded59f7431b2beb17d3d87
WorkBuddy,临时文件\backup_marketplace_20260911_140115\skills\prefab-interior-knowledge\references\knowledge-map.md,D:\WorkBuddy\01_活跃项目\装配式装修技术专家包\临时文件\backup_marketplace_20260911_140115\skills\prefab-interior-knowledge\references\knowledge-map.md,10539,4789ad0ec4067dba0d8ae812f067c8fd83dd2878ae68f5bf9c82af976c2c1468,temp,跳过-同字节副本,全文件SHA256比对,与已列对象字节相同，未重复语义阅读；对应：WorkBuddy / 程序\prefab-interior-expert-market\plugins\prefab-interior-expert\skills\prefab-interior-knowledge\references\knowledge-map.md,与开场清单一致,4789ad0ec4067dba0d8ae812f067c8fd83dd2878ae68f5bf9c82af976c2c1468
WorkBuddy,临时文件\backup_marketplace_20260911_140115\skills\prefab-interior-knowledge\references\methodology-playbook.md,D:\WorkBuddy\01_活跃项目\装配式装修技术专家包\临时文件\backup_marketplace_20260911_140115\skills\prefab-interior-knowledge\references\methodology-playbook.md,8670,f4d395c7dbeed1e36263982d5615ae152a8f3c1231f45429ede4c4124c1b7092,temp,跳过-历史临时材料,清单及字节哈希,旧备份、一次性脚本、日志或取证图；不处于本轮现行正文审阅集合，未逐份语义审阅或执行。,与开场清单一致,f4d395c7dbeed1e36263982d5615ae152a8f3c1231f45429ede4c4124c1b7092
WorkBuddy,临时文件\backup_marketplace_20260911_140115\skills\prefab-interior-knowledge\references\metrics-core.md,D:\WorkBuddy\01_活跃项目\装配式装修技术专家包\临时文件\backup_marketplace_20260911_140115\skills\prefab-interior-knowledge\references\metrics-core.md,175318,1ee3db46a98ee733e4aefc6501829ef8c53965086da675a49826a743cb7a7309,temp,跳过-历史临时材料,清单及字节哈希,旧备份、一次性脚本、日志或取证图；不处于本轮现行正文审阅集合，未逐份语义审阅或执行。,与开场清单一致,1ee3db46a98ee733e4aefc6501829ef8c53965086da675a49826a743cb7a7309
WorkBuddy,临时文件\backup_marketplace_20260911_140115\skills\prefab-interior-knowledge\references\standards-anchor.md,D:\WorkBuddy\01_活跃项目\装配式装修技术专家包\临时文件\backup_marketplace_20260911_140115\skills\prefab-interior-knowledge\references\standards-anchor.md,45692,698e675100e204f38b81fca0715292fad2dfb8ce3a802c485da6b7aea20ee4fc,temp,跳过-历史临时材料,清单及字节哈希,旧备份、一次性脚本、日志或取证图；不处于本轮现行正文审阅集合，未逐份语义审阅或执行。,与开场清单一致,698e675100e204f38b81fca0715292fad2dfb8ce3a802c485da6b7aea20ee4fc
WorkBuddy,临时文件\backup_marketplace_20260913_105149\README.md,D:\WorkBuddy\01_活跃项目\装配式装修技术专家包\临时文件\backup_marketplace_20260913_105149\README.md,12050,890013cbcb5e6caee99facc06ba032a2f6ef2edf04e051356c8623115e0a88ff,temp,跳过-历史临时材料,清单及字节哈希,旧备份、一次性脚本、日志或取证图；不处于本轮现行正文审阅集合，未逐份语义审阅或执行。,与开场清单一致,890013cbcb5e6caee99facc06ba032a2f6ef2edf04e051356c8623115e0a88ff
WorkBuddy,临时文件\backup_marketplace_20260913_105149\.codebuddy-plugin\plugin.json,D:\WorkBuddy\01_活跃项目\装配式装修技术专家包\临时文件\backup_marketplace_20260913_105149\.codebuddy-plugin\plugin.json,2422,9a9c51f03b278fe0fa4bcc22ad8948b17ec594f266f6c7ad43a99a0f4cdcbf66,temp,跳过-同字节副本,全文件SHA256比对,与已列对象字节相同，未重复语义阅读；对应：WorkBuddy / 程序\prefab-interior-expert-market\plugins\prefab-interior-expert\.codebuddy-plugin\plugin.json,与开场清单一致,9a9c51f03b278fe0fa4bcc22ad8948b17ec594f266f6c7ad43a99a0f4cdcbf66
WorkBuddy,临时文件\backup_marketplace_20260913_105149\agents\prefab-interior-expert.md,D:\WorkBuddy\01_活跃项目\装配式装修技术专家包\临时文件\backup_marketplace_20260913_105149\agents\prefab-interior-expert.md,13310,0dfabdcc7a503c45ceb1260f7139ec23f1c81bfc2d1fc5d379a48f59c58f64cf,temp,跳过-历史临时材料,清单及字节哈希,旧备份、一次性脚本、日志或取证图；不处于本轮现行正文审阅集合，未逐份语义审阅或执行。,与开场清单一致,0dfabdcc7a503c45ceb1260f7139ec23f1c81bfc2d1fc5d379a48f59c58f64cf
WorkBuddy,临时文件\backup_marketplace_20260913_105149\avatars\.gitkeep,D:\WorkBuddy\01_活跃项目\装配式装修技术专家包\临时文件\backup_marketplace_20260913_105149\avatars\.gitkeep,0,e3b0c44298fc1c149afbf4c8996fb92427ae41e4649b934ca495991b7852b855,temp,跳过-同字节副本,全文件SHA256比对,与已列对象字节相同，未重复语义阅读；对应：WorkBuddy / 程序\prefab-interior-expert-market\plugins\prefab-interior-expert\avatars\.gitkeep,与开场清单一致,e3b0c44298fc1c149afbf4c8996fb92427ae41e4649b934ca495991b7852b855
WorkBuddy,临时文件\backup_marketplace_20260913_105149\avatars\expert.png,D:\WorkBuddy\01_活跃项目\装配式装修技术专家包\临时文件\backup_marketplace_20260913_105149\avatars\expert.png,458810,a2e1fde41880e5255beaf3c9e939fa3705b71f239510303db2fff1f5b40b2eaa,temp,跳过-同字节副本,全文件SHA256比对,与已列对象字节相同，未重复语义阅读；对应：WorkBuddy / 程序\prefab-interior-expert-market\plugins\prefab-interior-expert\avatars\expert.png,与开场清单一致,a2e1fde41880e5255beaf3c9e939fa3705b71f239510303db2fff1f5b40b2eaa
WorkBuddy,临时文件\backup_marketplace_20260913_105149\eval\eval-cases.md,D:\WorkBuddy\01_活跃项目\装配式装修技术专家包\临时文件\backup_marketplace_20260913_105149\eval\eval-cases.md,7830,288242198d46de633cba54afdc3ac3e711257c3508d67494d3a412e759197c7a,temp,跳过-历史临时材料,清单及字节哈希,旧备份、一次性脚本、日志或取证图；不处于本轮现行正文审阅集合，未逐份语义审阅或执行。,与开场清单一致,288242198d46de633cba54afdc3ac3e711257c3508d67494d3a412e759197c7a
WorkBuddy,临时文件\backup_marketplace_20260913_105149\eval\verify_knowledge_base.py,D:\WorkBuddy\01_活跃项目\装配式装修技术专家包\临时文件\backup_marketplace_20260913_105149\eval\verify_knowledge_base.py,28708,63be19da08317cf3e5e0342eef76f294c69fbf4146341dee05f42adcea6d9356,temp,跳过-历史临时材料,清单及字节哈希,旧备份、一次性脚本、日志或取证图；不处于本轮现行正文审阅集合，未逐份语义审阅或执行。,与开场清单一致,63be19da08317cf3e5e0342eef76f294c69fbf4146341dee05f42adcea6d9356
WorkBuddy,临时文件\backup_marketplace_20260913_105149\skills\prefab-interior-knowledge\SKILL.md,D:\WorkBuddy\01_活跃项目\装配式装修技术专家包\临时文件\backup_marketplace_20260913_105149\skills\prefab-interior-knowledge\SKILL.md,4931,3b30d46d828822252944f51b4bda53555bfacc61b38d2ffe509be0877813dd37,temp,跳过-历史临时材料,清单及字节哈希,旧备份、一次性脚本、日志或取证图；不处于本轮现行正文审阅集合，未逐份语义审阅或执行。,与开场清单一致,3b30d46d828822252944f51b4bda53555bfacc61b38d2ffe509be0877813dd37
WorkBuddy,临时文件\backup_marketplace_20260913_105149\skills\prefab-interior-knowledge\references\citation-discipline.md,D:\WorkBuddy\01_活跃项目\装配式装修技术专家包\临时文件\backup_marketplace_20260913_105149\skills\prefab-interior-knowledge\references\citation-discipline.md,22324,caa8e4a8fd7bf2add60c2f050c6dbe0b9f743f46909111e1099fd3057e7b2715,temp,跳过-历史临时材料,清单及字节哈希,旧备份、一次性脚本、日志或取证图；不处于本轮现行正文审阅集合，未逐份语义审阅或执行。,与开场清单一致,caa8e4a8fd7bf2add60c2f050c6dbe0b9f743f46909111e1099fd3057e7b2715
WorkBuddy,临时文件\backup_marketplace_20260913_105149\skills\prefab-interior-knowledge\references\decision-log.md,D:\WorkBuddy\01_活跃项目\装配式装修技术专家包\临时文件\backup_marketplace_20260913_105149\skills\prefab-interior-knowledge\references\decision-log.md,6860,1d9beef5ace76d2c956200056bc0a0b647d75cdcc3db82e6e464f2017d86d679,temp,跳过-历史临时材料,清单及字节哈希,旧备份、一次性脚本、日志或取证图；不处于本轮现行正文审阅集合，未逐份语义审阅或执行。,与开场清单一致,1d9beef5ace76d2c956200056bc0a0b647d75cdcc3db82e6e464f2017d86d679
WorkBuddy,临时文件\backup_marketplace_20260913_105149\skills\prefab-interior-knowledge\references\ima-standards-library.md,D:\WorkBuddy\01_活跃项目\装配式装修技术专家包\临时文件\backup_marketplace_20260913_105149\skills\prefab-interior-knowledge\references\ima-standards-library.md,46235,2cbba65d8c5265a6d9720e770c000be01ed7df72b4cc5717ee4ce95e084e00f5,temp,跳过-历史临时材料,清单及字节哈希,旧备份、一次性脚本、日志或取证图；不处于本轮现行正文审阅集合，未逐份语义审阅或执行。,与开场清单一致,2cbba65d8c5265a6d9720e770c000be01ed7df72b4cc5717ee4ce95e084e00f5
WorkBuddy,临时文件\backup_marketplace_20260913_105149\skills\prefab-interior-knowledge\references\knowledge-architecture.md,D:\WorkBuddy\01_活跃项目\装配式装修技术专家包\临时文件\backup_marketplace_20260913_105149\skills\prefab-interior-knowledge\references\knowledge-architecture.md,14241,6fca42323dcf71e26a81cecf401fe0b0fcc0d72631b47acaf14acafa2ea84b16,temp,跳过-历史临时材料,清单及字节哈希,旧备份、一次性脚本、日志或取证图；不处于本轮现行正文审阅集合，未逐份语义审阅或执行。,与开场清单一致,6fca42323dcf71e26a81cecf401fe0b0fcc0d72631b47acaf14acafa2ea84b16
WorkBuddy,临时文件\backup_marketplace_20260913_105149\skills\prefab-interior-knowledge\references\knowledge-cards-batch1.md,D:\WorkBuddy\01_活跃项目\装配式装修技术专家包\临时文件\backup_marketplace_20260913_105149\skills\prefab-interior-knowledge\references\knowledge-cards-batch1.md,155148,c2ee37ca94fa8443417607dfe183a3f5bbce5a542aded59f7431b2beb17d3d87,temp,跳过-历史临时材料,清单及字节哈希,旧备份、一次性脚本、日志或取证图；不处于本轮现行正文审阅集合，未逐份语义审阅或执行。,与开场清单一致,c2ee37ca94fa8443417607dfe183a3f5bbce5a542aded59f7431b2beb17d3d87
WorkBuddy,临时文件\backup_marketplace_20260913_105149\skills\prefab-interior-knowledge\references\knowledge-map.md,D:\WorkBuddy\01_活跃项目\装配式装修技术专家包\临时文件\backup_marketplace_20260913_105149\skills\prefab-interior-knowledge\references\knowledge-map.md,10539,4789ad0ec4067dba0d8ae812f067c8fd83dd2878ae68f5bf9c82af976c2c1468,temp,跳过-同字节副本,全文件SHA256比对,与已列对象字节相同，未重复语义阅读；对应：WorkBuddy / 程序\prefab-interior-expert-market\plugins\prefab-interior-expert\skills\prefab-interior-knowledge\references\knowledge-map.md,与开场清单一致,4789ad0ec4067dba0d8ae812f067c8fd83dd2878ae68f5bf9c82af976c2c1468
WorkBuddy,临时文件\backup_marketplace_20260913_105149\skills\prefab-interior-knowledge\references\methodology-playbook.md,D:\WorkBuddy\01_活跃项目\装配式装修技术专家包\临时文件\backup_marketplace_20260913_105149\skills\prefab-interior-knowledge\references\methodology-playbook.md,8670,f4d395c7dbeed1e36263982d5615ae152a8f3c1231f45429ede4c4124c1b7092,temp,跳过-历史临时材料,清单及字节哈希,旧备份、一次性脚本、日志或取证图；不处于本轮现行正文审阅集合，未逐份语义审阅或执行。,与开场清单一致,f4d395c7dbeed1e36263982d5615ae152a8f3c1231f45429ede4c4124c1b7092
WorkBuddy,临时文件\backup_marketplace_20260913_105149\skills\prefab-interior-knowledge\references\metrics-core.md,D:\WorkBuddy\01_活跃项目\装配式装修技术专家包\临时文件\backup_marketplace_20260913_105149\skills\prefab-interior-knowledge\references\metrics-core.md,175318,1ee3db46a98ee733e4aefc6501829ef8c53965086da675a49826a743cb7a7309,temp,跳过-历史临时材料,清单及字节哈希,旧备份、一次性脚本、日志或取证图；不处于本轮现行正文审阅集合，未逐份语义审阅或执行。,与开场清单一致,1ee3db46a98ee733e4aefc6501829ef8c53965086da675a49826a743cb7a7309
WorkBuddy,临时文件\backup_marketplace_20260913_105149\skills\prefab-interior-knowledge\references\standards-anchor.md,D:\WorkBuddy\01_活跃项目\装配式装修技术专家包\临时文件\backup_marketplace_20260913_105149\skills\prefab-interior-knowledge\references\standards-anchor.md,45692,698e675100e204f38b81fca0715292fad2dfb8ce3a802c485da6b7aea20ee4fc,temp,跳过-历史临时材料,清单及字节哈希,旧备份、一次性脚本、日志或取证图；不处于本轮现行正文审阅集合，未逐份语义审阅或执行。,与开场清单一致,698e675100e204f38b81fca0715292fad2dfb8ce3a802c485da6b7aea20ee4fc
WorkBuddy,临时文件\backup_marketplace_20260913_193800\README.md,D:\WorkBuddy\01_活跃项目\装配式装修技术专家包\临时文件\backup_marketplace_20260913_193800\README.md,12436,8ae3bf261b422ecd396e40ac846097bf5e81a1274aa106427cc2a7ae50d81e48,temp,跳过-历史临时材料,清单及字节哈希,旧备份、一次性脚本、日志或取证图；不处于本轮现行正文审阅集合，未逐份语义审阅或执行。,与开场清单一致,8ae3bf261b422ecd396e40ac846097bf5e81a1274aa106427cc2a7ae50d81e48
WorkBuddy,临时文件\backup_marketplace_20260913_193800\.codebuddy-plugin\plugin.json,D:\WorkBuddy\01_活跃项目\装配式装修技术专家包\临时文件\backup_marketplace_20260913_193800\.codebuddy-plugin\plugin.json,2422,9a9c51f03b278fe0fa4bcc22ad8948b17ec594f266f6c7ad43a99a0f4cdcbf66,temp,跳过-同字节副本,全文件SHA256比对,与已列对象字节相同，未重复语义阅读；对应：WorkBuddy / 程序\prefab-interior-expert-market\plugins\prefab-interior-expert\.codebuddy-plugin\plugin.json,与开场清单一致,9a9c51f03b278fe0fa4bcc22ad8948b17ec594f266f6c7ad43a99a0f4cdcbf66
WorkBuddy,临时文件\backup_marketplace_20260913_193800\agents\prefab-interior-expert.md,D:\WorkBuddy\01_活跃项目\装配式装修技术专家包\临时文件\backup_marketplace_20260913_193800\agents\prefab-interior-expert.md,13456,9e4abfc5b1deec81e4238b10039485818269f4faa22b7f3f5a454a6ce8004693,temp,跳过-历史临时材料,清单及字节哈希,旧备份、一次性脚本、日志或取证图；不处于本轮现行正文审阅集合，未逐份语义审阅或执行。,与开场清单一致,9e4abfc5b1deec81e4238b10039485818269f4faa22b7f3f5a454a6ce8004693
WorkBuddy,临时文件\backup_marketplace_20260913_193800\avatars\.gitkeep,D:\WorkBuddy\01_活跃项目\装配式装修技术专家包\临时文件\backup_marketplace_20260913_193800\avatars\.gitkeep,0,e3b0c44298fc1c149afbf4c8996fb92427ae41e4649b934ca495991b7852b855,temp,跳过-同字节副本,全文件SHA256比对,与已列对象字节相同，未重复语义阅读；对应：WorkBuddy / 程序\prefab-interior-expert-market\plugins\prefab-interior-expert\avatars\.gitkeep,与开场清单一致,e3b0c44298fc1c149afbf4c8996fb92427ae41e4649b934ca495991b7852b855
WorkBuddy,临时文件\backup_marketplace_20260913_193800\avatars\expert.png,D:\WorkBuddy\01_活跃项目\装配式装修技术专家包\临时文件\backup_marketplace_20260913_193800\avatars\expert.png,458810,a2e1fde41880e5255beaf3c9e939fa3705b71f239510303db2fff1f5b40b2eaa,temp,跳过-同字节副本,全文件SHA256比对,与已列对象字节相同，未重复语义阅读；对应：WorkBuddy / 程序\prefab-interior-expert-market\plugins\prefab-interior-expert\avatars\expert.png,与开场清单一致,a2e1fde41880e5255beaf3c9e939fa3705b71f239510303db2fff1f5b40b2eaa
WorkBuddy,临时文件\backup_marketplace_20260913_193800\eval\eval-cases.md,D:\WorkBuddy\01_活跃项目\装配式装修技术专家包\临时文件\backup_marketplace_20260913_193800\eval\eval-cases.md,8900,564df727980d06429817442e2cf981e8822828ad9a623d3216e928bd0e5f71b8,temp,跳过-历史临时材料,清单及字节哈希,旧备份、一次性脚本、日志或取证图；不处于本轮现行正文审阅集合，未逐份语义审阅或执行。,与开场清单一致,564df727980d06429817442e2cf981e8822828ad9a623d3216e928bd0e5f71b8
WorkBuddy,临时文件\backup_marketplace_20260913_193800\eval\verify_knowledge_base.py,D:\WorkBuddy\01_活跃项目\装配式装修技术专家包\临时文件\backup_marketplace_20260913_193800\eval\verify_knowledge_base.py,40372,a8af96bc7be0d9ce07bd698ec36462f6b087bc613dfefc91899b1b6f5b4d6f7a,temp,跳过-历史临时材料,清单及字节哈希,旧备份、一次性脚本、日志或取证图；不处于本轮现行正文审阅集合，未逐份语义审阅或执行。,与开场清单一致,a8af96bc7be0d9ce07bd698ec36462f6b087bc613dfefc91899b1b6f5b4d6f7a
WorkBuddy,临时文件\backup_marketplace_20260913_193800\skills\prefab-interior-knowledge\SKILL.md,D:\WorkBuddy\01_活跃项目\装配式装修技术专家包\临时文件\backup_marketplace_20260913_193800\skills\prefab-interior-knowledge\SKILL.md,5041,aa4a5074859ac4411d119d74fba2aa0a34d7070cb031db4be81c261566dbe6bc,temp,跳过-同字节副本,全文件SHA256比对,与已列对象字节相同，未重复语义阅读；对应：WorkBuddy / 程序\prefab-interior-expert-market\plugins\prefab-interior-expert\skills\prefab-interior-knowledge\SKILL.md,与开场清单一致,aa4a5074859ac4411d119d74fba2aa0a34d7070cb031db4be81c261566dbe6bc
WorkBuddy,临时文件\backup_marketplace_20260913_193800\skills\prefab-interior-knowledge\references\citation-discipline.md,D:\WorkBuddy\01_活跃项目\装配式装修技术专家包\临时文件\backup_marketplace_20260913_193800\skills\prefab-interior-knowledge\references\citation-discipline.md,25299,4615957f6282e67ea565baea27d55fd042d952c87d0bf00c1db20402cbb349a6,temp,跳过-同字节副本,全文件SHA256比对,与已列对象字节相同，未重复语义阅读；对应：WorkBuddy / 程序\prefab-interior-expert-market\plugins\prefab-interior-expert\skills\prefab-interior-knowledge\references\citation-discipline.md,与开场清单一致,4615957f6282e67ea565baea27d55fd042d952c87d0bf00c1db20402cbb349a6
WorkBuddy,临时文件\backup_marketplace_20260913_193800\skills\prefab-interior-knowledge\references\decision-log.md,D:\WorkBuddy\01_活跃项目\装配式装修技术专家包\临时文件\backup_marketplace_20260913_193800\skills\prefab-interior-knowledge\references\decision-log.md,12168,ff5c3560b72278f464d578aae020516ed2a0b36e4fc79b6f1d356b31a65a980d,temp,跳过-同字节副本,全文件SHA256比对,与已列对象字节相同，未重复语义阅读；对应：WorkBuddy / 程序\prefab-interior-expert-market\plugins\prefab-interior-expert\skills\prefab-interior-knowledge\references\decision-log.md,与开场清单一致,ff5c3560b72278f464d578aae020516ed2a0b36e4fc79b6f1d356b31a65a980d
WorkBuddy,临时文件\backup_marketplace_20260913_193800\skills\prefab-interior-knowledge\references\ima-standards-library.md,D:\WorkBuddy\01_活跃项目\装配式装修技术专家包\临时文件\backup_marketplace_20260913_193800\skills\prefab-interior-knowledge\references\ima-standards-library.md,46235,2cbba65d8c5265a6d9720e770c000be01ed7df72b4cc5717ee4ce95e084e00f5,temp,跳过-历史临时材料,清单及字节哈希,旧备份、一次性脚本、日志或取证图；不处于本轮现行正文审阅集合，未逐份语义审阅或执行。,与开场清单一致,2cbba65d8c5265a6d9720e770c000be01ed7df72b4cc5717ee4ce95e084e00f5
WorkBuddy,临时文件\backup_marketplace_20260913_193800\skills\prefab-interior-knowledge\references\knowledge-architecture.md,D:\WorkBuddy\01_活跃项目\装配式装修技术专家包\临时文件\backup_marketplace_20260913_193800\skills\prefab-interior-knowledge\references\knowledge-architecture.md,16692,08c099f6df100d50af726594668f9352f39221243c78ce6171c88011815a25b0,temp,跳过-历史临时材料,清单及字节哈希,旧备份、一次性脚本、日志或取证图；不处于本轮现行正文审阅集合，未逐份语义审阅或执行。,与开场清单一致,08c099f6df100d50af726594668f9352f39221243c78ce6171c88011815a25b0
WorkBuddy,临时文件\backup_marketplace_20260913_193800\skills\prefab-interior-knowledge\references\knowledge-cards-batch1.md,D:\WorkBuddy\01_活跃项目\装配式装修技术专家包\临时文件\backup_marketplace_20260913_193800\skills\prefab-interior-knowledge\references\knowledge-cards-batch1.md,160529,1c5f07eaf83320c6df1b8f6dbaf5b9269cecdffb2512d4064b101d04d866c181,temp,跳过-历史临时材料,清单及字节哈希,旧备份、一次性脚本、日志或取证图；不处于本轮现行正文审阅集合，未逐份语义审阅或执行。,与开场清单一致,1c5f07eaf83320c6df1b8f6dbaf5b9269cecdffb2512d4064b101d04d866c181
WorkBuddy,临时文件\backup_marketplace_20260913_193800\skills\prefab-interior-knowledge\references\knowledge-map.md,D:\WorkBuddy\01_活跃项目\装配式装修技术专家包\临时文件\backup_marketplace_20260913_193800\skills\prefab-interior-knowledge\references\knowledge-map.md,10539,4789ad0ec4067dba0d8ae812f067c8fd83dd2878ae68f5bf9c82af976c2c1468,temp,跳过-同字节副本,全文件SHA256比对,与已列对象字节相同，未重复语义阅读；对应：WorkBuddy / 程序\prefab-interior-expert-market\plugins\prefab-interior-expert\skills\prefab-interior-knowledge\references\knowledge-map.md,与开场清单一致,4789ad0ec4067dba0d8ae812f067c8fd83dd2878ae68f5bf9c82af976c2c1468
WorkBuddy,临时文件\backup_marketplace_20260913_193800\skills\prefab-interior-knowledge\references\methodology-playbook.md,D:\WorkBuddy\01_活跃项目\装配式装修技术专家包\临时文件\backup_marketplace_20260913_193800\skills\prefab-interior-knowledge\references\methodology-playbook.md,8878,7ddaf17a28d80a76f49faed7cccf89cf6a2b8511ec93fa11cdf194be61e8d321,temp,跳过-同字节副本,全文件SHA256比对,与已列对象字节相同，未重复语义阅读；对应：WorkBuddy / 程序\prefab-interior-expert-market\plugins\prefab-interior-expert\skills\prefab-interior-knowledge\references\methodology-playbook.md,与开场清单一致,7ddaf17a28d80a76f49faed7cccf89cf6a2b8511ec93fa11cdf194be61e8d321
WorkBuddy,临时文件\backup_marketplace_20260913_193800\skills\prefab-interior-knowledge\references\metrics-core.md,D:\WorkBuddy\01_活跃项目\装配式装修技术专家包\临时文件\backup_marketplace_20260913_193800\skills\prefab-interior-knowledge\references\metrics-core.md,177981,c0f9bf722f245243e9dc4c2867db2f663aa2519e85dc73a5209669935e960a75,temp,跳过-历史临时材料,清单及字节哈希,旧备份、一次性脚本、日志或取证图；不处于本轮现行正文审阅集合，未逐份语义审阅或执行。,与开场清单一致,c0f9bf722f245243e9dc4c2867db2f663aa2519e85dc73a5209669935e960a75
WorkBuddy,临时文件\backup_marketplace_20260913_193800\skills\prefab-interior-knowledge\references\standards-anchor.md,D:\WorkBuddy\01_活跃项目\装配式装修技术专家包\临时文件\backup_marketplace_20260913_193800\skills\prefab-interior-knowledge\references\standards-anchor.md,45692,698e675100e204f38b81fca0715292fad2dfb8ce3a802c485da6b7aea20ee4fc,temp,跳过-历史临时材料,清单及字节哈希,旧备份、一次性脚本、日志或取证图；不处于本轮现行正文审阅集合，未逐份语义审阅或执行。,与开场清单一致,698e675100e204f38b81fca0715292fad2dfb8ce3a802c485da6b7aea20ee4fc
WorkBuddy,临时文件\backup_marketplace_20260913_215354\README.md,D:\WorkBuddy\01_活跃项目\装配式装修技术专家包\临时文件\backup_marketplace_20260913_215354\README.md,12436,8ae3bf261b422ecd396e40ac846097bf5e81a1274aa106427cc2a7ae50d81e48,temp,跳过-历史临时材料,清单及字节哈希,旧备份、一次性脚本、日志或取证图；不处于本轮现行正文审阅集合，未逐份语义审阅或执行。,与开场清单一致,8ae3bf261b422ecd396e40ac846097bf5e81a1274aa106427cc2a7ae50d81e48
WorkBuddy,临时文件\backup_marketplace_20260913_215354\.codebuddy-plugin\plugin.json,D:\WorkBuddy\01_活跃项目\装配式装修技术专家包\临时文件\backup_marketplace_20260913_215354\.codebuddy-plugin\plugin.json,2422,9a9c51f03b278fe0fa4bcc22ad8948b17ec594f266f6c7ad43a99a0f4cdcbf66,temp,跳过-同字节副本,全文件SHA256比对,与已列对象字节相同，未重复语义阅读；对应：WorkBuddy / 程序\prefab-interior-expert-market\plugins\prefab-interior-expert\.codebuddy-plugin\plugin.json,与开场清单一致,9a9c51f03b278fe0fa4bcc22ad8948b17ec594f266f6c7ad43a99a0f4cdcbf66
WorkBuddy,临时文件\backup_marketplace_20260913_215354\agents\prefab-interior-expert.md,D:\WorkBuddy\01_活跃项目\装配式装修技术专家包\临时文件\backup_marketplace_20260913_215354\agents\prefab-interior-expert.md,13456,9e4abfc5b1deec81e4238b10039485818269f4faa22b7f3f5a454a6ce8004693,temp,跳过-历史临时材料,清单及字节哈希,旧备份、一次性脚本、日志或取证图；不处于本轮现行正文审阅集合，未逐份语义审阅或执行。,与开场清单一致,9e4abfc5b1deec81e4238b10039485818269f4faa22b7f3f5a454a6ce8004693
WorkBuddy,临时文件\backup_marketplace_20260913_215354\avatars\.gitkeep,D:\WorkBuddy\01_活跃项目\装配式装修技术专家包\临时文件\backup_marketplace_20260913_215354\avatars\.gitkeep,0,e3b0c44298fc1c149afbf4c8996fb92427ae41e4649b934ca495991b7852b855,temp,跳过-同字节副本,全文件SHA256比对,与已列对象字节相同，未重复语义阅读；对应：WorkBuddy / 程序\prefab-interior-expert-market\plugins\prefab-interior-expert\avatars\.gitkeep,与开场清单一致,e3b0c44298fc1c149afbf4c8996fb92427ae41e4649b934ca495991b7852b855
WorkBuddy,临时文件\backup_marketplace_20260913_215354\avatars\expert.png,D:\WorkBuddy\01_活跃项目\装配式装修技术专家包\临时文件\backup_marketplace_20260913_215354\avatars\expert.png,458810,a2e1fde41880e5255beaf3c9e939fa3705b71f239510303db2fff1f5b40b2eaa,temp,跳过-同字节副本,全文件SHA256比对,与已列对象字节相同，未重复语义阅读；对应：WorkBuddy / 程序\prefab-interior-expert-market\plugins\prefab-interior-expert\avatars\expert.png,与开场清单一致,a2e1fde41880e5255beaf3c9e939fa3705b71f239510303db2fff1f5b40b2eaa
WorkBuddy,临时文件\backup_marketplace_20260913_215354\eval\eval-cases.md,D:\WorkBuddy\01_活跃项目\装配式装修技术专家包\临时文件\backup_marketplace_20260913_215354\eval\eval-cases.md,9152,c429cf24b35ef94a24fad2466c7b35850c00d24ec1df49ed7254c66bf580ccb4,temp,跳过-历史临时材料,清单及字节哈希,旧备份、一次性脚本、日志或取证图；不处于本轮现行正文审阅集合，未逐份语义审阅或执行。,与开场清单一致,c429cf24b35ef94a24fad2466c7b35850c00d24ec1df49ed7254c66bf580ccb4
WorkBuddy,临时文件\backup_marketplace_20260913_215354\eval\verify_knowledge_base.py,D:\WorkBuddy\01_活跃项目\装配式装修技术专家包\临时文件\backup_marketplace_20260913_215354\eval\verify_knowledge_base.py,41172,39aadd49844a4cfecd19b798d80dbedfe726a83c1b0111e5049bd1ab4a0f5ab0,temp,跳过-历史临时材料,清单及字节哈希,旧备份、一次性脚本、日志或取证图；不处于本轮现行正文审阅集合，未逐份语义审阅或执行。,与开场清单一致,39aadd49844a4cfecd19b798d80dbedfe726a83c1b0111e5049bd1ab4a0f5ab0
WorkBuddy,临时文件\backup_marketplace_20260913_215354\skills\prefab-interior-knowledge\SKILL.md,D:\WorkBuddy\01_活跃项目\装配式装修技术专家包\临时文件\backup_marketplace_20260913_215354\skills\prefab-interior-knowledge\SKILL.md,5041,aa4a5074859ac4411d119d74fba2aa0a34d7070cb031db4be81c261566dbe6bc,temp,跳过-同字节副本,全文件SHA256比对,与已列对象字节相同，未重复语义阅读；对应：WorkBuddy / 程序\prefab-interior-expert-market\plugins\prefab-interior-expert\skills\prefab-interior-knowledge\SKILL.md,与开场清单一致,aa4a5074859ac4411d119d74fba2aa0a34d7070cb031db4be81c261566dbe6bc
WorkBuddy,临时文件\backup_marketplace_20260913_215354\skills\prefab-interior-knowledge\references\citation-discipline.md,D:\WorkBuddy\01_活跃项目\装配式装修技术专家包\临时文件\backup_marketplace_20260913_215354\skills\prefab-interior-knowledge\references\citation-discipline.md,25299,4615957f6282e67ea565baea27d55fd042d952c87d0bf00c1db20402cbb349a6,temp,跳过-同字节副本,全文件SHA256比对,与已列对象字节相同，未重复语义阅读；对应：WorkBuddy / 程序\prefab-interior-expert-market\plugins\prefab-interior-expert\skills\prefab-interior-knowledge\references\citation-discipline.md,与开场清单一致,4615957f6282e67ea565baea27d55fd042d952c87d0bf00c1db20402cbb349a6
WorkBuddy,临时文件\backup_marketplace_20260913_215354\skills\prefab-interior-knowledge\references\decision-log.md,D:\WorkBuddy\01_活跃项目\装配式装修技术专家包\临时文件\backup_marketplace_20260913_215354\skills\prefab-interior-knowledge\references\decision-log.md,12168,ff5c3560b72278f464d578aae020516ed2a0b36e4fc79b6f1d356b31a65a980d,temp,跳过-同字节副本,全文件SHA256比对,与已列对象字节相同，未重复语义阅读；对应：WorkBuddy / 程序\prefab-interior-expert-market\plugins\prefab-interior-expert\skills\prefab-interior-knowledge\references\decision-log.md,与开场清单一致,ff5c3560b72278f464d578aae020516ed2a0b36e4fc79b6f1d356b31a65a980d
WorkBuddy,临时文件\backup_marketplace_20260913_215354\skills\prefab-interior-knowledge\references\ima-standards-library.md,D:\WorkBuddy\01_活跃项目\装配式装修技术专家包\临时文件\backup_marketplace_20260913_215354\skills\prefab-interior-knowledge\references\ima-standards-library.md,46235,2cbba65d8c5265a6d9720e770c000be01ed7df72b4cc5717ee4ce95e084e00f5,temp,跳过-历史临时材料,清单及字节哈希,旧备份、一次性脚本、日志或取证图；不处于本轮现行正文审阅集合，未逐份语义审阅或执行。,与开场清单一致,2cbba65d8c5265a6d9720e770c000be01ed7df72b4cc5717ee4ce95e084e00f5
WorkBuddy,临时文件\backup_marketplace_20260913_215354\skills\prefab-interior-knowledge\references\knowledge-architecture.md,D:\WorkBuddy\01_活跃项目\装配式装修技术专家包\临时文件\backup_marketplace_20260913_215354\skills\prefab-interior-knowledge\references\knowledge-architecture.md,16692,08c099f6df100d50af726594668f9352f39221243c78ce6171c88011815a25b0,temp,跳过-历史临时材料,清单及字节哈希,旧备份、一次性脚本、日志或取证图；不处于本轮现行正文审阅集合，未逐份语义审阅或执行。,与开场清单一致,08c099f6df100d50af726594668f9352f39221243c78ce6171c88011815a25b0
WorkBuddy,临时文件\backup_marketplace_20260913_215354\skills\prefab-interior-knowledge\references\knowledge-cards-batch1.md,D:\WorkBuddy\01_活跃项目\装配式装修技术专家包\临时文件\backup_marketplace_20260913_215354\skills\prefab-interior-knowledge\references\knowledge-cards-batch1.md,160529,1c5f07eaf83320c6df1b8f6dbaf5b9269cecdffb2512d4064b101d04d866c181,temp,跳过-历史临时材料,清单及字节哈希,旧备份、一次性脚本、日志或取证图；不处于本轮现行正文审阅集合，未逐份语义审阅或执行。,与开场清单一致,1c5f07eaf83320c6df1b8f6dbaf5b9269cecdffb2512d4064b101d04d866c181
WorkBuddy,临时文件\backup_marketplace_20260913_215354\skills\prefab-interior-knowledge\references\knowledge-map.md,D:\WorkBuddy\01_活跃项目\装配式装修技术专家包\临时文件\backup_marketplace_20260913_215354\skills\prefab-interior-knowledge\references\knowledge-map.md,10539,4789ad0ec4067dba0d8ae812f067c8fd83dd2878ae68f5bf9c82af976c2c1468,temp,跳过-同字节副本,全文件SHA256比对,与已列对象字节相同，未重复语义阅读；对应：WorkBuddy / 程序\prefab-interior-expert-market\plugins\prefab-interior-expert\skills\prefab-interior-knowledge\references\knowledge-map.md,与开场清单一致,4789ad0ec4067dba0d8ae812f067c8fd83dd2878ae68f5bf9c82af976c2c1468
WorkBuddy,临时文件\backup_marketplace_20260913_215354\skills\prefab-interior-knowledge\references\methodology-playbook.md,D:\WorkBuddy\01_活跃项目\装配式装修技术专家包\临时文件\backup_marketplace_20260913_215354\skills\prefab-interior-knowledge\references\methodology-playbook.md,8878,7ddaf17a28d80a76f49faed7cccf89cf6a2b8511ec93fa11cdf194be61e8d321,temp,跳过-同字节副本,全文件SHA256比对,与已列对象字节相同，未重复语义阅读；对应：WorkBuddy / 程序\prefab-interior-expert-market\plugins\prefab-interior-expert\skills\prefab-interior-knowledge\references\methodology-playbook.md,与开场清单一致,7ddaf17a28d80a76f49faed7cccf89cf6a2b8511ec93fa11cdf194be61e8d321
WorkBuddy,临时文件\backup_marketplace_20260913_215354\skills\prefab-interior-knowledge\references\metrics-core.md,D:\WorkBuddy\01_活跃项目\装配式装修技术专家包\临时文件\backup_marketplace_20260913_215354\skills\prefab-interior-knowledge\references\metrics-core.md,177981,c0f9bf722f245243e9dc4c2867db2f663aa2519e85dc73a5209669935e960a75,temp,跳过-历史临时材料,清单及字节哈希,旧备份、一次性脚本、日志或取证图；不处于本轮现行正文审阅集合，未逐份语义审阅或执行。,与开场清单一致,c0f9bf722f245243e9dc4c2867db2f663aa2519e85dc73a5209669935e960a75
WorkBuddy,临时文件\backup_marketplace_20260913_215354\skills\prefab-interior-knowledge\references\standards-anchor.md,D:\WorkBuddy\01_活跃项目\装配式装修技术专家包\临时文件\backup_marketplace_20260913_215354\skills\prefab-interior-knowledge\references\standards-anchor.md,45692,698e675100e204f38b81fca0715292fad2dfb8ce3a802c485da6b7aea20ee4fc,temp,跳过-历史临时材料,清单及字节哈希,旧备份、一次性脚本、日志或取证图；不处于本轮现行正文审阅集合，未逐份语义审阅或执行。,与开场清单一致,698e675100e204f38b81fca0715292fad2dfb8ce3a802c485da6b7aea20ee4fc
WorkBuddy,临时文件\backup_marketplace_20260914_085819\README.md,D:\WorkBuddy\01_活跃项目\装配式装修技术专家包\临时文件\backup_marketplace_20260914_085819\README.md,12515,2fa198385c8ca237c11510b0cb2e29f78e0522866b354aee8027d9ad733ebe34,temp,跳过-历史临时材料,清单及字节哈希,旧备份、一次性脚本、日志或取证图；不处于本轮现行正文审阅集合，未逐份语义审阅或执行。,与开场清单一致,2fa198385c8ca237c11510b0cb2e29f78e0522866b354aee8027d9ad733ebe34
WorkBuddy,临时文件\backup_marketplace_20260914_085819\.codebuddy-plugin\plugin.json,D:\WorkBuddy\01_活跃项目\装配式装修技术专家包\临时文件\backup_marketplace_20260914_085819\.codebuddy-plugin\plugin.json,2422,9a9c51f03b278fe0fa4bcc22ad8948b17ec594f266f6c7ad43a99a0f4cdcbf66,temp,跳过-同字节副本,全文件SHA256比对,与已列对象字节相同，未重复语义阅读；对应：WorkBuddy / 程序\prefab-interior-expert-market\plugins\prefab-interior-expert\.codebuddy-plugin\plugin.json,与开场清单一致,9a9c51f03b278fe0fa4bcc22ad8948b17ec594f266f6c7ad43a99a0f4cdcbf66
WorkBuddy,临时文件\backup_marketplace_20260914_085819\agents\prefab-interior-expert.md,D:\WorkBuddy\01_活跃项目\装配式装修技术专家包\临时文件\backup_marketplace_20260914_085819\agents\prefab-interior-expert.md,13456,9e4abfc5b1deec81e4238b10039485818269f4faa22b7f3f5a454a6ce8004693,temp,跳过-历史临时材料,清单及字节哈希,旧备份、一次性脚本、日志或取证图；不处于本轮现行正文审阅集合，未逐份语义审阅或执行。,与开场清单一致,9e4abfc5b1deec81e4238b10039485818269f4faa22b7f3f5a454a6ce8004693
WorkBuddy,临时文件\backup_marketplace_20260914_085819\avatars\.gitkeep,D:\WorkBuddy\01_活跃项目\装配式装修技术专家包\临时文件\backup_marketplace_20260914_085819\avatars\.gitkeep,0,e3b0c44298fc1c149afbf4c8996fb92427ae41e4649b934ca495991b7852b855,temp,跳过-同字节副本,全文件SHA256比对,与已列对象字节相同，未重复语义阅读；对应：WorkBuddy / 程序\prefab-interior-expert-market\plugins\prefab-interior-expert\avatars\.gitkeep,与开场清单一致,e3b0c44298fc1c149afbf4c8996fb92427ae41e4649b934ca495991b7852b855
WorkBuddy,临时文件\backup_marketplace_20260914_085819\avatars\expert.png,D:\WorkBuddy\01_活跃项目\装配式装修技术专家包\临时文件\backup_marketplace_20260914_085819\avatars\expert.png,458810,a2e1fde41880e5255beaf3c9e939fa3705b71f239510303db2fff1f5b40b2eaa,temp,跳过-同字节副本,全文件SHA256比对,与已列对象字节相同，未重复语义阅读；对应：WorkBuddy / 程序\prefab-interior-expert-market\plugins\prefab-interior-expert\avatars\expert.png,与开场清单一致,a2e1fde41880e5255beaf3c9e939fa3705b71f239510303db2fff1f5b40b2eaa
WorkBuddy,临时文件\backup_marketplace_20260914_085819\eval\eval-cases.md,D:\WorkBuddy\01_活跃项目\装配式装修技术专家包\临时文件\backup_marketplace_20260914_085819\eval\eval-cases.md,9395,ec050e2aa3d7949223a69b403a07634d4d00f256e8efc2b278a0f9aba14a5e10,temp,跳过-历史临时材料,清单及字节哈希,旧备份、一次性脚本、日志或取证图；不处于本轮现行正文审阅集合，未逐份语义审阅或执行。,与开场清单一致,ec050e2aa3d7949223a69b403a07634d4d00f256e8efc2b278a0f9aba14a5e10
WorkBuddy,临时文件\backup_marketplace_20260914_085819\eval\verify_knowledge_base.py,D:\WorkBuddy\01_活跃项目\装配式装修技术专家包\临时文件\backup_marketplace_20260914_085819\eval\verify_knowledge_base.py,47230,5009a93c20476977026d749c3dbbc86de6ee62c4c2bf50fb6fdef6cc02a20d3a,temp,跳过-历史临时材料,清单及字节哈希,旧备份、一次性脚本、日志或取证图；不处于本轮现行正文审阅集合，未逐份语义审阅或执行。,与开场清单一致,5009a93c20476977026d749c3dbbc86de6ee62c4c2bf50fb6fdef6cc02a20d3a
WorkBuddy,临时文件\backup_marketplace_20260914_085819\skills\prefab-interior-knowledge\SKILL.md,D:\WorkBuddy\01_活跃项目\装配式装修技术专家包\临时文件\backup_marketplace_20260914_085819\skills\prefab-interior-knowledge\SKILL.md,5041,aa4a5074859ac4411d119d74fba2aa0a34d7070cb031db4be81c261566dbe6bc,temp,跳过-同字节副本,全文件SHA256比对,与已列对象字节相同，未重复语义阅读；对应：WorkBuddy / 程序\prefab-interior-expert-market\plugins\prefab-interior-expert\skills\prefab-interior-knowledge\SKILL.md,与开场清单一致,aa4a5074859ac4411d119d74fba2aa0a34d7070cb031db4be81c261566dbe6bc
WorkBuddy,临时文件\backup_marketplace_20260914_085819\skills\prefab-interior-knowledge\references\citation-discipline.md,D:\WorkBuddy\01_活跃项目\装配式装修技术专家包\临时文件\backup_marketplace_20260914_085819\skills\prefab-interior-knowledge\references\citation-discipline.md,25299,4615957f6282e67ea565baea27d55fd042d952c87d0bf00c1db20402cbb349a6,temp,跳过-同字节副本,全文件SHA256比对,与已列对象字节相同，未重复语义阅读；对应：WorkBuddy / 程序\prefab-interior-expert-market\plugins\prefab-interior-expert\skills\prefab-interior-knowledge\references\citation-discipline.md,与开场清单一致,4615957f6282e67ea565baea27d55fd042d952c87d0bf00c1db20402cbb349a6
WorkBuddy,临时文件\backup_marketplace_20260914_085819\skills\prefab-interior-knowledge\references\decision-log.md,D:\WorkBuddy\01_活跃项目\装配式装修技术专家包\临时文件\backup_marketplace_20260914_085819\skills\prefab-interior-knowledge\references\decision-log.md,12168,ff5c3560b72278f464d578aae020516ed2a0b36e4fc79b6f1d356b31a65a980d,temp,跳过-同字节副本,全文件SHA256比对,与已列对象字节相同，未重复语义阅读；对应：WorkBuddy / 程序\prefab-interior-expert-market\plugins\prefab-interior-expert\skills\prefab-interior-knowledge\references\decision-log.md,与开场清单一致,ff5c3560b72278f464d578aae020516ed2a0b36e4fc79b6f1d356b31a65a980d
WorkBuddy,临时文件\backup_marketplace_20260914_085819\skills\prefab-interior-knowledge\references\ima-standards-library.md,D:\WorkBuddy\01_活跃项目\装配式装修技术专家包\临时文件\backup_marketplace_20260914_085819\skills\prefab-interior-knowledge\references\ima-standards-library.md,46235,2cbba65d8c5265a6d9720e770c000be01ed7df72b4cc5717ee4ce95e084e00f5,temp,跳过-历史临时材料,清单及字节哈希,旧备份、一次性脚本、日志或取证图；不处于本轮现行正文审阅集合，未逐份语义审阅或执行。,与开场清单一致,2cbba65d8c5265a6d9720e770c000be01ed7df72b4cc5717ee4ce95e084e00f5
WorkBuddy,临时文件\backup_marketplace_20260914_085819\skills\prefab-interior-knowledge\references\knowledge-architecture.md,D:\WorkBuddy\01_活跃项目\装配式装修技术专家包\临时文件\backup_marketplace_20260914_085819\skills\prefab-interior-knowledge\references\knowledge-architecture.md,16976,b7361ed377676a9075df3cae2bc38b4d7e788673535783efa28a1bd669864a39,temp,跳过-历史临时材料,清单及字节哈希,旧备份、一次性脚本、日志或取证图；不处于本轮现行正文审阅集合，未逐份语义审阅或执行。,与开场清单一致,b7361ed377676a9075df3cae2bc38b4d7e788673535783efa28a1bd669864a39
WorkBuddy,临时文件\backup_marketplace_20260914_085819\skills\prefab-interior-knowledge\references\knowledge-cards-batch1.md,D:\WorkBuddy\01_活跃项目\装配式装修技术专家包\临时文件\backup_marketplace_20260914_085819\skills\prefab-interior-knowledge\references\knowledge-cards-batch1.md,160529,1c5f07eaf83320c6df1b8f6dbaf5b9269cecdffb2512d4064b101d04d866c181,temp,跳过-历史临时材料,清单及字节哈希,旧备份、一次性脚本、日志或取证图；不处于本轮现行正文审阅集合，未逐份语义审阅或执行。,与开场清单一致,1c5f07eaf83320c6df1b8f6dbaf5b9269cecdffb2512d4064b101d04d866c181
WorkBuddy,临时文件\backup_marketplace_20260914_085819\skills\prefab-interior-knowledge\references\knowledge-map.md,D:\WorkBuddy\01_活跃项目\装配式装修技术专家包\临时文件\backup_marketplace_20260914_085819\skills\prefab-interior-knowledge\references\knowledge-map.md,10539,4789ad0ec4067dba0d8ae812f067c8fd83dd2878ae68f5bf9c82af976c2c1468,temp,跳过-同字节副本,全文件SHA256比对,与已列对象字节相同，未重复语义阅读；对应：WorkBuddy / 程序\prefab-interior-expert-market\plugins\prefab-interior-expert\skills\prefab-interior-knowledge\references\knowledge-map.md,与开场清单一致,4789ad0ec4067dba0d8ae812f067c8fd83dd2878ae68f5bf9c82af976c2c1468
WorkBuddy,临时文件\backup_marketplace_20260914_085819\skills\prefab-interior-knowledge\references\methodology-playbook.md,D:\WorkBuddy\01_活跃项目\装配式装修技术专家包\临时文件\backup_marketplace_20260914_085819\skills\prefab-interior-knowledge\references\methodology-playbook.md,8878,7ddaf17a28d80a76f49faed7cccf89cf6a2b8511ec93fa11cdf194be61e8d321,temp,跳过-同字节副本,全文件SHA256比对,与已列对象字节相同，未重复语义阅读；对应：WorkBuddy / 程序\prefab-interior-expert-market\plugins\prefab-interior-expert\skills\prefab-interior-knowledge\references\methodology-playbook.md,与开场清单一致,7ddaf17a28d80a76f49faed7cccf89cf6a2b8511ec93fa11cdf194be61e8d321
WorkBuddy,临时文件\backup_marketplace_20260914_085819\skills\prefab-interior-knowledge\references\metrics-core.md,D:\WorkBuddy\01_活跃项目\装配式装修技术专家包\临时文件\backup_marketplace_20260914_085819\skills\prefab-interior-knowledge\references\metrics-core.md,177981,c0f9bf722f245243e9dc4c2867db2f663aa2519e85dc73a5209669935e960a75,temp,跳过-历史临时材料,清单及字节哈希,旧备份、一次性脚本、日志或取证图；不处于本轮现行正文审阅集合，未逐份语义审阅或执行。,与开场清单一致,c0f9bf722f245243e9dc4c2867db2f663aa2519e85dc73a5209669935e960a75
WorkBuddy,临时文件\backup_marketplace_20260914_085819\skills\prefab-interior-knowledge\references\semantic-surfaces.md,D:\WorkBuddy\01_活跃项目\装配式装修技术专家包\临时文件\backup_marketplace_20260914_085819\skills\prefab-interior-knowledge\references\semantic-surfaces.md,6804,c7516a1b92c8173e524c119df70a9ef780e630340697517b34182422a65d592d,temp,跳过-历史临时材料,清单及字节哈希,旧备份、一次性脚本、日志或取证图；不处于本轮现行正文审阅集合，未逐份语义审阅或执行。,与开场清单一致,c7516a1b92c8173e524c119df70a9ef780e630340697517b34182422a65d592d
WorkBuddy,临时文件\backup_marketplace_20260914_085819\skills\prefab-interior-knowledge\references\standards-anchor.md,D:\WorkBuddy\01_活跃项目\装配式装修技术专家包\临时文件\backup_marketplace_20260914_085819\skills\prefab-interior-knowledge\references\standards-anchor.md,46587,b878e8827aad1cc80bc21016f0f76497f32568e1fc8b051f7151644e50ba4912,temp,跳过-历史临时材料,清单及字节哈希,旧备份、一次性脚本、日志或取证图；不处于本轮现行正文审阅集合，未逐份语义审阅或执行。,与开场清单一致,b878e8827aad1cc80bc21016f0f76497f32568e1fc8b051f7151644e50ba4912
WorkBuddy,临时文件\backup_runtime_20260911_120639\README.md,D:\WorkBuddy\01_活跃项目\装配式装修技术专家包\临时文件\backup_runtime_20260911_120639\README.md,12050,890013cbcb5e6caee99facc06ba032a2f6ef2edf04e051356c8623115e0a88ff,temp,跳过-历史临时材料,清单及字节哈希,旧备份、一次性脚本、日志或取证图；不处于本轮现行正文审阅集合，未逐份语义审阅或执行。,与开场清单一致,890013cbcb5e6caee99facc06ba032a2f6ef2edf04e051356c8623115e0a88ff
WorkBuddy,临时文件\backup_runtime_20260911_120639\.codebuddy-plugin\plugin.json,D:\WorkBuddy\01_活跃项目\装配式装修技术专家包\临时文件\backup_runtime_20260911_120639\.codebuddy-plugin\plugin.json,2422,9a9c51f03b278fe0fa4bcc22ad8948b17ec594f266f6c7ad43a99a0f4cdcbf66,temp,跳过-同字节副本,全文件SHA256比对,与已列对象字节相同，未重复语义阅读；对应：WorkBuddy / 程序\prefab-interior-expert-market\plugins\prefab-interior-expert\.codebuddy-plugin\plugin.json,与开场清单一致,9a9c51f03b278fe0fa4bcc22ad8948b17ec594f266f6c7ad43a99a0f4cdcbf66
WorkBuddy,临时文件\backup_runtime_20260911_120639\agents\prefab-interior-expert.md,D:\WorkBuddy\01_活跃项目\装配式装修技术专家包\临时文件\backup_runtime_20260911_120639\agents\prefab-interior-expert.md,13160,0b976977c756dccb270b5bbf15e5cf5dd97e0bc5ca55b4dca707671860debe5a,temp,跳过-历史临时材料,清单及字节哈希,旧备份、一次性脚本、日志或取证图；不处于本轮现行正文审阅集合，未逐份语义审阅或执行。,与开场清单一致,0b976977c756dccb270b5bbf15e5cf5dd97e0bc5ca55b4dca707671860debe5a
WorkBuddy,临时文件\backup_runtime_20260911_120639\avatars\.gitkeep,D:\WorkBuddy\01_活跃项目\装配式装修技术专家包\临时文件\backup_runtime_20260911_120639\avatars\.gitkeep,0,e3b0c44298fc1c149afbf4c8996fb92427ae41e4649b934ca495991b7852b855,temp,跳过-同字节副本,全文件SHA256比对,与已列对象字节相同，未重复语义阅读；对应：WorkBuddy / 程序\prefab-interior-expert-market\plugins\prefab-interior-expert\avatars\.gitkeep,与开场清单一致,e3b0c44298fc1c149afbf4c8996fb92427ae41e4649b934ca495991b7852b855
WorkBuddy,临时文件\backup_runtime_20260911_120639\avatars\expert.png,D:\WorkBuddy\01_活跃项目\装配式装修技术专家包\临时文件\backup_runtime_20260911_120639\avatars\expert.png,458810,a2e1fde41880e5255beaf3c9e939fa3705b71f239510303db2fff1f5b40b2eaa,temp,跳过-同字节副本,全文件SHA256比对,与已列对象字节相同，未重复语义阅读；对应：WorkBuddy / 程序\prefab-interior-expert-market\plugins\prefab-interior-expert\avatars\expert.png,与开场清单一致,a2e1fde41880e5255beaf3c9e939fa3705b71f239510303db2fff1f5b40b2eaa
WorkBuddy,临时文件\backup_runtime_20260911_120639\eval\eval-cases.md,D:\WorkBuddy\01_活跃项目\装配式装修技术专家包\临时文件\backup_runtime_20260911_120639\eval\eval-cases.md,6648,68abc1c660a129acd4e79a768cddd8b1eee6803f221a748a76829a62c14b1982,temp,跳过-历史临时材料,清单及字节哈希,旧备份、一次性脚本、日志或取证图；不处于本轮现行正文审阅集合，未逐份语义审阅或执行。,与开场清单一致,68abc1c660a129acd4e79a768cddd8b1eee6803f221a748a76829a62c14b1982
WorkBuddy,临时文件\backup_runtime_20260911_120639\eval\verify_knowledge_base.py,D:\WorkBuddy\01_活跃项目\装配式装修技术专家包\临时文件\backup_runtime_20260911_120639\eval\verify_knowledge_base.py,14606,158b016315aa659ff0298f43b61d181d83229f733c02edc2261135952a4f5f23,temp,跳过-历史临时材料,清单及字节哈希,旧备份、一次性脚本、日志或取证图；不处于本轮现行正文审阅集合，未逐份语义审阅或执行。,与开场清单一致,158b016315aa659ff0298f43b61d181d83229f733c02edc2261135952a4f5f23
WorkBuddy,临时文件\backup_runtime_20260911_120639\skills\prefab-interior-knowledge\SKILL.md,D:\WorkBuddy\01_活跃项目\装配式装修技术专家包\临时文件\backup_runtime_20260911_120639\skills\prefab-interior-knowledge\SKILL.md,4931,3b30d46d828822252944f51b4bda53555bfacc61b38d2ffe509be0877813dd37,temp,跳过-历史临时材料,清单及字节哈希,旧备份、一次性脚本、日志或取证图；不处于本轮现行正文审阅集合，未逐份语义审阅或执行。,与开场清单一致,3b30d46d828822252944f51b4bda53555bfacc61b38d2ffe509be0877813dd37
WorkBuddy,临时文件\backup_runtime_20260911_120639\skills\prefab-interior-knowledge\references\citation-discipline.md,D:\WorkBuddy\01_活跃项目\装配式装修技术专家包\临时文件\backup_runtime_20260911_120639\skills\prefab-interior-knowledge\references\citation-discipline.md,22374,67a63b2d7d9082dd5e51530c13067ee01f3f7997df4a69458f34579d1ca5fee3,temp,跳过-历史临时材料,清单及字节哈希,旧备份、一次性脚本、日志或取证图；不处于本轮现行正文审阅集合，未逐份语义审阅或执行。,与开场清单一致,67a63b2d7d9082dd5e51530c13067ee01f3f7997df4a69458f34579d1ca5fee3
WorkBuddy,临时文件\backup_runtime_20260911_120639\skills\prefab-interior-knowledge\references\decision-log.md,D:\WorkBuddy\01_活跃项目\装配式装修技术专家包\临时文件\backup_runtime_20260911_120639\skills\prefab-interior-knowledge\references\decision-log.md,3341,8ea2b89f740c5c589e76bb73ec00f5e9554460d14391cdb2b87f7ec84220b721,temp,跳过-历史临时材料,清单及字节哈希,旧备份、一次性脚本、日志或取证图；不处于本轮现行正文审阅集合，未逐份语义审阅或执行。,与开场清单一致,8ea2b89f740c5c589e76bb73ec00f5e9554460d14391cdb2b87f7ec84220b721
WorkBuddy,临时文件\backup_runtime_20260911_120639\skills\prefab-interior-knowledge\references\ima-standards-library.md,D:\WorkBuddy\01_活跃项目\装配式装修技术专家包\临时文件\backup_runtime_20260911_120639\skills\prefab-interior-knowledge\references\ima-standards-library.md,46238,ad53f55fab20c6d79ed16dbe96da2e10a52f56cbb22c4667bb9dac0f1f7b92b8,temp,跳过-历史临时材料,清单及字节哈希,旧备份、一次性脚本、日志或取证图；不处于本轮现行正文审阅集合，未逐份语义审阅或执行。,与开场清单一致,ad53f55fab20c6d79ed16dbe96da2e10a52f56cbb22c4667bb9dac0f1f7b92b8
WorkBuddy,临时文件\backup_runtime_20260911_120639\skills\prefab-interior-knowledge\references\knowledge-architecture.md,D:\WorkBuddy\01_活跃项目\装配式装修技术专家包\临时文件\backup_runtime_20260911_120639\skills\prefab-interior-knowledge\references\knowledge-architecture.md,13597,355c085edd3b228454ff32a46c5c9a12d6b675bd93d50c622f670c4ec95e7a02,temp,跳过-历史临时材料,清单及字节哈希,旧备份、一次性脚本、日志或取证图；不处于本轮现行正文审阅集合，未逐份语义审阅或执行。,与开场清单一致,355c085edd3b228454ff32a46c5c9a12d6b675bd93d50c622f670c4ec95e7a02
WorkBuddy,临时文件\backup_runtime_20260911_120639\skills\prefab-interior-knowledge\references\knowledge-cards-batch1.md,D:\WorkBuddy\01_活跃项目\装配式装修技术专家包\临时文件\backup_runtime_20260911_120639\skills\prefab-interior-knowledge\references\knowledge-cards-batch1.md,154854,b5635e8fe20ff7e15b4759a940ae28f10506aad89beeadf429ed01b0b77f9398,temp,跳过-历史临时材料,清单及字节哈希,旧备份、一次性脚本、日志或取证图；不处于本轮现行正文审阅集合，未逐份语义审阅或执行。,与开场清单一致,b5635e8fe20ff7e15b4759a940ae28f10506aad89beeadf429ed01b0b77f9398
WorkBuddy,临时文件\backup_runtime_20260911_120639\skills\prefab-interior-knowledge\references\knowledge-map.md,D:\WorkBuddy\01_活跃项目\装配式装修技术专家包\临时文件\backup_runtime_20260911_120639\skills\prefab-interior-knowledge\references\knowledge-map.md,10539,4789ad0ec4067dba0d8ae812f067c8fd83dd2878ae68f5bf9c82af976c2c1468,temp,跳过-同字节副本,全文件SHA256比对,与已列对象字节相同，未重复语义阅读；对应：WorkBuddy / 程序\prefab-interior-expert-market\plugins\prefab-interior-expert\skills\prefab-interior-knowledge\references\knowledge-map.md,与开场清单一致,4789ad0ec4067dba0d8ae812f067c8fd83dd2878ae68f5bf9c82af976c2c1468
WorkBuddy,临时文件\backup_runtime_20260911_120639\skills\prefab-interior-knowledge\references\methodology-playbook.md,D:\WorkBuddy\01_活跃项目\装配式装修技术专家包\临时文件\backup_runtime_20260911_120639\skills\prefab-interior-knowledge\references\methodology-playbook.md,8670,f4d395c7dbeed1e36263982d5615ae152a8f3c1231f45429ede4c4124c1b7092,temp,跳过-历史临时材料,清单及字节哈希,旧备份、一次性脚本、日志或取证图；不处于本轮现行正文审阅集合，未逐份语义审阅或执行。,与开场清单一致,f4d395c7dbeed1e36263982d5615ae152a8f3c1231f45429ede4c4124c1b7092
WorkBuddy,临时文件\backup_runtime_20260911_120639\skills\prefab-interior-knowledge\references\metrics-core.md,D:\WorkBuddy\01_活跃项目\装配式装修技术专家包\临时文件\backup_runtime_20260911_120639\skills\prefab-interior-knowledge\references\metrics-core.md,170452,c46fc0f6345de3f7916e56cb0c9beb91936097529c8f144ee49d9f3d5146e984,temp,跳过-历史临时材料,清单及字节哈希,旧备份、一次性脚本、日志或取证图；不处于本轮现行正文审阅集合，未逐份语义审阅或执行。,与开场清单一致,c46fc0f6345de3f7916e56cb0c9beb91936097529c8f144ee49d9f3d5146e984
WorkBuddy,临时文件\backup_runtime_20260911_120639\skills\prefab-interior-knowledge\references\standards-anchor.md,D:\WorkBuddy\01_活跃项目\装配式装修技术专家包\临时文件\backup_runtime_20260911_120639\skills\prefab-interior-knowledge\references\standards-anchor.md,45736,2f3d266ec42db3a7c07380e014906897e64766ad07e04b2012f3723e2c7f2c64,temp,跳过-历史临时材料,清单及字节哈希,旧备份、一次性脚本、日志或取证图；不处于本轮现行正文审阅集合，未逐份语义审阅或执行。,与开场清单一致,2f3d266ec42db3a7c07380e014906897e64766ad07e04b2012f3723e2c7f2c64
WorkBuddy,临时文件\backup_runtime_20260911_120646\README.md,D:\WorkBuddy\01_活跃项目\装配式装修技术专家包\临时文件\backup_runtime_20260911_120646\README.md,12050,890013cbcb5e6caee99facc06ba032a2f6ef2edf04e051356c8623115e0a88ff,temp,跳过-历史临时材料,清单及字节哈希,旧备份、一次性脚本、日志或取证图；不处于本轮现行正文审阅集合，未逐份语义审阅或执行。,与开场清单一致,890013cbcb5e6caee99facc06ba032a2f6ef2edf04e051356c8623115e0a88ff
WorkBuddy,临时文件\backup_runtime_20260911_120646\.codebuddy-plugin\plugin.json,D:\WorkBuddy\01_活跃项目\装配式装修技术专家包\临时文件\backup_runtime_20260911_120646\.codebuddy-plugin\plugin.json,2422,9a9c51f03b278fe0fa4bcc22ad8948b17ec594f266f6c7ad43a99a0f4cdcbf66,temp,跳过-同字节副本,全文件SHA256比对,与已列对象字节相同，未重复语义阅读；对应：WorkBuddy / 程序\prefab-interior-expert-market\plugins\prefab-interior-expert\.codebuddy-plugin\plugin.json,与开场清单一致,9a9c51f03b278fe0fa4bcc22ad8948b17ec594f266f6c7ad43a99a0f4cdcbf66
WorkBuddy,临时文件\backup_runtime_20260911_120646\agents\prefab-interior-expert.md,D:\WorkBuddy\01_活跃项目\装配式装修技术专家包\临时文件\backup_runtime_20260911_120646\agents\prefab-interior-expert.md,13310,0dfabdcc7a503c45ceb1260f7139ec23f1c81bfc2d1fc5d379a48f59c58f64cf,temp,跳过-历史临时材料,清单及字节哈希,旧备份、一次性脚本、日志或取证图；不处于本轮现行正文审阅集合，未逐份语义审阅或执行。,与开场清单一致,0dfabdcc7a503c45ceb1260f7139ec23f1c81bfc2d1fc5d379a48f59c58f64cf
WorkBuddy,临时文件\backup_runtime_20260911_120646\avatars\.gitkeep,D:\WorkBuddy\01_活跃项目\装配式装修技术专家包\临时文件\backup_runtime_20260911_120646\avatars\.gitkeep,0,e3b0c44298fc1c149afbf4c8996fb92427ae41e4649b934ca495991b7852b855,temp,跳过-同字节副本,全文件SHA256比对,与已列对象字节相同，未重复语义阅读；对应：WorkBuddy / 程序\prefab-interior-expert-market\plugins\prefab-interior-expert\avatars\.gitkeep,与开场清单一致,e3b0c44298fc1c149afbf4c8996fb92427ae41e4649b934ca495991b7852b855
WorkBuddy,临时文件\backup_runtime_20260911_120646\avatars\expert.png,D:\WorkBuddy\01_活跃项目\装配式装修技术专家包\临时文件\backup_runtime_20260911_120646\avatars\expert.png,458810,a2e1fde41880e5255beaf3c9e939fa3705b71f239510303db2fff1f5b40b2eaa,temp,跳过-同字节副本,全文件SHA256比对,与已列对象字节相同，未重复语义阅读；对应：WorkBuddy / 程序\prefab-interior-expert-market\plugins\prefab-interior-expert\avatars\expert.png,与开场清单一致,a2e1fde41880e5255beaf3c9e939fa3705b71f239510303db2fff1f5b40b2eaa
WorkBuddy,临时文件\backup_runtime_20260911_120646\eval\eval-cases.md,D:\WorkBuddy\01_活跃项目\装配式装修技术专家包\临时文件\backup_runtime_20260911_120646\eval\eval-cases.md,7847,c6b1b7d8f19a359a2d80c929252eaf6014139339133a3cefa6f90b48de587e3c,temp,跳过-历史临时材料,清单及字节哈希,旧备份、一次性脚本、日志或取证图；不处于本轮现行正文审阅集合，未逐份语义审阅或执行。,与开场清单一致,c6b1b7d8f19a359a2d80c929252eaf6014139339133a3cefa6f90b48de587e3c
WorkBuddy,临时文件\backup_runtime_20260911_120646\eval\verify_knowledge_base.py,D:\WorkBuddy\01_活跃项目\装配式装修技术专家包\临时文件\backup_runtime_20260911_120646\eval\verify_knowledge_base.py,28708,63be19da08317cf3e5e0342eef76f294c69fbf4146341dee05f42adcea6d9356,temp,跳过-历史临时材料,清单及字节哈希,旧备份、一次性脚本、日志或取证图；不处于本轮现行正文审阅集合，未逐份语义审阅或执行。,与开场清单一致,63be19da08317cf3e5e0342eef76f294c69fbf4146341dee05f42adcea6d9356
WorkBuddy,临时文件\backup_runtime_20260911_120646\skills\prefab-interior-knowledge\SKILL.md,D:\WorkBuddy\01_活跃项目\装配式装修技术专家包\临时文件\backup_runtime_20260911_120646\skills\prefab-interior-knowledge\SKILL.md,4931,3b30d46d828822252944f51b4bda53555bfacc61b38d2ffe509be0877813dd37,temp,跳过-历史临时材料,清单及字节哈希,旧备份、一次性脚本、日志或取证图；不处于本轮现行正文审阅集合，未逐份语义审阅或执行。,与开场清单一致,3b30d46d828822252944f51b4bda53555bfacc61b38d2ffe509be0877813dd37
WorkBuddy,临时文件\backup_runtime_20260911_120646\skills\prefab-interior-knowledge\references\citation-discipline.md,D:\WorkBuddy\01_活跃项目\装配式装修技术专家包\临时文件\backup_runtime_20260911_120646\skills\prefab-interior-knowledge\references\citation-discipline.md,22324,caa8e4a8fd7bf2add60c2f050c6dbe0b9f743f46909111e1099fd3057e7b2715,temp,跳过-历史临时材料,清单及字节哈希,旧备份、一次性脚本、日志或取证图；不处于本轮现行正文审阅集合，未逐份语义审阅或执行。,与开场清单一致,caa8e4a8fd7bf2add60c2f050c6dbe0b9f743f46909111e1099fd3057e7b2715
WorkBuddy,临时文件\backup_runtime_20260911_120646\skills\prefab-interior-knowledge\references\decision-log.md,D:\WorkBuddy\01_活跃项目\装配式装修技术专家包\临时文件\backup_runtime_20260911_120646\skills\prefab-interior-knowledge\references\decision-log.md,5000,ab295da7c31da0b261ad5263001bc94c1d83fe23064fb8acaeda76649515890b,temp,跳过-历史临时材料,清单及字节哈希,旧备份、一次性脚本、日志或取证图；不处于本轮现行正文审阅集合，未逐份语义审阅或执行。,与开场清单一致,ab295da7c31da0b261ad5263001bc94c1d83fe23064fb8acaeda76649515890b
WorkBuddy,临时文件\backup_runtime_20260911_120646\skills\prefab-interior-knowledge\references\ima-standards-library.md,D:\WorkBuddy\01_活跃项目\装配式装修技术专家包\临时文件\backup_runtime_20260911_120646\skills\prefab-interior-knowledge\references\ima-standards-library.md,46235,2cbba65d8c5265a6d9720e770c000be01ed7df72b4cc5717ee4ce95e084e00f5,temp,跳过-历史临时材料,清单及字节哈希,旧备份、一次性脚本、日志或取证图；不处于本轮现行正文审阅集合，未逐份语义审阅或执行。,与开场清单一致,2cbba65d8c5265a6d9720e770c000be01ed7df72b4cc5717ee4ce95e084e00f5
WorkBuddy,临时文件\backup_runtime_20260911_120646\skills\prefab-interior-knowledge\references\knowledge-architecture.md,D:\WorkBuddy\01_活跃项目\装配式装修技术专家包\临时文件\backup_runtime_20260911_120646\skills\prefab-interior-knowledge\references\knowledge-architecture.md,14513,3f265d186fb7ba0f08738a31aab1ccbe30f30edf9143c32e3990bf9434a75cbf,temp,跳过-历史临时材料,清单及字节哈希,旧备份、一次性脚本、日志或取证图；不处于本轮现行正文审阅集合，未逐份语义审阅或执行。,与开场清单一致,3f265d186fb7ba0f08738a31aab1ccbe30f30edf9143c32e3990bf9434a75cbf
WorkBuddy,临时文件\backup_runtime_20260911_120646\skills\prefab-interior-knowledge\references\knowledge-cards-batch1.md,D:\WorkBuddy\01_活跃项目\装配式装修技术专家包\临时文件\backup_runtime_20260911_120646\skills\prefab-interior-knowledge\references\knowledge-cards-batch1.md,155148,c2ee37ca94fa8443417607dfe183a3f5bbce5a542aded59f7431b2beb17d3d87,temp,跳过-历史临时材料,清单及字节哈希,旧备份、一次性脚本、日志或取证图；不处于本轮现行正文审阅集合，未逐份语义审阅或执行。,与开场清单一致,c2ee37ca94fa8443417607dfe183a3f5bbce5a542aded59f7431b2beb17d3d87
WorkBuddy,临时文件\backup_runtime_20260911_120646\skills\prefab-interior-knowledge\references\knowledge-map.md,D:\WorkBuddy\01_活跃项目\装配式装修技术专家包\临时文件\backup_runtime_20260911_120646\skills\prefab-interior-knowledge\references\knowledge-map.md,10539,4789ad0ec4067dba0d8ae812f067c8fd83dd2878ae68f5bf9c82af976c2c1468,temp,跳过-同字节副本,全文件SHA256比对,与已列对象字节相同，未重复语义阅读；对应：WorkBuddy / 程序\prefab-interior-expert-market\plugins\prefab-interior-expert\skills\prefab-interior-knowledge\references\knowledge-map.md,与开场清单一致,4789ad0ec4067dba0d8ae812f067c8fd83dd2878ae68f5bf9c82af976c2c1468
WorkBuddy,临时文件\backup_runtime_20260911_120646\skills\prefab-interior-knowledge\references\methodology-playbook.md,D:\WorkBuddy\01_活跃项目\装配式装修技术专家包\临时文件\backup_runtime_20260911_120646\skills\prefab-interior-knowledge\references\methodology-playbook.md,8670,f4d395c7dbeed1e36263982d5615ae152a8f3c1231f45429ede4c4124c1b7092,temp,跳过-历史临时材料,清单及字节哈希,旧备份、一次性脚本、日志或取证图；不处于本轮现行正文审阅集合，未逐份语义审阅或执行。,与开场清单一致,f4d395c7dbeed1e36263982d5615ae152a8f3c1231f45429ede4c4124c1b7092
WorkBuddy,临时文件\backup_runtime_20260911_120646\skills\prefab-interior-knowledge\references\metrics-core.md,D:\WorkBuddy\01_活跃项目\装配式装修技术专家包\临时文件\backup_runtime_20260911_120646\skills\prefab-interior-knowledge\references\metrics-core.md,175318,1ee3db46a98ee733e4aefc6501829ef8c53965086da675a49826a743cb7a7309,temp,跳过-历史临时材料,清单及字节哈希,旧备份、一次性脚本、日志或取证图；不处于本轮现行正文审阅集合，未逐份语义审阅或执行。,与开场清单一致,1ee3db46a98ee733e4aefc6501829ef8c53965086da675a49826a743cb7a7309
WorkBuddy,临时文件\backup_runtime_20260911_120646\skills\prefab-interior-knowledge\references\standards-anchor.md,D:\WorkBuddy\01_活跃项目\装配式装修技术专家包\临时文件\backup_runtime_20260911_120646\skills\prefab-interior-knowledge\references\standards-anchor.md,45692,698e675100e204f38b81fca0715292fad2dfb8ce3a802c485da6b7aea20ee4fc,temp,跳过-历史临时材料,清单及字节哈希,旧备份、一次性脚本、日志或取证图；不处于本轮现行正文审阅集合，未逐份语义审阅或执行。,与开场清单一致,698e675100e204f38b81fca0715292fad2dfb8ce3a802c485da6b7aea20ee4fc
WorkBuddy,临时文件\backup_runtime_20260911_140115\README.md,D:\WorkBuddy\01_活跃项目\装配式装修技术专家包\临时文件\backup_runtime_20260911_140115\README.md,12050,890013cbcb5e6caee99facc06ba032a2f6ef2edf04e051356c8623115e0a88ff,temp,跳过-历史临时材料,清单及字节哈希,旧备份、一次性脚本、日志或取证图；不处于本轮现行正文审阅集合，未逐份语义审阅或执行。,与开场清单一致,890013cbcb5e6caee99facc06ba032a2f6ef2edf04e051356c8623115e0a88ff
WorkBuddy,临时文件\backup_runtime_20260911_140115\.codebuddy-plugin\plugin.json,D:\WorkBuddy\01_活跃项目\装配式装修技术专家包\临时文件\backup_runtime_20260911_140115\.codebuddy-plugin\plugin.json,2422,9a9c51f03b278fe0fa4bcc22ad8948b17ec594f266f6c7ad43a99a0f4cdcbf66,temp,跳过-同字节副本,全文件SHA256比对,与已列对象字节相同，未重复语义阅读；对应：WorkBuddy / 程序\prefab-interior-expert-market\plugins\prefab-interior-expert\.codebuddy-plugin\plugin.json,与开场清单一致,9a9c51f03b278fe0fa4bcc22ad8948b17ec594f266f6c7ad43a99a0f4cdcbf66
WorkBuddy,临时文件\backup_runtime_20260911_140115\agents\prefab-interior-expert.md,D:\WorkBuddy\01_活跃项目\装配式装修技术专家包\临时文件\backup_runtime_20260911_140115\agents\prefab-interior-expert.md,13310,0dfabdcc7a503c45ceb1260f7139ec23f1c81bfc2d1fc5d379a48f59c58f64cf,temp,跳过-历史临时材料,清单及字节哈希,旧备份、一次性脚本、日志或取证图；不处于本轮现行正文审阅集合，未逐份语义审阅或执行。,与开场清单一致,0dfabdcc7a503c45ceb1260f7139ec23f1c81bfc2d1fc5d379a48f59c58f64cf
WorkBuddy,临时文件\backup_runtime_20260911_140115\avatars\.gitkeep,D:\WorkBuddy\01_活跃项目\装配式装修技术专家包\临时文件\backup_runtime_20260911_140115\avatars\.gitkeep,0,e3b0c44298fc1c149afbf4c8996fb92427ae41e4649b934ca495991b7852b855,temp,跳过-同字节副本,全文件SHA256比对,与已列对象字节相同，未重复语义阅读；对应：WorkBuddy / 程序\prefab-interior-expert-market\plugins\prefab-interior-expert\avatars\.gitkeep,与开场清单一致,e3b0c44298fc1c149afbf4c8996fb92427ae41e4649b934ca495991b7852b855
WorkBuddy,临时文件\backup_runtime_20260911_140115\avatars\expert.png,D:\WorkBuddy\01_活跃项目\装配式装修技术专家包\临时文件\backup_runtime_20260911_140115\avatars\expert.png,458810,a2e1fde41880e5255beaf3c9e939fa3705b71f239510303db2fff1f5b40b2eaa,temp,跳过-同字节副本,全文件SHA256比对,与已列对象字节相同，未重复语义阅读；对应：WorkBuddy / 程序\prefab-interior-expert-market\plugins\prefab-interior-expert\avatars\expert.png,与开场清单一致,a2e1fde41880e5255beaf3c9e939fa3705b71f239510303db2fff1f5b40b2eaa
WorkBuddy,临时文件\backup_runtime_20260911_140115\eval\eval-cases.md,D:\WorkBuddy\01_活跃项目\装配式装修技术专家包\临时文件\backup_runtime_20260911_140115\eval\eval-cases.md,7847,c6b1b7d8f19a359a2d80c929252eaf6014139339133a3cefa6f90b48de587e3c,temp,跳过-历史临时材料,清单及字节哈希,旧备份、一次性脚本、日志或取证图；不处于本轮现行正文审阅集合，未逐份语义审阅或执行。,与开场清单一致,c6b1b7d8f19a359a2d80c929252eaf6014139339133a3cefa6f90b48de587e3c
WorkBuddy,临时文件\backup_runtime_20260911_140115\eval\verify_knowledge_base.py,D:\WorkBuddy\01_活跃项目\装配式装修技术专家包\临时文件\backup_runtime_20260911_140115\eval\verify_knowledge_base.py,28708,63be19da08317cf3e5e0342eef76f294c69fbf4146341dee05f42adcea6d9356,temp,跳过-历史临时材料,清单及字节哈希,旧备份、一次性脚本、日志或取证图；不处于本轮现行正文审阅集合，未逐份语义审阅或执行。,与开场清单一致,63be19da08317cf3e5e0342eef76f294c69fbf4146341dee05f42adcea6d9356
WorkBuddy,临时文件\backup_runtime_20260911_140115\skills\prefab-interior-knowledge\SKILL.md,D:\WorkBuddy\01_活跃项目\装配式装修技术专家包\临时文件\backup_runtime_20260911_140115\skills\prefab-interior-knowledge\SKILL.md,4931,3b30d46d828822252944f51b4bda53555bfacc61b38d2ffe509be0877813dd37,temp,跳过-历史临时材料,清单及字节哈希,旧备份、一次性脚本、日志或取证图；不处于本轮现行正文审阅集合，未逐份语义审阅或执行。,与开场清单一致,3b30d46d828822252944f51b4bda53555bfacc61b38d2ffe509be0877813dd37
WorkBuddy,临时文件\backup_runtime_20260911_140115\skills\prefab-interior-knowledge\references\citation-discipline.md,D:\WorkBuddy\01_活跃项目\装配式装修技术专家包\临时文件\backup_runtime_20260911_140115\skills\prefab-interior-knowledge\references\citation-discipline.md,22324,caa8e4a8fd7bf2add60c2f050c6dbe0b9f743f46909111e1099fd3057e7b2715,temp,跳过-历史临时材料,清单及字节哈希,旧备份、一次性脚本、日志或取证图；不处于本轮现行正文审阅集合，未逐份语义审阅或执行。,与开场清单一致,caa8e4a8fd7bf2add60c2f050c6dbe0b9f743f46909111e1099fd3057e7b2715
WorkBuddy,临时文件\backup_runtime_20260911_140115\skills\prefab-interior-knowledge\references\decision-log.md,D:\WorkBuddy\01_活跃项目\装配式装修技术专家包\临时文件\backup_runtime_20260911_140115\skills\prefab-interior-knowledge\references\decision-log.md,5000,ab295da7c31da0b261ad5263001bc94c1d83fe23064fb8acaeda76649515890b,temp,跳过-历史临时材料,清单及字节哈希,旧备份、一次性脚本、日志或取证图；不处于本轮现行正文审阅集合，未逐份语义审阅或执行。,与开场清单一致,ab295da7c31da0b261ad5263001bc94c1d83fe23064fb8acaeda76649515890b
WorkBuddy,临时文件\backup_runtime_20260911_140115\skills\prefab-interior-knowledge\references\ima-standards-library.md,D:\WorkBuddy\01_活跃项目\装配式装修技术专家包\临时文件\backup_runtime_20260911_140115\skills\prefab-interior-knowledge\references\ima-standards-library.md,46235,2cbba65d8c5265a6d9720e770c000be01ed7df72b4cc5717ee4ce95e084e00f5,temp,跳过-历史临时材料,清单及字节哈希,旧备份、一次性脚本、日志或取证图；不处于本轮现行正文审阅集合，未逐份语义审阅或执行。,与开场清单一致,2cbba65d8c5265a6d9720e770c000be01ed7df72b4cc5717ee4ce95e084e00f5
WorkBuddy,临时文件\backup_runtime_20260911_140115\skills\prefab-interior-knowledge\references\knowledge-architecture.md,D:\WorkBuddy\01_活跃项目\装配式装修技术专家包\临时文件\backup_runtime_20260911_140115\skills\prefab-interior-knowledge\references\knowledge-architecture.md,14513,3f265d186fb7ba0f08738a31aab1ccbe30f30edf9143c32e3990bf9434a75cbf,temp,跳过-历史临时材料,清单及字节哈希,旧备份、一次性脚本、日志或取证图；不处于本轮现行正文审阅集合，未逐份语义审阅或执行。,与开场清单一致,3f265d186fb7ba0f08738a31aab1ccbe30f30edf9143c32e3990bf9434a75cbf
WorkBuddy,临时文件\backup_runtime_20260911_140115\skills\prefab-interior-knowledge\references\knowledge-cards-batch1.md,D:\WorkBuddy\01_活跃项目\装配式装修技术专家包\临时文件\backup_runtime_20260911_140115\skills\prefab-interior-knowledge\references\knowledge-cards-batch1.md,155148,c2ee37ca94fa8443417607dfe183a3f5bbce5a542aded59f7431b2beb17d3d87,temp,跳过-历史临时材料,清单及字节哈希,旧备份、一次性脚本、日志或取证图；不处于本轮现行正文审阅集合，未逐份语义审阅或执行。,与开场清单一致,c2ee37ca94fa8443417607dfe183a3f5bbce5a542aded59f7431b2beb17d3d87
WorkBuddy,临时文件\backup_runtime_20260911_140115\skills\prefab-interior-knowledge\references\knowledge-map.md,D:\WorkBuddy\01_活跃项目\装配式装修技术专家包\临时文件\backup_runtime_20260911_140115\skills\prefab-interior-knowledge\references\knowledge-map.md,10539,4789ad0ec4067dba0d8ae812f067c8fd83dd2878ae68f5bf9c82af976c2c1468,temp,跳过-同字节副本,全文件SHA256比对,与已列对象字节相同，未重复语义阅读；对应：WorkBuddy / 程序\prefab-interior-expert-market\plugins\prefab-interior-expert\skills\prefab-interior-knowledge\references\knowledge-map.md,与开场清单一致,4789ad0ec4067dba0d8ae812f067c8fd83dd2878ae68f5bf9c82af976c2c1468
WorkBuddy,临时文件\backup_runtime_20260911_140115\skills\prefab-interior-knowledge\references\methodology-playbook.md,D:\WorkBuddy\01_活跃项目\装配式装修技术专家包\临时文件\backup_runtime_20260911_140115\skills\prefab-interior-knowledge\references\methodology-playbook.md,8670,f4d395c7dbeed1e36263982d5615ae152a8f3c1231f45429ede4c4124c1b7092,temp,跳过-历史临时材料,清单及字节哈希,旧备份、一次性脚本、日志或取证图；不处于本轮现行正文审阅集合，未逐份语义审阅或执行。,与开场清单一致,f4d395c7dbeed1e36263982d5615ae152a8f3c1231f45429ede4c4124c1b7092
WorkBuddy,临时文件\backup_runtime_20260911_140115\skills\prefab-interior-knowledge\references\metrics-core.md,D:\WorkBuddy\01_活跃项目\装配式装修技术专家包\临时文件\backup_runtime_20260911_140115\skills\prefab-interior-knowledge\references\metrics-core.md,175318,1ee3db46a98ee733e4aefc6501829ef8c53965086da675a49826a743cb7a7309,temp,跳过-历史临时材料,清单及字节哈希,旧备份、一次性脚本、日志或取证图；不处于本轮现行正文审阅集合，未逐份语义审阅或执行。,与开场清单一致,1ee3db46a98ee733e4aefc6501829ef8c53965086da675a49826a743cb7a7309
WorkBuddy,临时文件\backup_runtime_20260911_140115\skills\prefab-interior-knowledge\references\standards-anchor.md,D:\WorkBuddy\01_活跃项目\装配式装修技术专家包\临时文件\backup_runtime_20260911_140115\skills\prefab-interior-knowledge\references\standards-anchor.md,45692,698e675100e204f38b81fca0715292fad2dfb8ce3a802c485da6b7aea20ee4fc,temp,跳过-历史临时材料,清单及字节哈希,旧备份、一次性脚本、日志或取证图；不处于本轮现行正文审阅集合，未逐份语义审阅或执行。,与开场清单一致,698e675100e204f38b81fca0715292fad2dfb8ce3a802c485da6b7aea20ee4fc
WorkBuddy,临时文件\backup_runtime_20260913_105149\README.md,D:\WorkBuddy\01_活跃项目\装配式装修技术专家包\临时文件\backup_runtime_20260913_105149\README.md,12050,890013cbcb5e6caee99facc06ba032a2f6ef2edf04e051356c8623115e0a88ff,temp,跳过-历史临时材料,清单及字节哈希,旧备份、一次性脚本、日志或取证图；不处于本轮现行正文审阅集合，未逐份语义审阅或执行。,与开场清单一致,890013cbcb5e6caee99facc06ba032a2f6ef2edf04e051356c8623115e0a88ff
WorkBuddy,临时文件\backup_runtime_20260913_105149\.codebuddy-plugin\plugin.json,D:\WorkBuddy\01_活跃项目\装配式装修技术专家包\临时文件\backup_runtime_20260913_105149\.codebuddy-plugin\plugin.json,2422,9a9c51f03b278fe0fa4bcc22ad8948b17ec594f266f6c7ad43a99a0f4cdcbf66,temp,跳过-同字节副本,全文件SHA256比对,与已列对象字节相同，未重复语义阅读；对应：WorkBuddy / 程序\prefab-interior-expert-market\plugins\prefab-interior-expert\.codebuddy-plugin\plugin.json,与开场清单一致,9a9c51f03b278fe0fa4bcc22ad8948b17ec594f266f6c7ad43a99a0f4cdcbf66
WorkBuddy,临时文件\backup_runtime_20260913_105149\agents\prefab-interior-expert.md,D:\WorkBuddy\01_活跃项目\装配式装修技术专家包\临时文件\backup_runtime_20260913_105149\agents\prefab-interior-expert.md,13310,0dfabdcc7a503c45ceb1260f7139ec23f1c81bfc2d1fc5d379a48f59c58f64cf,temp,跳过-历史临时材料,清单及字节哈希,旧备份、一次性脚本、日志或取证图；不处于本轮现行正文审阅集合，未逐份语义审阅或执行。,与开场清单一致,0dfabdcc7a503c45ceb1260f7139ec23f1c81bfc2d1fc5d379a48f59c58f64cf
WorkBuddy,临时文件\backup_runtime_20260913_105149\avatars\.gitkeep,D:\WorkBuddy\01_活跃项目\装配式装修技术专家包\临时文件\backup_runtime_20260913_105149\avatars\.gitkeep,0,e3b0c44298fc1c149afbf4c8996fb92427ae41e4649b934ca495991b7852b855,temp,跳过-同字节副本,全文件SHA256比对,与已列对象字节相同，未重复语义阅读；对应：WorkBuddy / 程序\prefab-interior-expert-market\plugins\prefab-interior-expert\avatars\.gitkeep,与开场清单一致,e3b0c44298fc1c149afbf4c8996fb92427ae41e4649b934ca495991b7852b855
WorkBuddy,临时文件\backup_runtime_20260913_105149\avatars\expert.png,D:\WorkBuddy\01_活跃项目\装配式装修技术专家包\临时文件\backup_runtime_20260913_105149\avatars\expert.png,458810,a2e1fde41880e5255beaf3c9e939fa3705b71f239510303db2fff1f5b40b2eaa,temp,跳过-同字节副本,全文件SHA256比对,与已列对象字节相同，未重复语义阅读；对应：WorkBuddy / 程序\prefab-interior-expert-market\plugins\prefab-interior-expert\avatars\expert.png,与开场清单一致,a2e1fde41880e5255beaf3c9e939fa3705b71f239510303db2fff1f5b40b2eaa
WorkBuddy,临时文件\backup_runtime_20260913_105149\eval\eval-cases.md,D:\WorkBuddy\01_活跃项目\装配式装修技术专家包\临时文件\backup_runtime_20260913_105149\eval\eval-cases.md,7830,288242198d46de633cba54afdc3ac3e711257c3508d67494d3a412e759197c7a,temp,跳过-历史临时材料,清单及字节哈希,旧备份、一次性脚本、日志或取证图；不处于本轮现行正文审阅集合，未逐份语义审阅或执行。,与开场清单一致,288242198d46de633cba54afdc3ac3e711257c3508d67494d3a412e759197c7a
WorkBuddy,临时文件\backup_runtime_20260913_105149\eval\verify_knowledge_base.py,D:\WorkBuddy\01_活跃项目\装配式装修技术专家包\临时文件\backup_runtime_20260913_105149\eval\verify_knowledge_base.py,28708,63be19da08317cf3e5e0342eef76f294c69fbf4146341dee05f42adcea6d9356,temp,跳过-历史临时材料,清单及字节哈希,旧备份、一次性脚本、日志或取证图；不处于本轮现行正文审阅集合，未逐份语义审阅或执行。,与开场清单一致,63be19da08317cf3e5e0342eef76f294c69fbf4146341dee05f42adcea6d9356
WorkBuddy,临时文件\backup_runtime_20260913_105149\skills\prefab-interior-knowledge\SKILL.md,D:\WorkBuddy\01_活跃项目\装配式装修技术专家包\临时文件\backup_runtime_20260913_105149\skills\prefab-interior-knowledge\SKILL.md,4931,3b30d46d828822252944f51b4bda53555bfacc61b38d2ffe509be0877813dd37,temp,跳过-历史临时材料,清单及字节哈希,旧备份、一次性脚本、日志或取证图；不处于本轮现行正文审阅集合，未逐份语义审阅或执行。,与开场清单一致,3b30d46d828822252944f51b4bda53555bfacc61b38d2ffe509be0877813dd37
WorkBuddy,临时文件\backup_runtime_20260913_105149\skills\prefab-interior-knowledge\references\citation-discipline.md,D:\WorkBuddy\01_活跃项目\装配式装修技术专家包\临时文件\backup_runtime_20260913_105149\skills\prefab-interior-knowledge\references\citation-discipline.md,22324,caa8e4a8fd7bf2add60c2f050c6dbe0b9f743f46909111e1099fd3057e7b2715,temp,跳过-历史临时材料,清单及字节哈希,旧备份、一次性脚本、日志或取证图；不处于本轮现行正文审阅集合，未逐份语义审阅或执行。,与开场清单一致,caa8e4a8fd7bf2add60c2f050c6dbe0b9f743f46909111e1099fd3057e7b2715
WorkBuddy,临时文件\backup_runtime_20260913_105149\skills\prefab-interior-knowledge\references\decision-log.md,D:\WorkBuddy\01_活跃项目\装配式装修技术专家包\临时文件\backup_runtime_20260913_105149\skills\prefab-interior-knowledge\references\decision-log.md,6860,1d9beef5ace76d2c956200056bc0a0b647d75cdcc3db82e6e464f2017d86d679,temp,跳过-历史临时材料,清单及字节哈希,旧备份、一次性脚本、日志或取证图；不处于本轮现行正文审阅集合，未逐份语义审阅或执行。,与开场清单一致,1d9beef5ace76d2c956200056bc0a0b647d75cdcc3db82e6e464f2017d86d679
WorkBuddy,临时文件\backup_runtime_20260913_105149\skills\prefab-interior-knowledge\references\ima-standards-library.md,D:\WorkBuddy\01_活跃项目\装配式装修技术专家包\临时文件\backup_runtime_20260913_105149\skills\prefab-interior-knowledge\references\ima-standards-library.md,46235,2cbba65d8c5265a6d9720e770c000be01ed7df72b4cc5717ee4ce95e084e00f5,temp,跳过-历史临时材料,清单及字节哈希,旧备份、一次性脚本、日志或取证图；不处于本轮现行正文审阅集合，未逐份语义审阅或执行。,与开场清单一致,2cbba65d8c5265a6d9720e770c000be01ed7df72b4cc5717ee4ce95e084e00f5
WorkBuddy,临时文件\backup_runtime_20260913_105149\skills\prefab-interior-knowledge\references\knowledge-architecture.md,D:\WorkBuddy\01_活跃项目\装配式装修技术专家包\临时文件\backup_runtime_20260913_105149\skills\prefab-interior-knowledge\references\knowledge-architecture.md,14241,6fca42323dcf71e26a81cecf401fe0b0fcc0d72631b47acaf14acafa2ea84b16,temp,跳过-历史临时材料,清单及字节哈希,旧备份、一次性脚本、日志或取证图；不处于本轮现行正文审阅集合，未逐份语义审阅或执行。,与开场清单一致,6fca42323dcf71e26a81cecf401fe0b0fcc0d72631b47acaf14acafa2ea84b16
WorkBuddy,临时文件\backup_runtime_20260913_105149\skills\prefab-interior-knowledge\references\knowledge-cards-batch1.md,D:\WorkBuddy\01_活跃项目\装配式装修技术专家包\临时文件\backup_runtime_20260913_105149\skills\prefab-interior-knowledge\references\knowledge-cards-batch1.md,155148,c2ee37ca94fa8443417607dfe183a3f5bbce5a542aded59f7431b2beb17d3d87,temp,跳过-历史临时材料,清单及字节哈希,旧备份、一次性脚本、日志或取证图；不处于本轮现行正文审阅集合，未逐份语义审阅或执行。,与开场清单一致,c2ee37ca94fa8443417607dfe183a3f5bbce5a542aded59f7431b2beb17d3d87
WorkBuddy,临时文件\backup_runtime_20260913_105149\skills\prefab-interior-knowledge\references\knowledge-map.md,D:\WorkBuddy\01_活跃项目\装配式装修技术专家包\临时文件\backup_runtime_20260913_105149\skills\prefab-interior-knowledge\references\knowledge-map.md,10539,4789ad0ec4067dba0d8ae812f067c8fd83dd2878ae68f5bf9c82af976c2c1468,temp,跳过-同字节副本,全文件SHA256比对,与已列对象字节相同，未重复语义阅读；对应：WorkBuddy / 程序\prefab-interior-expert-market\plugins\prefab-interior-expert\skills\prefab-interior-knowledge\references\knowledge-map.md,与开场清单一致,4789ad0ec4067dba0d8ae812f067c8fd83dd2878ae68f5bf9c82af976c2c1468
WorkBuddy,临时文件\backup_runtime_20260913_105149\skills\prefab-interior-knowledge\references\methodology-playbook.md,D:\WorkBuddy\01_活跃项目\装配式装修技术专家包\临时文件\backup_runtime_20260913_105149\skills\prefab-interior-knowledge\references\methodology-playbook.md,8670,f4d395c7dbeed1e36263982d5615ae152a8f3c1231f45429ede4c4124c1b7092,temp,跳过-历史临时材料,清单及字节哈希,旧备份、一次性脚本、日志或取证图；不处于本轮现行正文审阅集合，未逐份语义审阅或执行。,与开场清单一致,f4d395c7dbeed1e36263982d5615ae152a8f3c1231f45429ede4c4124c1b7092
WorkBuddy,临时文件\backup_runtime_20260913_105149\skills\prefab-interior-knowledge\references\metrics-core.md,D:\WorkBuddy\01_活跃项目\装配式装修技术专家包\临时文件\backup_runtime_20260913_105149\skills\prefab-interior-knowledge\references\metrics-core.md,175318,1ee3db46a98ee733e4aefc6501829ef8c53965086da675a49826a743cb7a7309,temp,跳过-历史临时材料,清单及字节哈希,旧备份、一次性脚本、日志或取证图；不处于本轮现行正文审阅集合，未逐份语义审阅或执行。,与开场清单一致,1ee3db46a98ee733e4aefc6501829ef8c53965086da675a49826a743cb7a7309
WorkBuddy,临时文件\backup_runtime_20260913_105149\skills\prefab-interior-knowledge\references\standards-anchor.md,D:\WorkBuddy\01_活跃项目\装配式装修技术专家包\临时文件\backup_runtime_20260913_105149\skills\prefab-interior-knowledge\references\standards-anchor.md,45692,698e675100e204f38b81fca0715292fad2dfb8ce3a802c485da6b7aea20ee4fc,temp,跳过-历史临时材料,清单及字节哈希,旧备份、一次性脚本、日志或取证图；不处于本轮现行正文审阅集合，未逐份语义审阅或执行。,与开场清单一致,698e675100e204f38b81fca0715292fad2dfb8ce3a802c485da6b7aea20ee4fc
WorkBuddy,临时文件\backup_runtime_20260913_193800\README.md,D:\WorkBuddy\01_活跃项目\装配式装修技术专家包\临时文件\backup_runtime_20260913_193800\README.md,12436,8ae3bf261b422ecd396e40ac846097bf5e81a1274aa106427cc2a7ae50d81e48,temp,跳过-历史临时材料,清单及字节哈希,旧备份、一次性脚本、日志或取证图；不处于本轮现行正文审阅集合，未逐份语义审阅或执行。,与开场清单一致,8ae3bf261b422ecd396e40ac846097bf5e81a1274aa106427cc2a7ae50d81e48
WorkBuddy,临时文件\backup_runtime_20260913_193800\.codebuddy-plugin\plugin.json,D:\WorkBuddy\01_活跃项目\装配式装修技术专家包\临时文件\backup_runtime_20260913_193800\.codebuddy-plugin\plugin.json,2422,9a9c51f03b278fe0fa4bcc22ad8948b17ec594f266f6c7ad43a99a0f4cdcbf66,temp,跳过-同字节副本,全文件SHA256比对,与已列对象字节相同，未重复语义阅读；对应：WorkBuddy / 程序\prefab-interior-expert-market\plugins\prefab-interior-expert\.codebuddy-plugin\plugin.json,与开场清单一致,9a9c51f03b278fe0fa4bcc22ad8948b17ec594f266f6c7ad43a99a0f4cdcbf66
WorkBuddy,临时文件\backup_runtime_20260913_193800\agents\prefab-interior-expert.md,D:\WorkBuddy\01_活跃项目\装配式装修技术专家包\临时文件\backup_runtime_20260913_193800\agents\prefab-interior-expert.md,13456,9e4abfc5b1deec81e4238b10039485818269f4faa22b7f3f5a454a6ce8004693,temp,跳过-历史临时材料,清单及字节哈希,旧备份、一次性脚本、日志或取证图；不处于本轮现行正文审阅集合，未逐份语义审阅或执行。,与开场清单一致,9e4abfc5b1deec81e4238b10039485818269f4faa22b7f3f5a454a6ce8004693
WorkBuddy,临时文件\backup_runtime_20260913_193800\avatars\.gitkeep,D:\WorkBuddy\01_活跃项目\装配式装修技术专家包\临时文件\backup_runtime_20260913_193800\avatars\.gitkeep,0,e3b0c44298fc1c149afbf4c8996fb92427ae41e4649b934ca495991b7852b855,temp,跳过-同字节副本,全文件SHA256比对,与已列对象字节相同，未重复语义阅读；对应：WorkBuddy / 程序\prefab-interior-expert-market\plugins\prefab-interior-expert\avatars\.gitkeep,与开场清单一致,e3b0c44298fc1c149afbf4c8996fb92427ae41e4649b934ca495991b7852b855
WorkBuddy,临时文件\backup_runtime_20260913_193800\avatars\expert.png,D:\WorkBuddy\01_活跃项目\装配式装修技术专家包\临时文件\backup_runtime_20260913_193800\avatars\expert.png,458810,a2e1fde41880e5255beaf3c9e939fa3705b71f239510303db2fff1f5b40b2eaa,temp,跳过-同字节副本,全文件SHA256比对,与已列对象字节相同，未重复语义阅读；对应：WorkBuddy / 程序\prefab-interior-expert-market\plugins\prefab-interior-expert\avatars\expert.png,与开场清单一致,a2e1fde41880e5255beaf3c9e939fa3705b71f239510303db2fff1f5b40b2eaa
WorkBuddy,临时文件\backup_runtime_20260913_193800\eval\eval-cases.md,D:\WorkBuddy\01_活跃项目\装配式装修技术专家包\临时文件\backup_runtime_20260913_193800\eval\eval-cases.md,8900,564df727980d06429817442e2cf981e8822828ad9a623d3216e928bd0e5f71b8,temp,跳过-历史临时材料,清单及字节哈希,旧备份、一次性脚本、日志或取证图；不处于本轮现行正文审阅集合，未逐份语义审阅或执行。,与开场清单一致,564df727980d06429817442e2cf981e8822828ad9a623d3216e928bd0e5f71b8
WorkBuddy,临时文件\backup_runtime_20260913_193800\eval\verify_knowledge_base.py,D:\WorkBuddy\01_活跃项目\装配式装修技术专家包\临时文件\backup_runtime_20260913_193800\eval\verify_knowledge_base.py,40372,a8af96bc7be0d9ce07bd698ec36462f6b087bc613dfefc91899b1b6f5b4d6f7a,temp,跳过-历史临时材料,清单及字节哈希,旧备份、一次性脚本、日志或取证图；不处于本轮现行正文审阅集合，未逐份语义审阅或执行。,与开场清单一致,a8af96bc7be0d9ce07bd698ec36462f6b087bc613dfefc91899b1b6f5b4d6f7a
WorkBuddy,临时文件\backup_runtime_20260913_193800\skills\prefab-interior-knowledge\SKILL.md,D:\WorkBuddy\01_活跃项目\装配式装修技术专家包\临时文件\backup_runtime_20260913_193800\skills\prefab-interior-knowledge\SKILL.md,5041,aa4a5074859ac4411d119d74fba2aa0a34d7070cb031db4be81c261566dbe6bc,temp,跳过-同字节副本,全文件SHA256比对,与已列对象字节相同，未重复语义阅读；对应：WorkBuddy / 程序\prefab-interior-expert-market\plugins\prefab-interior-expert\skills\prefab-interior-knowledge\SKILL.md,与开场清单一致,aa4a5074859ac4411d119d74fba2aa0a34d7070cb031db4be81c261566dbe6bc
WorkBuddy,临时文件\backup_runtime_20260913_193800\skills\prefab-interior-knowledge\references\citation-discipline.md,D:\WorkBuddy\01_活跃项目\装配式装修技术专家包\临时文件\backup_runtime_20260913_193800\skills\prefab-interior-knowledge\references\citation-discipline.md,25299,4615957f6282e67ea565baea27d55fd042d952c87d0bf00c1db20402cbb349a6,temp,跳过-同字节副本,全文件SHA256比对,与已列对象字节相同，未重复语义阅读；对应：WorkBuddy / 程序\prefab-interior-expert-market\plugins\prefab-interior-expert\skills\prefab-interior-knowledge\references\citation-discipline.md,与开场清单一致,4615957f6282e67ea565baea27d55fd042d952c87d0bf00c1db20402cbb349a6
WorkBuddy,临时文件\backup_runtime_20260913_193800\skills\prefab-interior-knowledge\references\decision-log.md,D:\WorkBuddy\01_活跃项目\装配式装修技术专家包\临时文件\backup_runtime_20260913_193800\skills\prefab-interior-knowledge\references\decision-log.md,12168,ff5c3560b72278f464d578aae020516ed2a0b36e4fc79b6f1d356b31a65a980d,temp,跳过-同字节副本,全文件SHA256比对,与已列对象字节相同，未重复语义阅读；对应：WorkBuddy / 程序\prefab-interior-expert-market\plugins\prefab-interior-expert\skills\prefab-interior-knowledge\references\decision-log.md,与开场清单一致,ff5c3560b72278f464d578aae020516ed2a0b36e4fc79b6f1d356b31a65a980d
WorkBuddy,临时文件\backup_runtime_20260913_193800\skills\prefab-interior-knowledge\references\ima-standards-library.md,D:\WorkBuddy\01_活跃项目\装配式装修技术专家包\临时文件\backup_runtime_20260913_193800\skills\prefab-interior-knowledge\references\ima-standards-library.md,46235,2cbba65d8c5265a6d9720e770c000be01ed7df72b4cc5717ee4ce95e084e00f5,temp,跳过-历史临时材料,清单及字节哈希,旧备份、一次性脚本、日志或取证图；不处于本轮现行正文审阅集合，未逐份语义审阅或执行。,与开场清单一致,2cbba65d8c5265a6d9720e770c000be01ed7df72b4cc5717ee4ce95e084e00f5
WorkBuddy,临时文件\backup_runtime_20260913_193800\skills\prefab-interior-knowledge\references\knowledge-architecture.md,D:\WorkBuddy\01_活跃项目\装配式装修技术专家包\临时文件\backup_runtime_20260913_193800\skills\prefab-interior-knowledge\references\knowledge-architecture.md,16692,08c099f6df100d50af726594668f9352f39221243c78ce6171c88011815a25b0,temp,跳过-历史临时材料,清单及字节哈希,旧备份、一次性脚本、日志或取证图；不处于本轮现行正文审阅集合，未逐份语义审阅或执行。,与开场清单一致,08c099f6df100d50af726594668f9352f39221243c78ce6171c88011815a25b0
WorkBuddy,临时文件\backup_runtime_20260913_193800\skills\prefab-interior-knowledge\references\knowledge-cards-batch1.md,D:\WorkBuddy\01_活跃项目\装配式装修技术专家包\临时文件\backup_runtime_20260913_193800\skills\prefab-interior-knowledge\references\knowledge-cards-batch1.md,160529,1c5f07eaf83320c6df1b8f6dbaf5b9269cecdffb2512d4064b101d04d866c181,temp,跳过-历史临时材料,清单及字节哈希,旧备份、一次性脚本、日志或取证图；不处于本轮现行正文审阅集合，未逐份语义审阅或执行。,与开场清单一致,1c5f07eaf83320c6df1b8f6dbaf5b9269cecdffb2512d4064b101d04d866c181
WorkBuddy,临时文件\backup_runtime_20260913_193800\skills\prefab-interior-knowledge\references\knowledge-map.md,D:\WorkBuddy\01_活跃项目\装配式装修技术专家包\临时文件\backup_runtime_20260913_193800\skills\prefab-interior-knowledge\references\knowledge-map.md,10539,4789ad0ec4067dba0d8ae812f067c8fd83dd2878ae68f5bf9c82af976c2c1468,temp,跳过-同字节副本,全文件SHA256比对,与已列对象字节相同，未重复语义阅读；对应：WorkBuddy / 程序\prefab-interior-expert-market\plugins\prefab-interior-expert\skills\prefab-interior-knowledge\references\knowledge-map.md,与开场清单一致,4789ad0ec4067dba0d8ae812f067c8fd83dd2878ae68f5bf9c82af976c2c1468
WorkBuddy,临时文件\backup_runtime_20260913_193800\skills\prefab-interior-knowledge\references\methodology-playbook.md,D:\WorkBuddy\01_活跃项目\装配式装修技术专家包\临时文件\backup_runtime_20260913_193800\skills\prefab-interior-knowledge\references\methodology-playbook.md,8878,7ddaf17a28d80a76f49faed7cccf89cf6a2b8511ec93fa11cdf194be61e8d321,temp,跳过-同字节副本,全文件SHA256比对,与已列对象字节相同，未重复语义阅读；对应：WorkBuddy / 程序\prefab-interior-expert-market\plugins\prefab-interior-expert\skills\prefab-interior-knowledge\references\methodology-playbook.md,与开场清单一致,7ddaf17a28d80a76f49faed7cccf89cf6a2b8511ec93fa11cdf194be61e8d321
WorkBuddy,临时文件\backup_runtime_20260913_193800\skills\prefab-interior-knowledge\references\metrics-core.md,D:\WorkBuddy\01_活跃项目\装配式装修技术专家包\临时文件\backup_runtime_20260913_193800\skills\prefab-interior-knowledge\references\metrics-core.md,177981,c0f9bf722f245243e9dc4c2867db2f663aa2519e85dc73a5209669935e960a75,temp,跳过-历史临时材料,清单及字节哈希,旧备份、一次性脚本、日志或取证图；不处于本轮现行正文审阅集合，未逐份语义审阅或执行。,与开场清单一致,c0f9bf722f245243e9dc4c2867db2f663aa2519e85dc73a5209669935e960a75
WorkBuddy,临时文件\backup_runtime_20260913_193800\skills\prefab-interior-knowledge\references\standards-anchor.md,D:\WorkBuddy\01_活跃项目\装配式装修技术专家包\临时文件\backup_runtime_20260913_193800\skills\prefab-interior-knowledge\references\standards-anchor.md,45692,698e675100e204f38b81fca0715292fad2dfb8ce3a802c485da6b7aea20ee4fc,temp,跳过-历史临时材料,清单及字节哈希,旧备份、一次性脚本、日志或取证图；不处于本轮现行正文审阅集合，未逐份语义审阅或执行。,与开场清单一致,698e675100e204f38b81fca0715292fad2dfb8ce3a802c485da6b7aea20ee4fc
WorkBuddy,临时文件\backup_runtime_20260913_215354\README.md,D:\WorkBuddy\01_活跃项目\装配式装修技术专家包\临时文件\backup_runtime_20260913_215354\README.md,12436,8ae3bf261b422ecd396e40ac846097bf5e81a1274aa106427cc2a7ae50d81e48,temp,跳过-历史临时材料,清单及字节哈希,旧备份、一次性脚本、日志或取证图；不处于本轮现行正文审阅集合，未逐份语义审阅或执行。,与开场清单一致,8ae3bf261b422ecd396e40ac846097bf5e81a1274aa106427cc2a7ae50d81e48
WorkBuddy,临时文件\backup_runtime_20260913_215354\.codebuddy-plugin\plugin.json,D:\WorkBuddy\01_活跃项目\装配式装修技术专家包\临时文件\backup_runtime_20260913_215354\.codebuddy-plugin\plugin.json,2422,9a9c51f03b278fe0fa4bcc22ad8948b17ec594f266f6c7ad43a99a0f4cdcbf66,temp,跳过-同字节副本,全文件SHA256比对,与已列对象字节相同，未重复语义阅读；对应：WorkBuddy / 程序\prefab-interior-expert-market\plugins\prefab-interior-expert\.codebuddy-plugin\plugin.json,与开场清单一致,9a9c51f03b278fe0fa4bcc22ad8948b17ec594f266f6c7ad43a99a0f4cdcbf66
WorkBuddy,临时文件\backup_runtime_20260913_215354\agents\prefab-interior-expert.md,D:\WorkBuddy\01_活跃项目\装配式装修技术专家包\临时文件\backup_runtime_20260913_215354\agents\prefab-interior-expert.md,13456,9e4abfc5b1deec81e4238b10039485818269f4faa22b7f3f5a454a6ce8004693,temp,跳过-历史临时材料,清单及字节哈希,旧备份、一次性脚本、日志或取证图；不处于本轮现行正文审阅集合，未逐份语义审阅或执行。,与开场清单一致,9e4abfc5b1deec81e4238b10039485818269f4faa22b7f3f5a454a6ce8004693
WorkBuddy,临时文件\backup_runtime_20260913_215354\avatars\.gitkeep,D:\WorkBuddy\01_活跃项目\装配式装修技术专家包\临时文件\backup_runtime_20260913_215354\avatars\.gitkeep,0,e3b0c44298fc1c149afbf4c8996fb92427ae41e4649b934ca495991b7852b855,temp,跳过-同字节副本,全文件SHA256比对,与已列对象字节相同，未重复语义阅读；对应：WorkBuddy / 程序\prefab-interior-expert-market\plugins\prefab-interior-expert\avatars\.gitkeep,与开场清单一致,e3b0c44298fc1c149afbf4c8996fb92427ae41e4649b934ca495991b7852b855
WorkBuddy,临时文件\backup_runtime_20260913_215354\avatars\expert.png,D:\WorkBuddy\01_活跃项目\装配式装修技术专家包\临时文件\backup_runtime_20260913_215354\avatars\expert.png,458810,a2e1fde41880e5255beaf3c9e939fa3705b71f239510303db2fff1f5b40b2eaa,temp,跳过-同字节副本,全文件SHA256比对,与已列对象字节相同，未重复语义阅读；对应：WorkBuddy / 程序\prefab-interior-expert-market\plugins\prefab-interior-expert\avatars\expert.png,与开场清单一致,a2e1fde41880e5255beaf3c9e939fa3705b71f239510303db2fff1f5b40b2eaa
WorkBuddy,临时文件\backup_runtime_20260913_215354\eval\eval-cases.md,D:\WorkBuddy\01_活跃项目\装配式装修技术专家包\临时文件\backup_runtime_20260913_215354\eval\eval-cases.md,9152,c429cf24b35ef94a24fad2466c7b35850c00d24ec1df49ed7254c66bf580ccb4,temp,跳过-历史临时材料,清单及字节哈希,旧备份、一次性脚本、日志或取证图；不处于本轮现行正文审阅集合，未逐份语义审阅或执行。,与开场清单一致,c429cf24b35ef94a24fad2466c7b35850c00d24ec1df49ed7254c66bf580ccb4
WorkBuddy,临时文件\backup_runtime_20260913_215354\eval\verify_knowledge_base.py,D:\WorkBuddy\01_活跃项目\装配式装修技术专家包\临时文件\backup_runtime_20260913_215354\eval\verify_knowledge_base.py,41172,39aadd49844a4cfecd19b798d80dbedfe726a83c1b0111e5049bd1ab4a0f5ab0,temp,跳过-历史临时材料,清单及字节哈希,旧备份、一次性脚本、日志或取证图；不处于本轮现行正文审阅集合，未逐份语义审阅或执行。,与开场清单一致,39aadd49844a4cfecd19b798d80dbedfe726a83c1b0111e5049bd1ab4a0f5ab0
WorkBuddy,临时文件\backup_runtime_20260913_215354\skills\prefab-interior-knowledge\SKILL.md,D:\WorkBuddy\01_活跃项目\装配式装修技术专家包\临时文件\backup_runtime_20260913_215354\skills\prefab-interior-knowledge\SKILL.md,5041,aa4a5074859ac4411d119d74fba2aa0a34d7070cb031db4be81c261566dbe6bc,temp,跳过-同字节副本,全文件SHA256比对,与已列对象字节相同，未重复语义阅读；对应：WorkBuddy / 程序\prefab-interior-expert-market\plugins\prefab-interior-expert\skills\prefab-interior-knowledge\SKILL.md,与开场清单一致,aa4a5074859ac4411d119d74fba2aa0a34d7070cb031db4be81c261566dbe6bc
WorkBuddy,临时文件\backup_runtime_20260913_215354\skills\prefab-interior-knowledge\references\citation-discipline.md,D:\WorkBuddy\01_活跃项目\装配式装修技术专家包\临时文件\backup_runtime_20260913_215354\skills\prefab-interior-knowledge\references\citation-discipline.md,25299,4615957f6282e67ea565baea27d55fd042d952c87d0bf00c1db20402cbb349a6,temp,跳过-同字节副本,全文件SHA256比对,与已列对象字节相同，未重复语义阅读；对应：WorkBuddy / 程序\prefab-interior-expert-market\plugins\prefab-interior-expert\skills\prefab-interior-knowledge\references\citation-discipline.md,与开场清单一致,4615957f6282e67ea565baea27d55fd042d952c87d0bf00c1db20402cbb349a6
WorkBuddy,临时文件\backup_runtime_20260913_215354\skills\prefab-interior-knowledge\references\decision-log.md,D:\WorkBuddy\01_活跃项目\装配式装修技术专家包\临时文件\backup_runtime_20260913_215354\skills\prefab-interior-knowledge\references\decision-log.md,12168,ff5c3560b72278f464d578aae020516ed2a0b36e4fc79b6f1d356b31a65a980d,temp,跳过-同字节副本,全文件SHA256比对,与已列对象字节相同，未重复语义阅读；对应：WorkBuddy / 程序\prefab-interior-expert-market\plugins\prefab-interior-expert\skills\prefab-interior-knowledge\references\decision-log.md,与开场清单一致,ff5c3560b72278f464d578aae020516ed2a0b36e4fc79b6f1d356b31a65a980d
WorkBuddy,临时文件\backup_runtime_20260913_215354\skills\prefab-interior-knowledge\references\ima-standards-library.md,D:\WorkBuddy\01_活跃项目\装配式装修技术专家包\临时文件\backup_runtime_20260913_215354\skills\prefab-interior-knowledge\references\ima-standards-library.md,46235,2cbba65d8c5265a6d9720e770c000be01ed7df72b4cc5717ee4ce95e084e00f5,temp,跳过-历史临时材料,清单及字节哈希,旧备份、一次性脚本、日志或取证图；不处于本轮现行正文审阅集合，未逐份语义审阅或执行。,与开场清单一致,2cbba65d8c5265a6d9720e770c000be01ed7df72b4cc5717ee4ce95e084e00f5
WorkBuddy,临时文件\backup_runtime_20260913_215354\skills\prefab-interior-knowledge\references\knowledge-architecture.md,D:\WorkBuddy\01_活跃项目\装配式装修技术专家包\临时文件\backup_runtime_20260913_215354\skills\prefab-interior-knowledge\references\knowledge-architecture.md,16692,08c099f6df100d50af726594668f9352f39221243c78ce6171c88011815a25b0,temp,跳过-历史临时材料,清单及字节哈希,旧备份、一次性脚本、日志或取证图；不处于本轮现行正文审阅集合，未逐份语义审阅或执行。,与开场清单一致,08c099f6df100d50af726594668f9352f39221243c78ce6171c88011815a25b0
WorkBuddy,临时文件\backup_runtime_20260913_215354\skills\prefab-interior-knowledge\references\knowledge-cards-batch1.md,D:\WorkBuddy\01_活跃项目\装配式装修技术专家包\临时文件\backup_runtime_20260913_215354\skills\prefab-interior-knowledge\references\knowledge-cards-batch1.md,160529,1c5f07eaf83320c6df1b8f6dbaf5b9269cecdffb2512d4064b101d04d866c181,temp,跳过-历史临时材料,清单及字节哈希,旧备份、一次性脚本、日志或取证图；不处于本轮现行正文审阅集合，未逐份语义审阅或执行。,与开场清单一致,1c5f07eaf83320c6df1b8f6dbaf5b9269cecdffb2512d4064b101d04d866c181
WorkBuddy,临时文件\backup_runtime_20260913_215354\skills\prefab-interior-knowledge\references\knowledge-map.md,D:\WorkBuddy\01_活跃项目\装配式装修技术专家包\临时文件\backup_runtime_20260913_215354\skills\prefab-interior-knowledge\references\knowledge-map.md,10539,4789ad0ec4067dba0d8ae812f067c8fd83dd2878ae68f5bf9c82af976c2c1468,temp,跳过-同字节副本,全文件SHA256比对,与已列对象字节相同，未重复语义阅读；对应：WorkBuddy / 程序\prefab-interior-expert-market\plugins\prefab-interior-expert\skills\prefab-interior-knowledge\references\knowledge-map.md,与开场清单一致,4789ad0ec4067dba0d8ae812f067c8fd83dd2878ae68f5bf9c82af976c2c1468
WorkBuddy,临时文件\backup_runtime_20260913_215354\skills\prefab-interior-knowledge\references\methodology-playbook.md,D:\WorkBuddy\01_活跃项目\装配式装修技术专家包\临时文件\backup_runtime_20260913_215354\skills\prefab-interior-knowledge\references\methodology-playbook.md,8878,7ddaf17a28d80a76f49faed7cccf89cf6a2b8511ec93fa11cdf194be61e8d321,temp,跳过-同字节副本,全文件SHA256比对,与已列对象字节相同，未重复语义阅读；对应：WorkBuddy / 程序\prefab-interior-expert-market\plugins\prefab-interior-expert\skills\prefab-interior-knowledge\references\methodology-playbook.md,与开场清单一致,7ddaf17a28d80a76f49faed7cccf89cf6a2b8511ec93fa11cdf194be61e8d321
WorkBuddy,临时文件\backup_runtime_20260913_215354\skills\prefab-interior-knowledge\references\metrics-core.md,D:\WorkBuddy\01_活跃项目\装配式装修技术专家包\临时文件\backup_runtime_20260913_215354\skills\prefab-interior-knowledge\references\metrics-core.md,177981,c0f9bf722f245243e9dc4c2867db2f663aa2519e85dc73a5209669935e960a75,temp,跳过-历史临时材料,清单及字节哈希,旧备份、一次性脚本、日志或取证图；不处于本轮现行正文审阅集合，未逐份语义审阅或执行。,与开场清单一致,c0f9bf722f245243e9dc4c2867db2f663aa2519e85dc73a5209669935e960a75
WorkBuddy,临时文件\backup_runtime_20260913_215354\skills\prefab-interior-knowledge\references\standards-anchor.md,D:\WorkBuddy\01_活跃项目\装配式装修技术专家包\临时文件\backup_runtime_20260913_215354\skills\prefab-interior-knowledge\references\standards-anchor.md,45692,698e675100e204f38b81fca0715292fad2dfb8ce3a802c485da6b7aea20ee4fc,temp,跳过-历史临时材料,清单及字节哈希,旧备份、一次性脚本、日志或取证图；不处于本轮现行正文审阅集合，未逐份语义审阅或执行。,与开场清单一致,698e675100e204f38b81fca0715292fad2dfb8ce3a802c485da6b7aea20ee4fc
WorkBuddy,临时文件\backup_runtime_20260914_085819\README.md,D:\WorkBuddy\01_活跃项目\装配式装修技术专家包\临时文件\backup_runtime_20260914_085819\README.md,12515,2fa198385c8ca237c11510b0cb2e29f78e0522866b354aee8027d9ad733ebe34,temp,跳过-历史临时材料,清单及字节哈希,旧备份、一次性脚本、日志或取证图；不处于本轮现行正文审阅集合，未逐份语义审阅或执行。,与开场清单一致,2fa198385c8ca237c11510b0cb2e29f78e0522866b354aee8027d9ad733ebe34
WorkBuddy,临时文件\backup_runtime_20260914_085819\.codebuddy-plugin\plugin.json,D:\WorkBuddy\01_活跃项目\装配式装修技术专家包\临时文件\backup_runtime_20260914_085819\.codebuddy-plugin\plugin.json,2422,9a9c51f03b278fe0fa4bcc22ad8948b17ec594f266f6c7ad43a99a0f4cdcbf66,temp,跳过-同字节副本,全文件SHA256比对,与已列对象字节相同，未重复语义阅读；对应：WorkBuddy / 程序\prefab-interior-expert-market\plugins\prefab-interior-expert\.codebuddy-plugin\plugin.json,与开场清单一致,9a9c51f03b278fe0fa4bcc22ad8948b17ec594f266f6c7ad43a99a0f4cdcbf66
WorkBuddy,临时文件\backup_runtime_20260914_085819\agents\prefab-interior-expert.md,D:\WorkBuddy\01_活跃项目\装配式装修技术专家包\临时文件\backup_runtime_20260914_085819\agents\prefab-interior-expert.md,13456,9e4abfc5b1deec81e4238b10039485818269f4faa22b7f3f5a454a6ce8004693,temp,跳过-历史临时材料,清单及字节哈希,旧备份、一次性脚本、日志或取证图；不处于本轮现行正文审阅集合，未逐份语义审阅或执行。,与开场清单一致,9e4abfc5b1deec81e4238b10039485818269f4faa22b7f3f5a454a6ce8004693
WorkBuddy,临时文件\backup_runtime_20260914_085819\avatars\.gitkeep,D:\WorkBuddy\01_活跃项目\装配式装修技术专家包\临时文件\backup_runtime_20260914_085819\avatars\.gitkeep,0,e3b0c44298fc1c149afbf4c8996fb92427ae41e4649b934ca495991b7852b855,temp,跳过-同字节副本,全文件SHA256比对,与已列对象字节相同，未重复语义阅读；对应：WorkBuddy / 程序\prefab-interior-expert-market\plugins\prefab-interior-expert\avatars\.gitkeep,与开场清单一致,e3b0c44298fc1c149afbf4c8996fb92427ae41e4649b934ca495991b7852b855
WorkBuddy,临时文件\backup_runtime_20260914_085819\avatars\expert.png,D:\WorkBuddy\01_活跃项目\装配式装修技术专家包\临时文件\backup_runtime_20260914_085819\avatars\expert.png,458810,a2e1fde41880e5255beaf3c9e939fa3705b71f239510303db2fff1f5b40b2eaa,temp,跳过-同字节副本,全文件SHA256比对,与已列对象字节相同，未重复语义阅读；对应：WorkBuddy / 程序\prefab-interior-expert-market\plugins\prefab-interior-expert\avatars\expert.png,与开场清单一致,a2e1fde41880e5255beaf3c9e939fa3705b71f239510303db2fff1f5b40b2eaa
WorkBuddy,临时文件\backup_runtime_20260914_085819\eval\eval-cases.md,D:\WorkBuddy\01_活跃项目\装配式装修技术专家包\临时文件\backup_runtime_20260914_085819\eval\eval-cases.md,9395,ec050e2aa3d7949223a69b403a07634d4d00f256e8efc2b278a0f9aba14a5e10,temp,跳过-历史临时材料,清单及字节哈希,旧备份、一次性脚本、日志或取证图；不处于本轮现行正文审阅集合，未逐份语义审阅或执行。,与开场清单一致,ec050e2aa3d7949223a69b403a07634d4d00f256e8efc2b278a0f9aba14a5e10
WorkBuddy,临时文件\backup_runtime_20260914_085819\eval\verify_knowledge_base.py,D:\WorkBuddy\01_活跃项目\装配式装修技术专家包\临时文件\backup_runtime_20260914_085819\eval\verify_knowledge_base.py,47230,5009a93c20476977026d749c3dbbc86de6ee62c4c2bf50fb6fdef6cc02a20d3a,temp,跳过-历史临时材料,清单及字节哈希,旧备份、一次性脚本、日志或取证图；不处于本轮现行正文审阅集合，未逐份语义审阅或执行。,与开场清单一致,5009a93c20476977026d749c3dbbc86de6ee62c4c2bf50fb6fdef6cc02a20d3a
WorkBuddy,临时文件\backup_runtime_20260914_085819\skills\prefab-interior-knowledge\SKILL.md,D:\WorkBuddy\01_活跃项目\装配式装修技术专家包\临时文件\backup_runtime_20260914_085819\skills\prefab-interior-knowledge\SKILL.md,5041,aa4a5074859ac4411d119d74fba2aa0a34d7070cb031db4be81c261566dbe6bc,temp,跳过-同字节副本,全文件SHA256比对,与已列对象字节相同，未重复语义阅读；对应：WorkBuddy / 程序\prefab-interior-expert-market\plugins\prefab-interior-expert\skills\prefab-interior-knowledge\SKILL.md,与开场清单一致,aa4a5074859ac4411d119d74fba2aa0a34d7070cb031db4be81c261566dbe6bc
WorkBuddy,临时文件\backup_runtime_20260914_085819\skills\prefab-interior-knowledge\references\citation-discipline.md,D:\WorkBuddy\01_活跃项目\装配式装修技术专家包\临时文件\backup_runtime_20260914_085819\skills\prefab-interior-knowledge\references\citation-discipline.md,25299,4615957f6282e67ea565baea27d55fd042d952c87d0bf00c1db20402cbb349a6,temp,跳过-同字节副本,全文件SHA256比对,与已列对象字节相同，未重复语义阅读；对应：WorkBuddy / 程序\prefab-interior-expert-market\plugins\prefab-interior-expert\skills\prefab-interior-knowledge\references\citation-discipline.md,与开场清单一致,4615957f6282e67ea565baea27d55fd042d952c87d0bf00c1db20402cbb349a6
WorkBuddy,临时文件\backup_runtime_20260914_085819\skills\prefab-interior-knowledge\references\decision-log.md,D:\WorkBuddy\01_活跃项目\装配式装修技术专家包\临时文件\backup_runtime_20260914_085819\skills\prefab-interior-knowledge\references\decision-log.md,12168,ff5c3560b72278f464d578aae020516ed2a0b36e4fc79b6f1d356b31a65a980d,temp,跳过-同字节副本,全文件SHA256比对,与已列对象字节相同，未重复语义阅读；对应：WorkBuddy / 程序\prefab-interior-expert-market\plugins\prefab-interior-expert\skills\prefab-interior-knowledge\references\decision-log.md,与开场清单一致,ff5c3560b72278f464d578aae020516ed2a0b36e4fc79b6f1d356b31a65a980d
WorkBuddy,临时文件\backup_runtime_20260914_085819\skills\prefab-interior-knowledge\references\ima-standards-library.md,D:\WorkBuddy\01_活跃项目\装配式装修技术专家包\临时文件\backup_runtime_20260914_085819\skills\prefab-interior-knowledge\references\ima-standards-library.md,46235,2cbba65d8c5265a6d9720e770c000be01ed7df72b4cc5717ee4ce95e084e00f5,temp,跳过-历史临时材料,清单及字节哈希,旧备份、一次性脚本、日志或取证图；不处于本轮现行正文审阅集合，未逐份语义审阅或执行。,与开场清单一致,2cbba65d8c5265a6d9720e770c000be01ed7df72b4cc5717ee4ce95e084e00f5
WorkBuddy,临时文件\backup_runtime_20260914_085819\skills\prefab-interior-knowledge\references\knowledge-architecture.md,D:\WorkBuddy\01_活跃项目\装配式装修技术专家包\临时文件\backup_runtime_20260914_085819\skills\prefab-interior-knowledge\references\knowledge-architecture.md,16976,b7361ed377676a9075df3cae2bc38b4d7e788673535783efa28a1bd669864a39,temp,跳过-历史临时材料,清单及字节哈希,旧备份、一次性脚本、日志或取证图；不处于本轮现行正文审阅集合，未逐份语义审阅或执行。,与开场清单一致,b7361ed377676a9075df3cae2bc38b4d7e788673535783efa28a1bd669864a39
WorkBuddy,临时文件\backup_runtime_20260914_085819\skills\prefab-interior-knowledge\references\knowledge-cards-batch1.md,D:\WorkBuddy\01_活跃项目\装配式装修技术专家包\临时文件\backup_runtime_20260914_085819\skills\prefab-interior-knowledge\references\knowledge-cards-batch1.md,160529,1c5f07eaf83320c6df1b8f6dbaf5b9269cecdffb2512d4064b101d04d866c181,temp,跳过-历史临时材料,清单及字节哈希,旧备份、一次性脚本、日志或取证图；不处于本轮现行正文审阅集合，未逐份语义审阅或执行。,与开场清单一致,1c5f07eaf83320c6df1b8f6dbaf5b9269cecdffb2512d4064b101d04d866c181
WorkBuddy,临时文件\backup_runtime_20260914_085819\skills\prefab-interior-knowledge\references\knowledge-map.md,D:\WorkBuddy\01_活跃项目\装配式装修技术专家包\临时文件\backup_runtime_20260914_085819\skills\prefab-interior-knowledge\references\knowledge-map.md,10539,4789ad0ec4067dba0d8ae812f067c8fd83dd2878ae68f5bf9c82af976c2c1468,temp,跳过-同字节副本,全文件SHA256比对,与已列对象字节相同，未重复语义阅读；对应：WorkBuddy / 程序\prefab-interior-expert-market\plugins\prefab-interior-expert\skills\prefab-interior-knowledge\references\knowledge-map.md,与开场清单一致,4789ad0ec4067dba0d8ae812f067c8fd83dd2878ae68f5bf9c82af976c2c1468
WorkBuddy,临时文件\backup_runtime_20260914_085819\skills\prefab-interior-knowledge\references\methodology-playbook.md,D:\WorkBuddy\01_活跃项目\装配式装修技术专家包\临时文件\backup_runtime_20260914_085819\skills\prefab-interior-knowledge\references\methodology-playbook.md,8878,7ddaf17a28d80a76f49faed7cccf89cf6a2b8511ec93fa11cdf194be61e8d321,temp,跳过-同字节副本,全文件SHA256比对,与已列对象字节相同，未重复语义阅读；对应：WorkBuddy / 程序\prefab-interior-expert-market\plugins\prefab-interior-expert\skills\prefab-interior-knowledge\references\methodology-playbook.md,与开场清单一致,7ddaf17a28d80a76f49faed7cccf89cf6a2b8511ec93fa11cdf194be61e8d321
WorkBuddy,临时文件\backup_runtime_20260914_085819\skills\prefab-interior-knowledge\references\metrics-core.md,D:\WorkBuddy\01_活跃项目\装配式装修技术专家包\临时文件\backup_runtime_20260914_085819\skills\prefab-interior-knowledge\references\metrics-core.md,177981,c0f9bf722f245243e9dc4c2867db2f663aa2519e85dc73a5209669935e960a75,temp,跳过-历史临时材料,清单及字节哈希,旧备份、一次性脚本、日志或取证图；不处于本轮现行正文审阅集合，未逐份语义审阅或执行。,与开场清单一致,c0f9bf722f245243e9dc4c2867db2f663aa2519e85dc73a5209669935e960a75
WorkBuddy,临时文件\backup_runtime_20260914_085819\skills\prefab-interior-knowledge\references\semantic-surfaces.md,D:\WorkBuddy\01_活跃项目\装配式装修技术专家包\临时文件\backup_runtime_20260914_085819\skills\prefab-interior-knowledge\references\semantic-surfaces.md,6804,c7516a1b92c8173e524c119df70a9ef780e630340697517b34182422a65d592d,temp,跳过-历史临时材料,清单及字节哈希,旧备份、一次性脚本、日志或取证图；不处于本轮现行正文审阅集合，未逐份语义审阅或执行。,与开场清单一致,c7516a1b92c8173e524c119df70a9ef780e630340697517b34182422a65d592d
WorkBuddy,临时文件\backup_runtime_20260914_085819\skills\prefab-interior-knowledge\references\standards-anchor.md,D:\WorkBuddy\01_活跃项目\装配式装修技术专家包\临时文件\backup_runtime_20260914_085819\skills\prefab-interior-knowledge\references\standards-anchor.md,46587,b878e8827aad1cc80bc21016f0f76497f32568e1fc8b051f7151644e50ba4912,temp,跳过-历史临时材料,清单及字节哈希,旧备份、一次性脚本、日志或取证图；不处于本轮现行正文审阅集合，未逐份语义审阅或执行。,与开场清单一致,b878e8827aad1cc80bc21016f0f76497f32568e1fc8b051f7151644e50ba4912
WorkBuddy,临时文件\p2c_pages\b034.png,D:\WorkBuddy\01_活跃项目\装配式装修技术专家包\临时文件\p2c_pages\b034.png,310121,20072f18d29f3b1f1c46d55178ca36185f60735af9daaccd030abebb35740a97,temp,跳过-历史临时材料,清单及字节哈希,旧备份、一次性脚本、日志或取证图；不处于本轮现行正文审阅集合，未逐份语义审阅或执行。,与开场清单一致,20072f18d29f3b1f1c46d55178ca36185f60735af9daaccd030abebb35740a97
WorkBuddy,临时文件\p2c_pages\b035.png,D:\WorkBuddy\01_活跃项目\装配式装修技术专家包\临时文件\p2c_pages\b035.png,306078,28e9e33b63eb52ffee62837a8b64f5d8a7360f6a51a540dbb6f0cf9bd4b4b2f2,temp,跳过-历史临时材料,清单及字节哈希,旧备份、一次性脚本、日志或取证图；不处于本轮现行正文审阅集合，未逐份语义审阅或执行。,与开场清单一致,28e9e33b63eb52ffee62837a8b64f5d8a7360f6a51a540dbb6f0cf9bd4b4b2f2
WorkBuddy,临时文件\p2c_pages\b036.png,D:\WorkBuddy\01_活跃项目\装配式装修技术专家包\临时文件\p2c_pages\b036.png,234636,c322bfbe63684985539dd2eb4bf5127856938b1dab503b31d53905ee94ad996a,temp,跳过-历史临时材料,清单及字节哈希,旧备份、一次性脚本、日志或取证图；不处于本轮现行正文审阅集合，未逐份语义审阅或执行。,与开场清单一致,c322bfbe63684985539dd2eb4bf5127856938b1dab503b31d53905ee94ad996a
WorkBuddy,临时文件\p2c_pages\b037.png,D:\WorkBuddy\01_活跃项目\装配式装修技术专家包\临时文件\p2c_pages\b037.png,283664,74c34fb03687ecbfb8c7c021449664ec6ee0d01acb1a1cd4487de845de610bfd,temp,跳过-历史临时材料,清单及字节哈希,旧备份、一次性脚本、日志或取证图；不处于本轮现行正文审阅集合，未逐份语义审阅或执行。,与开场清单一致,74c34fb03687ecbfb8c7c021449664ec6ee0d01acb1a1cd4487de845de610bfd
WorkBuddy,临时文件\p2c_pages\b038.png,D:\WorkBuddy\01_活跃项目\装配式装修技术专家包\临时文件\p2c_pages\b038.png,397968,7f9abf12e245a0d9979194b20f8ac696d0808eaed5bf557a95dad436480bf91f,temp,跳过-历史临时材料,清单及字节哈希,旧备份、一次性脚本、日志或取证图；不处于本轮现行正文审阅集合，未逐份语义审阅或执行。,与开场清单一致,7f9abf12e245a0d9979194b20f8ac696d0808eaed5bf557a95dad436480bf91f
WorkBuddy,临时文件\p2c_pages\b039.png,D:\WorkBuddy\01_活跃项目\装配式装修技术专家包\临时文件\p2c_pages\b039.png,272197,1c031f43856100771e9c109427eebadaf63b80ba5d3576f1d8cc8b7e610c6d64,temp,跳过-历史临时材料,清单及字节哈希,旧备份、一次性脚本、日志或取证图；不处于本轮现行正文审阅集合，未逐份语义审阅或执行。,与开场清单一致,1c031f43856100771e9c109427eebadaf63b80ba5d3576f1d8cc8b7e610c6d64
WorkBuddy,临时文件\p2c_pages\b040.png,D:\WorkBuddy\01_活跃项目\装配式装修技术专家包\临时文件\p2c_pages\b040.png,257616,1f871102a3c8aaef8126f3da7d7c60275e8f67d11e37df51c3cc216150fba0c3,temp,跳过-历史临时材料,清单及字节哈希,旧备份、一次性脚本、日志或取证图；不处于本轮现行正文审阅集合，未逐份语义审阅或执行。,与开场清单一致,1f871102a3c8aaef8126f3da7d7c60275e8f67d11e37df51c3cc216150fba0c3
WorkBuddy,临时文件\p2c_pages\b041.png,D:\WorkBuddy\01_活跃项目\装配式装修技术专家包\临时文件\p2c_pages\b041.png,300666,a8fb6fbfcfef3a03f1dfe5df8b91125a721a695dd3e700e9c073263882267a9c,temp,跳过-历史临时材料,清单及字节哈希,旧备份、一次性脚本、日志或取证图；不处于本轮现行正文审阅集合，未逐份语义审阅或执行。,与开场清单一致,a8fb6fbfcfef3a03f1dfe5df8b91125a721a695dd3e700e9c073263882267a9c
WorkBuddy,临时文件\p2c_pages\b042.png,D:\WorkBuddy\01_活跃项目\装配式装修技术专家包\临时文件\p2c_pages\b042.png,228366,fdfcf7a617f1f49824065b3011ac102f543acde61dbb9bb39c3b0b54f3d444d9,temp,跳过-历史临时材料,清单及字节哈希,旧备份、一次性脚本、日志或取证图；不处于本轮现行正文审阅集合，未逐份语义审阅或执行。,与开场清单一致,fdfcf7a617f1f49824065b3011ac102f543acde61dbb9bb39c3b0b54f3d444d9
WorkBuddy,临时文件\p2c_pages\b043.png,D:\WorkBuddy\01_活跃项目\装配式装修技术专家包\临时文件\p2c_pages\b043.png,299807,00028ff08ceb3d660f92d9ae904c2b1d8de7ffb8f9364a727bd763e239f07873,temp,跳过-历史临时材料,清单及字节哈希,旧备份、一次性脚本、日志或取证图；不处于本轮现行正文审阅集合，未逐份语义审阅或执行。,与开场清单一致,00028ff08ceb3d660f92d9ae904c2b1d8de7ffb8f9364a727bd763e239f07873
WorkBuddy,临时文件\p2c_pages\b044.png,D:\WorkBuddy\01_活跃项目\装配式装修技术专家包\临时文件\p2c_pages\b044.png,54935,c4aa2a4c2226263c26aab33eb124b7018594fb9527632be73c8e5dc64df7ad0b,temp,跳过-历史临时材料,清单及字节哈希,旧备份、一次性脚本、日志或取证图；不处于本轮现行正文审阅集合，未逐份语义审阅或执行。,与开场清单一致,c4aa2a4c2226263c26aab33eb124b7018594fb9527632be73c8e5dc64df7ad0b
WorkBuddy,临时文件\p2c_pages\b045.png,D:\WorkBuddy\01_活跃项目\装配式装修技术专家包\临时文件\p2c_pages\b045.png,279948,7345cc595eed05fac49e58ecd58d3f293543c7f501b4b73ddfea99581319c30b,temp,跳过-历史临时材料,清单及字节哈希,旧备份、一次性脚本、日志或取证图；不处于本轮现行正文审阅集合，未逐份语义审阅或执行。,与开场清单一致,7345cc595eed05fac49e58ecd58d3f293543c7f501b4b73ddfea99581319c30b
WorkBuddy,临时文件\p2c_pages\b046.png,D:\WorkBuddy\01_活跃项目\装配式装修技术专家包\临时文件\p2c_pages\b046.png,318352,ce337f70cea1e645684533afaa97156dbc00f2a49b437580b9caa2ef68f3b4cb,temp,跳过-历史临时材料,清单及字节哈希,旧备份、一次性脚本、日志或取证图；不处于本轮现行正文审阅集合，未逐份语义审阅或执行。,与开场清单一致,ce337f70cea1e645684533afaa97156dbc00f2a49b437580b9caa2ef68f3b4cb
WorkBuddy,临时文件\p2c_pages\b047.png,D:\WorkBuddy\01_活跃项目\装配式装修技术专家包\临时文件\p2c_pages\b047.png,354821,8cff189f66cb14ac64264aa9cf11cff9507e45ce1d68bf4874a983f2120bfbfd,temp,跳过-历史临时材料,清单及字节哈希,旧备份、一次性脚本、日志或取证图；不处于本轮现行正文审阅集合，未逐份语义审阅或执行。,与开场清单一致,8cff189f66cb14ac64264aa9cf11cff9507e45ce1d68bf4874a983f2120bfbfd
WorkBuddy,临时文件\p2c_pages\b048.png,D:\WorkBuddy\01_活跃项目\装配式装修技术专家包\临时文件\p2c_pages\b048.png,278957,2ebd5e2e87339f738db15ff6d697bbd2fbacb58bd0e292d01c167d97af04f5f8,temp,跳过-历史临时材料,清单及字节哈希,旧备份、一次性脚本、日志或取证图；不处于本轮现行正文审阅集合，未逐份语义审阅或执行。,与开场清单一致,2ebd5e2e87339f738db15ff6d697bbd2fbacb58bd0e292d01c167d97af04f5f8
WorkBuddy,临时文件\p2c_pages\c044.png,D:\WorkBuddy\01_活跃项目\装配式装修技术专家包\临时文件\p2c_pages\c044.png,54935,c4aa2a4c2226263c26aab33eb124b7018594fb9527632be73c8e5dc64df7ad0b,temp,跳过-历史临时材料,清单及字节哈希,旧备份、一次性脚本、日志或取证图；不处于本轮现行正文审阅集合，未逐份语义审阅或执行。,与开场清单一致,c4aa2a4c2226263c26aab33eb124b7018594fb9527632be73c8e5dc64df7ad0b
WorkBuddy,临时文件\p2c_pages\c045.png,D:\WorkBuddy\01_活跃项目\装配式装修技术专家包\临时文件\p2c_pages\c045.png,279948,7345cc595eed05fac49e58ecd58d3f293543c7f501b4b73ddfea99581319c30b,temp,跳过-历史临时材料,清单及字节哈希,旧备份、一次性脚本、日志或取证图；不处于本轮现行正文审阅集合，未逐份语义审阅或执行。,与开场清单一致,7345cc595eed05fac49e58ecd58d3f293543c7f501b4b73ddfea99581319c30b
WorkBuddy,临时文件\p2c_pages\c046.png,D:\WorkBuddy\01_活跃项目\装配式装修技术专家包\临时文件\p2c_pages\c046.png,318352,ce337f70cea1e645684533afaa97156dbc00f2a49b437580b9caa2ef68f3b4cb,temp,跳过-历史临时材料,清单及字节哈希,旧备份、一次性脚本、日志或取证图；不处于本轮现行正文审阅集合，未逐份语义审阅或执行。,与开场清单一致,ce337f70cea1e645684533afaa97156dbc00f2a49b437580b9caa2ef68f3b4cb
WorkBuddy,临时文件\p2c_pages\c047.png,D:\WorkBuddy\01_活跃项目\装配式装修技术专家包\临时文件\p2c_pages\c047.png,354821,8cff189f66cb14ac64264aa9cf11cff9507e45ce1d68bf4874a983f2120bfbfd,temp,跳过-历史临时材料,清单及字节哈希,旧备份、一次性脚本、日志或取证图；不处于本轮现行正文审阅集合，未逐份语义审阅或执行。,与开场清单一致,8cff189f66cb14ac64264aa9cf11cff9507e45ce1d68bf4874a983f2120bfbfd
WorkBuddy,临时文件\p2c_pages\c048.png,D:\WorkBuddy\01_活跃项目\装配式装修技术专家包\临时文件\p2c_pages\c048.png,278957,2ebd5e2e87339f738db15ff6d697bbd2fbacb58bd0e292d01c167d97af04f5f8,temp,跳过-历史临时材料,清单及字节哈希,旧备份、一次性脚本、日志或取证图；不处于本轮现行正文审阅集合，未逐份语义审阅或执行。,与开场清单一致,2ebd5e2e87339f738db15ff6d697bbd2fbacb58bd0e292d01c167d97af04f5f8
WorkBuddy,临时文件\p2c_pages\c049.png,D:\WorkBuddy\01_活跃项目\装配式装修技术专家包\临时文件\p2c_pages\c049.png,269161,2eab33709ce465663b1d9d07d90517dff7ca5255a9309cb7681d0f61f6e10411,temp,跳过-历史临时材料,清单及字节哈希,旧备份、一次性脚本、日志或取证图；不处于本轮现行正文审阅集合，未逐份语义审阅或执行。,与开场清单一致,2eab33709ce465663b1d9d07d90517dff7ca5255a9309cb7681d0f61f6e10411
WorkBuddy,临时文件\p2c_pages\c050.png,D:\WorkBuddy\01_活跃项目\装配式装修技术专家包\临时文件\p2c_pages\c050.png,802193,969f7c24902fceb2dae6b99135030752e429bbde3a40c470fe2a02dd780b11e4,temp,跳过-历史临时材料,清单及字节哈希,旧备份、一次性脚本、日志或取证图；不处于本轮现行正文审阅集合，未逐份语义审阅或执行。,与开场清单一致,969f7c24902fceb2dae6b99135030752e429bbde3a40c470fe2a02dd780b11e4
WorkBuddy,临时文件\p2c_pages\c051.png,D:\WorkBuddy\01_活跃项目\装配式装修技术专家包\临时文件\p2c_pages\c051.png,171261,72c627b5b9a8ded850802a96f8a3f8323c126272de7e6f09cbf8c78c492e7b3f,temp,跳过-历史临时材料,清单及字节哈希,旧备份、一次性脚本、日志或取证图；不处于本轮现行正文审阅集合，未逐份语义审阅或执行。,与开场清单一致,72c627b5b9a8ded850802a96f8a3f8323c126272de7e6f09cbf8c78c492e7b3f
WorkBuddy,临时文件\p2c_pages\c052.png,D:\WorkBuddy\01_活跃项目\装配式装修技术专家包\临时文件\p2c_pages\c052.png,316342,88e03a01a13c3907d2e543e6422a7cd39feb0d9be97556ff6c6135cd5565c12b,temp,跳过-历史临时材料,清单及字节哈希,旧备份、一次性脚本、日志或取证图；不处于本轮现行正文审阅集合，未逐份语义审阅或执行。,与开场清单一致,88e03a01a13c3907d2e543e6422a7cd39feb0d9be97556ff6c6135cd5565c12b
WorkBuddy,临时文件\p2c_pages\c053.png,D:\WorkBuddy\01_活跃项目\装配式装修技术专家包\临时文件\p2c_pages\c053.png,293510,98e5d8c4d6aa298e384a997bcf25f53b61748cc6dbcf8ba8361663c2146bb58b,temp,跳过-历史临时材料,清单及字节哈希,旧备份、一次性脚本、日志或取证图；不处于本轮现行正文审阅集合，未逐份语义审阅或执行。,与开场清单一致,98e5d8c4d6aa298e384a997bcf25f53b61748cc6dbcf8ba8361663c2146bb58b
WorkBuddy,临时文件\p2c_pages\c054.png,D:\WorkBuddy\01_活跃项目\装配式装修技术专家包\临时文件\p2c_pages\c054.png,838512,671b86fe04f83341d438c118bd375e3855e29f9a6fce4050b20e215758170eb4,temp,跳过-历史临时材料,清单及字节哈希,旧备份、一次性脚本、日志或取证图；不处于本轮现行正文审阅集合，未逐份语义审阅或执行。,与开场清单一致,671b86fe04f83341d438c118bd375e3855e29f9a6fce4050b20e215758170eb4
WorkBuddy,临时文件\p2c_pages\c055.png,D:\WorkBuddy\01_活跃项目\装配式装修技术专家包\临时文件\p2c_pages\c055.png,285462,66ea41938e5d896cbc367cc5367be35de44b4a0292c64457ec1a768be169ad62,temp,跳过-历史临时材料,清单及字节哈希,旧备份、一次性脚本、日志或取证图；不处于本轮现行正文审阅集合，未逐份语义审阅或执行。,与开场清单一致,66ea41938e5d896cbc367cc5367be35de44b4a0292c64457ec1a768be169ad62
WorkBuddy,临时文件\p2c_pages\c056.png,D:\WorkBuddy\01_活跃项目\装配式装修技术专家包\临时文件\p2c_pages\c056.png,266529,747892e1b153707c2ee2675fc5dc14e16ee392f1e22f017ac0fec1baaab4dc30,temp,跳过-历史临时材料,清单及字节哈希,旧备份、一次性脚本、日志或取证图；不处于本轮现行正文审阅集合，未逐份语义审阅或执行。,与开场清单一致,747892e1b153707c2ee2675fc5dc14e16ee392f1e22f017ac0fec1baaab4dc30
WorkBuddy,临时文件\p2c_pages\c057.png,D:\WorkBuddy\01_活跃项目\装配式装修技术专家包\临时文件\p2c_pages\c057.png,308031,4f9424cd294e91d76c3e5899c1ce7866801d3e2e995661a718261358e8b38237,temp,跳过-历史临时材料,清单及字节哈希,旧备份、一次性脚本、日志或取证图；不处于本轮现行正文审阅集合，未逐份语义审阅或执行。,与开场清单一致,4f9424cd294e91d76c3e5899c1ce7866801d3e2e995661a718261358e8b38237
WorkBuddy,临时文件\p2c_pages\c058.png,D:\WorkBuddy\01_活跃项目\装配式装修技术专家包\临时文件\p2c_pages\c058.png,683211,5b181954b1f375f2902584aace5396ddf70afebe1c62ddf5211acd409697244d,temp,跳过-历史临时材料,清单及字节哈希,旧备份、一次性脚本、日志或取证图；不处于本轮现行正文审阅集合，未逐份语义审阅或执行。,与开场清单一致,5b181954b1f375f2902584aace5396ddf70afebe1c62ddf5211acd409697244d
WorkBuddy,临时文件\p2c_pages\c059.png,D:\WorkBuddy\01_活跃项目\装配式装修技术专家包\临时文件\p2c_pages\c059.png,257397,6428c9da027136ef80e77af2579e1f2e1c5849a2cf7410a58e97668a9d473bb3,temp,跳过-历史临时材料,清单及字节哈希,旧备份、一次性脚本、日志或取证图；不处于本轮现行正文审阅集合，未逐份语义审阅或执行。,与开场清单一致,6428c9da027136ef80e77af2579e1f2e1c5849a2cf7410a58e97668a9d473bb3
WorkBuddy,临时文件\p2c_pages\c060.png,D:\WorkBuddy\01_活跃项目\装配式装修技术专家包\临时文件\p2c_pages\c060.png,920563,8eee5e0f8f82843045139079d817f52dcaf2daee9118c973552fd44cdce7eb04,temp,跳过-历史临时材料,清单及字节哈希,旧备份、一次性脚本、日志或取证图；不处于本轮现行正文审阅集合，未逐份语义审阅或执行。,与开场清单一致,8eee5e0f8f82843045139079d817f52dcaf2daee9118c973552fd44cdce7eb04
WorkBuddy,临时文件\p2c_pages\hd052.png,D:\WorkBuddy\01_活跃项目\装配式装修技术专家包\临时文件\p2c_pages\hd052.png,316342,88e03a01a13c3907d2e543e6422a7cd39feb0d9be97556ff6c6135cd5565c12b,temp,跳过-历史临时材料,清单及字节哈希,旧备份、一次性脚本、日志或取证图；不处于本轮现行正文审阅集合，未逐份语义审阅或执行。,与开场清单一致,88e03a01a13c3907d2e543e6422a7cd39feb0d9be97556ff6c6135cd5565c12b
WorkBuddy,临时文件\p2c_pages\hd054.png,D:\WorkBuddy\01_活跃项目\装配式装修技术专家包\临时文件\p2c_pages\hd054.png,1537979,0a12886fe6812b56dbc5bbcd633512f0b1c16ea4956b26ec3556510c2bb5fd77,temp,跳过-历史临时材料,清单及字节哈希,旧备份、一次性脚本、日志或取证图；不处于本轮现行正文审阅集合，未逐份语义审阅或执行。,与开场清单一致,0a12886fe6812b56dbc5bbcd633512f0b1c16ea4956b26ec3556510c2bb5fd77
WorkBuddy,临时文件\p2c_pages\hd055.png,D:\WorkBuddy\01_活跃项目\装配式装修技术专家包\临时文件\p2c_pages\hd055.png,406009,92127626e02707fe3370ebd00119cc4c6ecd5a03382de31153b07e5a81791055,temp,跳过-历史临时材料,清单及字节哈希,旧备份、一次性脚本、日志或取证图；不处于本轮现行正文审阅集合，未逐份语义审阅或执行。,与开场清单一致,92127626e02707fe3370ebd00119cc4c6ecd5a03382de31153b07e5a81791055
WorkBuddy,临时文件\p2c_pages\hd056.png,D:\WorkBuddy\01_活跃项目\装配式装修技术专家包\临时文件\p2c_pages\hd056.png,378623,8e190e8ad586f3451bf2ea33d86795dea26ca8a29d0999f85e0e2097321f4f64,temp,跳过-历史临时材料,清单及字节哈希,旧备份、一次性脚本、日志或取证图；不处于本轮现行正文审阅集合，未逐份语义审阅或执行。,与开场清单一致,8e190e8ad586f3451bf2ea33d86795dea26ca8a29d0999f85e0e2097321f4f64
WorkBuddy,临时文件\p2c_pages\hd057.png,D:\WorkBuddy\01_活跃项目\装配式装修技术专家包\临时文件\p2c_pages\hd057.png,438211,4d5f6cfabd9efff1e459355d49683576d00e830c27c6361a39dd3ca03755d981,temp,跳过-历史临时材料,清单及字节哈希,旧备份、一次性脚本、日志或取证图；不处于本轮现行正文审阅集合，未逐份语义审阅或执行。,与开场清单一致,4d5f6cfabd9efff1e459355d49683576d00e830c27c6361a39dd3ca03755d981
WorkBuddy,临时文件\p2c_pages\hd058.png,D:\WorkBuddy\01_活跃项目\装配式装修技术专家包\临时文件\p2c_pages\hd058.png,1252671,40cfaf3769759ff23e2d821a29fc07832b835095728c482a2e2c206371639b63,temp,跳过-历史临时材料,清单及字节哈希,旧备份、一次性脚本、日志或取证图；不处于本轮现行正文审阅集合，未逐份语义审阅或执行。,与开场清单一致,40cfaf3769759ff23e2d821a29fc07832b835095728c482a2e2c206371639b63
WorkBuddy,临时文件\p2c_pages\p001.png,D:\WorkBuddy\01_活跃项目\装配式装修技术专家包\临时文件\p2c_pages\p001.png,236319,a6beb7d5edf8bd5b9433853b57d23c222db9d71571ccdd58f88a4edd28836aac,temp,跳过-历史临时材料,清单及字节哈希,旧备份、一次性脚本、日志或取证图；不处于本轮现行正文审阅集合，未逐份语义审阅或执行。,与开场清单一致,a6beb7d5edf8bd5b9433853b57d23c222db9d71571ccdd58f88a4edd28836aac
WorkBuddy,临时文件\p2c_pages\p002.png,D:\WorkBuddy\01_活跃项目\装配式装修技术专家包\临时文件\p2c_pages\p002.png,183704,e1a0d603645d1d9b143abdcafa15f186373da83f9b0b07b9c0985bef6257512d,temp,跳过-历史临时材料,清单及字节哈希,旧备份、一次性脚本、日志或取证图；不处于本轮现行正文审阅集合，未逐份语义审阅或执行。,与开场清单一致,e1a0d603645d1d9b143abdcafa15f186373da83f9b0b07b9c0985bef6257512d
WorkBuddy,临时文件\p2c_pages\p003.png,D:\WorkBuddy\01_活跃项目\装配式装修技术专家包\临时文件\p2c_pages\p003.png,204719,187cc94b23acbd7d81d9feeb536a902b528ed01aa1760ed3d2667aaf3182eb50,temp,跳过-历史临时材料,清单及字节哈希,旧备份、一次性脚本、日志或取证图；不处于本轮现行正文审阅集合，未逐份语义审阅或执行。,与开场清单一致,187cc94b23acbd7d81d9feeb536a902b528ed01aa1760ed3d2667aaf3182eb50
WorkBuddy,临时文件\p2c_pages\p004.png,D:\WorkBuddy\01_活跃项目\装配式装修技术专家包\临时文件\p2c_pages\p004.png,279550,ae1765b41877c6440326b92a7bfbfd3859b988e4983459a2af5e487f403b1c2c,temp,跳过-历史临时材料,清单及字节哈希,旧备份、一次性脚本、日志或取证图；不处于本轮现行正文审阅集合，未逐份语义审阅或执行。,与开场清单一致,ae1765b41877c6440326b92a7bfbfd3859b988e4983459a2af5e487f403b1c2c
WorkBuddy,临时文件\p2c_pages\p005.png,D:\WorkBuddy\01_活跃项目\装配式装修技术专家包\临时文件\p2c_pages\p005.png,510074,41ab6376edb15e878bb4ff0083b798e585cfbdbc296e4549151f6b96e1a00cfe,temp,跳过-历史临时材料,清单及字节哈希,旧备份、一次性脚本、日志或取证图；不处于本轮现行正文审阅集合，未逐份语义审阅或执行。,与开场清单一致,41ab6376edb15e878bb4ff0083b798e585cfbdbc296e4549151f6b96e1a00cfe
WorkBuddy,临时文件\p2c_pages\p006.png,D:\WorkBuddy\01_活跃项目\装配式装修技术专家包\临时文件\p2c_pages\p006.png,225272,2611122ef7afbedf2d7ad5ed4c3d38dda4503df14cfebd15e6710d82b889e677,temp,跳过-历史临时材料,清单及字节哈希,旧备份、一次性脚本、日志或取证图；不处于本轮现行正文审阅集合，未逐份语义审阅或执行。,与开场清单一致,2611122ef7afbedf2d7ad5ed4c3d38dda4503df14cfebd15e6710d82b889e677
WorkBuddy,临时文件\p2c_pages\p007.png,D:\WorkBuddy\01_活跃项目\装配式装修技术专家包\临时文件\p2c_pages\p007.png,316608,264d3481f4f4dd12277e97bfb73bdf74db33c28d25a387a104db075537d49f01,temp,跳过-历史临时材料,清单及字节哈希,旧备份、一次性脚本、日志或取证图；不处于本轮现行正文审阅集合，未逐份语义审阅或执行。,与开场清单一致,264d3481f4f4dd12277e97bfb73bdf74db33c28d25a387a104db075537d49f01
WorkBuddy,临时文件\p2c_pages\p008.png,D:\WorkBuddy\01_活跃项目\装配式装修技术专家包\临时文件\p2c_pages\p008.png,204582,cd0dc70504abcad3d5e1be7130565e38c3278bcb43381f48d1b6c8733db32587,temp,跳过-历史临时材料,清单及字节哈希,旧备份、一次性脚本、日志或取证图；不处于本轮现行正文审阅集合，未逐份语义审阅或执行。,与开场清单一致,cd0dc70504abcad3d5e1be7130565e38c3278bcb43381f48d1b6c8733db32587
WorkBuddy,临时文件\p2c_pages\p009.png,D:\WorkBuddy\01_活跃项目\装配式装修技术专家包\临时文件\p2c_pages\p009.png,149970,5256b8a022217a50d2816e249bba1bfd2c1babdeedecca7d28c5023f9abad2c8,temp,跳过-历史临时材料,清单及字节哈希,旧备份、一次性脚本、日志或取证图；不处于本轮现行正文审阅集合，未逐份语义审阅或执行。,与开场清单一致,5256b8a022217a50d2816e249bba1bfd2c1babdeedecca7d28c5023f9abad2c8
WorkBuddy,临时文件\p2c_pages\p010.png,D:\WorkBuddy\01_活跃项目\装配式装修技术专家包\临时文件\p2c_pages\p010.png,181486,3ba5229b412bc3fb32d7a357e651c22aa3ee084bfb359b49c633695dc05ca07a,temp,跳过-历史临时材料,清单及字节哈希,旧备份、一次性脚本、日志或取证图；不处于本轮现行正文审阅集合，未逐份语义审阅或执行。,与开场清单一致,3ba5229b412bc3fb32d7a357e651c22aa3ee084bfb359b49c633695dc05ca07a
WorkBuddy,临时文件\p2c_pages\t828_r4b.png,D:\WorkBuddy\01_活跃项目\装配式装修技术专家包\临时文件\p2c_pages\t828_r4b.png,4065,99a5bd51b9986f51f68be2cfb9a4047cab04bacfdfea833b1e5e366c8fb52b81,temp,跳过-历史临时材料,清单及字节哈希,旧备份、一次性脚本、日志或取证图；不处于本轮现行正文审阅集合，未逐份语义审阅或执行。,与开场清单一致,99a5bd51b9986f51f68be2cfb9a4047cab04bacfdfea833b1e5e366c8fb52b81
WorkBuddy,临时文件\p2c_pages\t828_raw.png,D:\WorkBuddy\01_活跃项目\装配式装修技术专家包\临时文件\p2c_pages\t828_raw.png,271684,0dae0afce400509916c28a3559ac03576966caee3141fac138735a66a6f318bd,temp,跳过-历史临时材料,清单及字节哈希,旧备份、一次性脚本、日志或取证图；不处于本轮现行正文审阅集合，未逐份语义审阅或执行。,与开场清单一致,0dae0afce400509916c28a3559ac03576966caee3141fac138735a66a6f318bd
WorkBuddy,临时文件\p2c_pages\t828_row4.png,D:\WorkBuddy\01_活跃项目\装配式装修技术专家包\临时文件\p2c_pages\t828_row4.png,5230,f100a2606728f044820be2786592bf8876e27397b2e99aa73cbcf3d242ccc4fb,temp,跳过-历史临时材料,清单及字节哈希,旧备份、一次性脚本、日志或取证图；不处于本轮现行正文审阅集合，未逐份语义审阅或执行。,与开场清单一致,f100a2606728f044820be2786592bf8876e27397b2e99aa73cbcf3d242ccc4fb
WorkBuddy,临时文件\p2c_pages\t828_th120.png,D:\WorkBuddy\01_活跃项目\装配式装修技术专家包\临时文件\p2c_pages\t828_th120.png,17680,6e6baee443fcebd63ebdb5fc30578c659c703eb1d22d42dd9758472a3bd8a407,temp,跳过-历史临时材料,清单及字节哈希,旧备份、一次性脚本、日志或取证图；不处于本轮现行正文审阅集合，未逐份语义审阅或执行。,与开场清单一致,6e6baee443fcebd63ebdb5fc30578c659c703eb1d22d42dd9758472a3bd8a407
WorkBuddy,临时文件\p2c_pages\t828_th90.png,D:\WorkBuddy\01_活跃项目\装配式装修技术专家包\临时文件\p2c_pages\t828_th90.png,17420,eee73ef7808420be6e140301fa6e222975d197ed13979d749e4d6ca1c7635295,temp,跳过-历史临时材料,清单及字节哈希,旧备份、一次性脚本、日志或取证图；不处于本轮现行正文审阅集合，未逐份语义审阅或执行。,与开场清单一致,eee73ef7808420be6e140301fa6e222975d197ed13979d749e4d6ca1c7635295
WorkBuddy,临时文件\p2c_pages\tbl828.png,D:\WorkBuddy\01_活跃项目\装配式装修技术专家包\临时文件\p2c_pages\tbl828.png,1180536,1f73e2b0be23dbffca1bb72d53f8679f45d6ab33539c94aadbf0971fb53b685c,temp,跳过-历史临时材料,清单及字节哈希,旧备份、一次性脚本、日志或取证图；不处于本轮现行正文审阅集合，未逐份语义审阅或执行。,与开场清单一致,1f73e2b0be23dbffca1bb72d53f8679f45d6ab33539c94aadbf0971fb53b685c
WorkBuddy,临时文件\p2c_pages\tbl828_zoom.png,D:\WorkBuddy\01_活跃项目\装配式装修技术专家包\临时文件\p2c_pages\tbl828_zoom.png,830001,440be288a990198872bc26f4d26eb19664973448073661b983a1d2c92a7421c1,temp,跳过-历史临时材料,清单及字节哈希,旧备份、一次性脚本、日志或取证图；不处于本轮现行正文审阅集合，未逐份语义审阅或执行。,与开场清单一致,440be288a990198872bc26f4d26eb19664973448073661b983a1d2c92a7421c1
WorkBuddy,临时文件\p2c_pages\toc003.png,D:\WorkBuddy\01_活跃项目\装配式装修技术专家包\临时文件\p2c_pages\toc003.png,391876,81c01cf30ac76eb13e7c7ef1082875e206b10abfc9af44af88433e48bd2bf375,temp,跳过-历史临时材料,清单及字节哈希,旧备份、一次性脚本、日志或取证图；不处于本轮现行正文审阅集合，未逐份语义审阅或执行。,与开场清单一致,81c01cf30ac76eb13e7c7ef1082875e206b10abfc9af44af88433e48bd2bf375
WorkBuddy,临时文件\p2c_pages\toc004.png,D:\WorkBuddy\01_活跃项目\装配式装修技术专家包\临时文件\p2c_pages\toc004.png,534762,423c2611d99c7b3accfe3ee4b8bf5634002ae653a10ddeea9ef295a1b130d0de,temp,跳过-历史临时材料,清单及字节哈希,旧备份、一次性脚本、日志或取证图；不处于本轮现行正文审阅集合，未逐份语义审阅或执行。,与开场清单一致,423c2611d99c7b3accfe3ee4b8bf5634002ae653a10ddeea9ef295a1b130d0de
WorkBuddy,临时文件\p2c_pages\toc005.png,D:\WorkBuddy\01_活跃项目\装配式装修技术专家包\临时文件\p2c_pages\toc005.png,991257,b1935e205e62726dca97378f21b394c5d843b1bc1a5c258902d2379d7619e0ac,temp,跳过-历史临时材料,清单及字节哈希,旧备份、一次性脚本、日志或取证图；不处于本轮现行正文审阅集合，未逐份语义审阅或执行。,与开场清单一致,b1935e205e62726dca97378f21b394c5d843b1bc1a5c258902d2379d7619e0ac
WorkBuddy,临时文件\p2c_pages\toc006.png,D:\WorkBuddy\01_活跃项目\装配式装修技术专家包\临时文件\p2c_pages\toc006.png,431223,22f81f7ecc01c2003b94bbe34bcbbba0acefe112d5d632a18539cb7c0004ec80,temp,跳过-历史临时材料,清单及字节哈希,旧备份、一次性脚本、日志或取证图；不处于本轮现行正文审阅集合，未逐份语义审阅或执行。,与开场清单一致,22f81f7ecc01c2003b94bbe34bcbbba0acefe112d5d632a18539cb7c0004ec80
WorkBuddy,临时文件\p2c_pages\toc007.png,D:\WorkBuddy\01_活跃项目\装配式装修技术专家包\临时文件\p2c_pages\toc007.png,611191,cc5f31faf57933b2498881250077cbac4cf7bcebb3bdaa5d8c33f73ee578a4d8,temp,跳过-历史临时材料,清单及字节哈希,旧备份、一次性脚本、日志或取证图；不处于本轮现行正文审阅集合，未逐份语义审阅或执行。,与开场清单一致,cc5f31faf57933b2498881250077cbac4cf7bcebb3bdaa5d8c33f73ee578a4d8
WorkBuddy,临时文件\p2c_pages\toc008.png,D:\WorkBuddy\01_活跃项目\装配式装修技术专家包\临时文件\p2c_pages\toc008.png,271862,6bf390e462f63d12ab84b01266c9dee512189d0526131f4acf34a1e499e05334,temp,跳过-历史临时材料,清单及字节哈希,旧备份、一次性脚本、日志或取证图；不处于本轮现行正文审阅集合，未逐份语义审阅或执行。,与开场清单一致,6bf390e462f63d12ab84b01266c9dee512189d0526131f4acf34a1e499e05334
WorkBuddy,临时文件\p2c_pages\z828_L.png,D:\WorkBuddy\01_活跃项目\装配式装修技术专家包\临时文件\p2c_pages\z828_L.png,32183,5a0f820aa40d900525916cf81522769101c4cdaae3734df9ddca32771f5100c0,temp,跳过-历史临时材料,清单及字节哈希,旧备份、一次性脚本、日志或取证图；不处于本轮现行正文审阅集合，未逐份语义审阅或执行。,与开场清单一致,5a0f820aa40d900525916cf81522769101c4cdaae3734df9ddca32771f5100c0
WorkBuddy,临时文件\p2c_pages\z828_R.png,D:\WorkBuddy\01_活跃项目\装配式装修技术专家包\临时文件\p2c_pages\z828_R.png,42848,d868b938a32c4c8fbfe162868c0adbdaf7dfe3d4dbf1ad61b93b9b96888e3038,temp,跳过-历史临时材料,清单及字节哈希,旧备份、一次性脚本、日志或取证图；不处于本轮现行正文审阅集合，未逐份语义审阅或执行。,与开场清单一致,d868b938a32c4c8fbfe162868c0adbdaf7dfe3d4dbf1ad61b93b9b96888e3038
WorkBuddy,临时文件\runtime_backup_20260910\README.md,D:\WorkBuddy\01_活跃项目\装配式装修技术专家包\临时文件\runtime_backup_20260910\README.md,9675,03cd3f705b0f4c1d9d7dee52e13243e0884db49a7317299e3a7bdee342567ea5,temp,跳过-历史临时材料,清单及字节哈希,旧备份、一次性脚本、日志或取证图；不处于本轮现行正文审阅集合，未逐份语义审阅或执行。,与开场清单一致,03cd3f705b0f4c1d9d7dee52e13243e0884db49a7317299e3a7bdee342567ea5
WorkBuddy,临时文件\runtime_backup_20260910\.codebuddy-plugin\plugin.json,D:\WorkBuddy\01_活跃项目\装配式装修技术专家包\临时文件\runtime_backup_20260910\.codebuddy-plugin\plugin.json,2368,42b48c15bf6aa6192262b8bdca28bccd853c3a43c065973adf439d47e4f748ad,temp,跳过-历史临时材料,清单及字节哈希,旧备份、一次性脚本、日志或取证图；不处于本轮现行正文审阅集合，未逐份语义审阅或执行。,与开场清单一致,42b48c15bf6aa6192262b8bdca28bccd853c3a43c065973adf439d47e4f748ad
WorkBuddy,临时文件\runtime_backup_20260910\.in_use\12800,D:\WorkBuddy\01_活跃项目\装配式装修技术专家包\临时文件\runtime_backup_20260910\.in_use\12800,88,8b82bcf0b3223d06f5876f05174ef24727e5d355716ea291f01cf99b576987ce,temp,跳过-历史临时材料,清单及字节哈希,旧备份、一次性脚本、日志或取证图；不处于本轮现行正文审阅集合，未逐份语义审阅或执行。,与开场清单一致,8b82bcf0b3223d06f5876f05174ef24727e5d355716ea291f01cf99b576987ce
WorkBuddy,临时文件\runtime_backup_20260910\.in_use\22436,D:\WorkBuddy\01_活跃项目\装配式装修技术专家包\临时文件\runtime_backup_20260910\.in_use\22436,88,9b95e9d0b640c8dc4ccc2454ab4217639530f538b5db370c376347a30668a289,temp,跳过-历史临时材料,清单及字节哈希,旧备份、一次性脚本、日志或取证图；不处于本轮现行正文审阅集合，未逐份语义审阅或执行。,与开场清单一致,9b95e9d0b640c8dc4ccc2454ab4217639530f538b5db370c376347a30668a289
WorkBuddy,临时文件\runtime_backup_20260910\.in_use\22708,D:\WorkBuddy\01_活跃项目\装配式装修技术专家包\临时文件\runtime_backup_20260910\.in_use\22708,88,cc98efc77ea24d70f9753d746f6510dd45c7ba77322989ccaffde50f45f355db,temp,跳过-历史临时材料,清单及字节哈希,旧备份、一次性脚本、日志或取证图；不处于本轮现行正文审阅集合，未逐份语义审阅或执行。,与开场清单一致,cc98efc77ea24d70f9753d746f6510dd45c7ba77322989ccaffde50f45f355db
WorkBuddy,临时文件\runtime_backup_20260910\.in_use\25784,D:\WorkBuddy\01_活跃项目\装配式装修技术专家包\临时文件\runtime_backup_20260910\.in_use\25784,88,d42556b5b963276ce0ebe79d5edb6d1ba72f08f970e62fb93faf428972d71119,temp,跳过-历史临时材料,清单及字节哈希,旧备份、一次性脚本、日志或取证图；不处于本轮现行正文审阅集合，未逐份语义审阅或执行。,与开场清单一致,d42556b5b963276ce0ebe79d5edb6d1ba72f08f970e62fb93faf428972d71119
WorkBuddy,临时文件\runtime_backup_20260910\.in_use\30228,D:\WorkBuddy\01_活跃项目\装配式装修技术专家包\临时文件\runtime_backup_20260910\.in_use\30228,88,79194462efa1616a92c2199b9f40f61b59bf9da73e58a0880a1f15d20fe343c2,temp,跳过-历史临时材料,清单及字节哈希,旧备份、一次性脚本、日志或取证图；不处于本轮现行正文审阅集合，未逐份语义审阅或执行。,与开场清单一致,79194462efa1616a92c2199b9f40f61b59bf9da73e58a0880a1f15d20fe343c2
WorkBuddy,临时文件\runtime_backup_20260910\.in_use\32728,D:\WorkBuddy\01_活跃项目\装配式装修技术专家包\临时文件\runtime_backup_20260910\.in_use\32728,88,ae028fa45f77e7760ced5b6127a8889a751e006288d1f0ba41bedd423ca29da7,temp,跳过-历史临时材料,清单及字节哈希,旧备份、一次性脚本、日志或取证图；不处于本轮现行正文审阅集合，未逐份语义审阅或执行。,与开场清单一致,ae028fa45f77e7760ced5b6127a8889a751e006288d1f0ba41bedd423ca29da7
WorkBuddy,临时文件\runtime_backup_20260910\.in_use\3720,D:\WorkBuddy\01_活跃项目\装配式装修技术专家包\临时文件\runtime_backup_20260910\.in_use\3720,87,21b1d27815e57686ca481d351be5a9beff56420c865ca068e8ba4f84687c2883,temp,跳过-历史临时材料,清单及字节哈希,旧备份、一次性脚本、日志或取证图；不处于本轮现行正文审阅集合，未逐份语义审阅或执行。,与开场清单一致,21b1d27815e57686ca481d351be5a9beff56420c865ca068e8ba4f84687c2883
WorkBuddy,临时文件\runtime_backup_20260910\agents\prefab-interior-expert.md,D:\WorkBuddy\01_活跃项目\装配式装修技术专家包\临时文件\runtime_backup_20260910\agents\prefab-interior-expert.md,9329,76020b07b8de0b453497debc01075a86b4fe3c1a56333134b25e31e67b9eac9b,temp,跳过-历史临时材料,清单及字节哈希,旧备份、一次性脚本、日志或取证图；不处于本轮现行正文审阅集合，未逐份语义审阅或执行。,与开场清单一致,76020b07b8de0b453497debc01075a86b4fe3c1a56333134b25e31e67b9eac9b
WorkBuddy,临时文件\runtime_backup_20260910\avatars\.gitkeep,D:\WorkBuddy\01_活跃项目\装配式装修技术专家包\临时文件\runtime_backup_20260910\avatars\.gitkeep,0,e3b0c44298fc1c149afbf4c8996fb92427ae41e4649b934ca495991b7852b855,temp,跳过-同字节副本,全文件SHA256比对,与已列对象字节相同，未重复语义阅读；对应：WorkBuddy / 程序\prefab-interior-expert-market\plugins\prefab-interior-expert\avatars\.gitkeep,与开场清单一致,e3b0c44298fc1c149afbf4c8996fb92427ae41e4649b934ca495991b7852b855
WorkBuddy,临时文件\runtime_backup_20260910\avatars\expert.png,D:\WorkBuddy\01_活跃项目\装配式装修技术专家包\临时文件\runtime_backup_20260910\avatars\expert.png,458810,a2e1fde41880e5255beaf3c9e939fa3705b71f239510303db2fff1f5b40b2eaa,temp,跳过-同字节副本,全文件SHA256比对,与已列对象字节相同，未重复语义阅读；对应：WorkBuddy / 程序\prefab-interior-expert-market\plugins\prefab-interior-expert\avatars\expert.png,与开场清单一致,a2e1fde41880e5255beaf3c9e939fa3705b71f239510303db2fff1f5b40b2eaa
WorkBuddy,临时文件\runtime_backup_20260910\skills\prefab-interior-knowledge\SKILL.md,D:\WorkBuddy\01_活跃项目\装配式装修技术专家包\临时文件\runtime_backup_20260910\skills\prefab-interior-knowledge\SKILL.md,2644,81d1c68e4a2fe73d92dddd6b7605ff02121d236600cda03bdb80ee0ae70250ab,temp,跳过-历史临时材料,清单及字节哈希,旧备份、一次性脚本、日志或取证图；不处于本轮现行正文审阅集合，未逐份语义审阅或执行。,与开场清单一致,81d1c68e4a2fe73d92dddd6b7605ff02121d236600cda03bdb80ee0ae70250ab
WorkBuddy,临时文件\runtime_backup_20260910\skills\prefab-interior-knowledge\references\citation-discipline.md,D:\WorkBuddy\01_活跃项目\装配式装修技术专家包\临时文件\runtime_backup_20260910\skills\prefab-interior-knowledge\references\citation-discipline.md,9389,3843752a74dc8e2508ea60138155f5872267c39b012db541ecf46805ca26e83d,temp,跳过-历史临时材料,清单及字节哈希,旧备份、一次性脚本、日志或取证图；不处于本轮现行正文审阅集合，未逐份语义审阅或执行。,与开场清单一致,3843752a74dc8e2508ea60138155f5872267c39b012db541ecf46805ca26e83d
WorkBuddy,临时文件\runtime_backup_20260910\skills\prefab-interior-knowledge\references\ima-standards-library.md,D:\WorkBuddy\01_活跃项目\装配式装修技术专家包\临时文件\runtime_backup_20260910\skills\prefab-interior-knowledge\references\ima-standards-library.md,10506,e8fac2607fe65a9d305dd71ae8cbee14bca2a153613c1d6268e41dbc676c3559,temp,跳过-历史临时材料,清单及字节哈希,旧备份、一次性脚本、日志或取证图；不处于本轮现行正文审阅集合，未逐份语义审阅或执行。,与开场清单一致,e8fac2607fe65a9d305dd71ae8cbee14bca2a153613c1d6268e41dbc676c3559
WorkBuddy,临时文件\runtime_backup_20260910\skills\prefab-interior-knowledge\references\knowledge-map.md,D:\WorkBuddy\01_活跃项目\装配式装修技术专家包\临时文件\runtime_backup_20260910\skills\prefab-interior-knowledge\references\knowledge-map.md,10539,4789ad0ec4067dba0d8ae812f067c8fd83dd2878ae68f5bf9c82af976c2c1468,temp,跳过-同字节副本,全文件SHA256比对,与已列对象字节相同，未重复语义阅读；对应：WorkBuddy / 程序\prefab-interior-expert-market\plugins\prefab-interior-expert\skills\prefab-interior-knowledge\references\knowledge-map.md,与开场清单一致,4789ad0ec4067dba0d8ae812f067c8fd83dd2878ae68f5bf9c82af976c2c1468
WorkBuddy,临时文件\runtime_backup_20260910\skills\prefab-interior-knowledge\references\standards-anchor.md,D:\WorkBuddy\01_活跃项目\装配式装修技术专家包\临时文件\runtime_backup_20260910\skills\prefab-interior-knowledge\references\standards-anchor.md,19587,bd0309b212d9bbbaf60342e3ec59894d6b77ee928d82cc05e5f971e63299fe00,temp,跳过-历史临时材料,清单及字节哈希,旧备份、一次性脚本、日志或取证图；不处于本轮现行正文审阅集合，未逐份语义审阅或执行。,与开场清单一致,bd0309b212d9bbbaf60342e3ec59894d6b77ee928d82cc05e5f971e63299fe00
WorkBuddy,临时文件\runtime_backup_20260910_pre_ima\README.md,D:\WorkBuddy\01_活跃项目\装配式装修技术专家包\临时文件\runtime_backup_20260910_pre_ima\README.md,9881,3c1729ab468fc37fc94fb8fee47e5c076c25f42867316479c4ba0a68f0313351,temp,跳过-历史临时材料,清单及字节哈希,旧备份、一次性脚本、日志或取证图；不处于本轮现行正文审阅集合，未逐份语义审阅或执行。,与开场清单一致,3c1729ab468fc37fc94fb8fee47e5c076c25f42867316479c4ba0a68f0313351
WorkBuddy,临时文件\runtime_backup_20260910_pre_ima\.codebuddy-plugin\plugin.json,D:\WorkBuddy\01_活跃项目\装配式装修技术专家包\临时文件\runtime_backup_20260910_pre_ima\.codebuddy-plugin\plugin.json,2368,42b48c15bf6aa6192262b8bdca28bccd853c3a43c065973adf439d47e4f748ad,temp,跳过-历史临时材料,清单及字节哈希,旧备份、一次性脚本、日志或取证图；不处于本轮现行正文审阅集合，未逐份语义审阅或执行。,与开场清单一致,42b48c15bf6aa6192262b8bdca28bccd853c3a43c065973adf439d47e4f748ad
WorkBuddy,临时文件\runtime_backup_20260910_pre_ima\.in_use\12800,D:\WorkBuddy\01_活跃项目\装配式装修技术专家包\临时文件\runtime_backup_20260910_pre_ima\.in_use\12800,88,8b82bcf0b3223d06f5876f05174ef24727e5d355716ea291f01cf99b576987ce,temp,跳过-历史临时材料,清单及字节哈希,旧备份、一次性脚本、日志或取证图；不处于本轮现行正文审阅集合，未逐份语义审阅或执行。,与开场清单一致,8b82bcf0b3223d06f5876f05174ef24727e5d355716ea291f01cf99b576987ce
WorkBuddy,临时文件\runtime_backup_20260910_pre_ima\.in_use\22436,D:\WorkBuddy\01_活跃项目\装配式装修技术专家包\临时文件\runtime_backup_20260910_pre_ima\.in_use\22436,88,9b95e9d0b640c8dc4ccc2454ab4217639530f538b5db370c376347a30668a289,temp,跳过-历史临时材料,清单及字节哈希,旧备份、一次性脚本、日志或取证图；不处于本轮现行正文审阅集合，未逐份语义审阅或执行。,与开场清单一致,9b95e9d0b640c8dc4ccc2454ab4217639530f538b5db370c376347a30668a289
WorkBuddy,临时文件\runtime_backup_20260910_pre_ima\.in_use\22708,D:\WorkBuddy\01_活跃项目\装配式装修技术专家包\临时文件\runtime_backup_20260910_pre_ima\.in_use\22708,88,cc98efc77ea24d70f9753d746f6510dd45c7ba77322989ccaffde50f45f355db,temp,跳过-历史临时材料,清单及字节哈希,旧备份、一次性脚本、日志或取证图；不处于本轮现行正文审阅集合，未逐份语义审阅或执行。,与开场清单一致,cc98efc77ea24d70f9753d746f6510dd45c7ba77322989ccaffde50f45f355db
WorkBuddy,临时文件\runtime_backup_20260910_pre_ima\.in_use\23972,D:\WorkBuddy\01_活跃项目\装配式装修技术专家包\临时文件\runtime_backup_20260910_pre_ima\.in_use\23972,88,5c478993fac1f8e2a07121a9366b04329587ee668f12680b9a6550caccf492cd,temp,跳过-历史临时材料,清单及字节哈希,旧备份、一次性脚本、日志或取证图；不处于本轮现行正文审阅集合，未逐份语义审阅或执行。,与开场清单一致,5c478993fac1f8e2a07121a9366b04329587ee668f12680b9a6550caccf492cd
WorkBuddy,临时文件\runtime_backup_20260910_pre_ima\.in_use\25784,D:\WorkBuddy\01_活跃项目\装配式装修技术专家包\临时文件\runtime_backup_20260910_pre_ima\.in_use\25784,88,d42556b5b963276ce0ebe79d5edb6d1ba72f08f970e62fb93faf428972d71119,temp,跳过-历史临时材料,清单及字节哈希,旧备份、一次性脚本、日志或取证图；不处于本轮现行正文审阅集合，未逐份语义审阅或执行。,与开场清单一致,d42556b5b963276ce0ebe79d5edb6d1ba72f08f970e62fb93faf428972d71119
WorkBuddy,临时文件\runtime_backup_20260910_pre_ima\.in_use\30228,D:\WorkBuddy\01_活跃项目\装配式装修技术专家包\临时文件\runtime_backup_20260910_pre_ima\.in_use\30228,88,79194462efa1616a92c2199b9f40f61b59bf9da73e58a0880a1f15d20fe343c2,temp,跳过-历史临时材料,清单及字节哈希,旧备份、一次性脚本、日志或取证图；不处于本轮现行正文审阅集合，未逐份语义审阅或执行。,与开场清单一致,79194462efa1616a92c2199b9f40f61b59bf9da73e58a0880a1f15d20fe343c2
WorkBuddy,临时文件\runtime_backup_20260910_pre_ima\.in_use\32728,D:\WorkBuddy\01_活跃项目\装配式装修技术专家包\临时文件\runtime_backup_20260910_pre_ima\.in_use\32728,88,ae028fa45f77e7760ced5b6127a8889a751e006288d1f0ba41bedd423ca29da7,temp,跳过-历史临时材料,清单及字节哈希,旧备份、一次性脚本、日志或取证图；不处于本轮现行正文审阅集合，未逐份语义审阅或执行。,与开场清单一致,ae028fa45f77e7760ced5b6127a8889a751e006288d1f0ba41bedd423ca29da7
WorkBuddy,临时文件\runtime_backup_20260910_pre_ima\.in_use\3720,D:\WorkBuddy\01_活跃项目\装配式装修技术专家包\临时文件\runtime_backup_20260910_pre_ima\.in_use\3720,87,21b1d27815e57686ca481d351be5a9beff56420c865ca068e8ba4f84687c2883,temp,跳过-历史临时材料,清单及字节哈希,旧备份、一次性脚本、日志或取证图；不处于本轮现行正文审阅集合，未逐份语义审阅或执行。,与开场清单一致,21b1d27815e57686ca481d351be5a9beff56420c865ca068e8ba4f84687c2883
WorkBuddy,临时文件\runtime_backup_20260910_pre_ima\agents\prefab-interior-expert.md,D:\WorkBuddy\01_活跃项目\装配式装修技术专家包\临时文件\runtime_backup_20260910_pre_ima\agents\prefab-interior-expert.md,10860,6498c35aaeea81b37297a1ffac5a11103dc21bb90fe0efd8dfc6f45cd03fb905,temp,跳过-历史临时材料,清单及字节哈希,旧备份、一次性脚本、日志或取证图；不处于本轮现行正文审阅集合，未逐份语义审阅或执行。,与开场清单一致,6498c35aaeea81b37297a1ffac5a11103dc21bb90fe0efd8dfc6f45cd03fb905
WorkBuddy,临时文件\runtime_backup_20260910_pre_ima\avatars\.gitkeep,D:\WorkBuddy\01_活跃项目\装配式装修技术专家包\临时文件\runtime_backup_20260910_pre_ima\avatars\.gitkeep,0,e3b0c44298fc1c149afbf4c8996fb92427ae41e4649b934ca495991b7852b855,temp,跳过-同字节副本,全文件SHA256比对,与已列对象字节相同，未重复语义阅读；对应：WorkBuddy / 程序\prefab-interior-expert-market\plugins\prefab-interior-expert\avatars\.gitkeep,与开场清单一致,e3b0c44298fc1c149afbf4c8996fb92427ae41e4649b934ca495991b7852b855
WorkBuddy,临时文件\runtime_backup_20260910_pre_ima\avatars\expert.png,D:\WorkBuddy\01_活跃项目\装配式装修技术专家包\临时文件\runtime_backup_20260910_pre_ima\avatars\expert.png,458810,a2e1fde41880e5255beaf3c9e939fa3705b71f239510303db2fff1f5b40b2eaa,temp,跳过-同字节副本,全文件SHA256比对,与已列对象字节相同，未重复语义阅读；对应：WorkBuddy / 程序\prefab-interior-expert-market\plugins\prefab-interior-expert\avatars\expert.png,与开场清单一致,a2e1fde41880e5255beaf3c9e939fa3705b71f239510303db2fff1f5b40b2eaa
WorkBuddy,临时文件\runtime_backup_20260910_pre_ima\skills\prefab-interior-knowledge\SKILL.md,D:\WorkBuddy\01_活跃项目\装配式装修技术专家包\临时文件\runtime_backup_20260910_pre_ima\skills\prefab-interior-knowledge\SKILL.md,4559,a97e53ecad75151b58469ec21f659101d0f736f3340d4d51fcf99773b4c0583a,temp,跳过-历史临时材料,清单及字节哈希,旧备份、一次性脚本、日志或取证图；不处于本轮现行正文审阅集合，未逐份语义审阅或执行。,与开场清单一致,a97e53ecad75151b58469ec21f659101d0f736f3340d4d51fcf99773b4c0583a
WorkBuddy,临时文件\runtime_backup_20260910_pre_ima\skills\prefab-interior-knowledge\references\citation-discipline.md,D:\WorkBuddy\01_活跃项目\装配式装修技术专家包\临时文件\runtime_backup_20260910_pre_ima\skills\prefab-interior-knowledge\references\citation-discipline.md,12132,8ed1efda7f5d92b55d236c382950f7ec2e2c1347339549098cf3aac2c367fb86,temp,跳过-历史临时材料,清单及字节哈希,旧备份、一次性脚本、日志或取证图；不处于本轮现行正文审阅集合，未逐份语义审阅或执行。,与开场清单一致,8ed1efda7f5d92b55d236c382950f7ec2e2c1347339549098cf3aac2c367fb86
WorkBuddy,临时文件\runtime_backup_20260910_pre_ima\skills\prefab-interior-knowledge\references\decision-log.md,D:\WorkBuddy\01_活跃项目\装配式装修技术专家包\临时文件\runtime_backup_20260910_pre_ima\skills\prefab-interior-knowledge\references\decision-log.md,3341,8ea2b89f740c5c589e76bb73ec00f5e9554460d14391cdb2b87f7ec84220b721,temp,跳过-历史临时材料,清单及字节哈希,旧备份、一次性脚本、日志或取证图；不处于本轮现行正文审阅集合，未逐份语义审阅或执行。,与开场清单一致,8ea2b89f740c5c589e76bb73ec00f5e9554460d14391cdb2b87f7ec84220b721
WorkBuddy,临时文件\runtime_backup_20260910_pre_ima\skills\prefab-interior-knowledge\references\ima-standards-library.md,D:\WorkBuddy\01_活跃项目\装配式装修技术专家包\临时文件\runtime_backup_20260910_pre_ima\skills\prefab-interior-knowledge\references\ima-standards-library.md,11519,879e30d0a590df0a97e15812db6504023c7252b0a5f13775385d3bb92b86fb90,temp,跳过-历史临时材料,清单及字节哈希,旧备份、一次性脚本、日志或取证图；不处于本轮现行正文审阅集合，未逐份语义审阅或执行。,与开场清单一致,879e30d0a590df0a97e15812db6504023c7252b0a5f13775385d3bb92b86fb90
WorkBuddy,临时文件\runtime_backup_20260910_pre_ima\skills\prefab-interior-knowledge\references\knowledge-architecture.md,D:\WorkBuddy\01_活跃项目\装配式装修技术专家包\临时文件\runtime_backup_20260910_pre_ima\skills\prefab-interior-knowledge\references\knowledge-architecture.md,12357,ab72cc6dab126a1dcc6883c5649b8e63626ea8dbf389fb396e00baa1103eb292,temp,跳过-历史临时材料,清单及字节哈希,旧备份、一次性脚本、日志或取证图；不处于本轮现行正文审阅集合，未逐份语义审阅或执行。,与开场清单一致,ab72cc6dab126a1dcc6883c5649b8e63626ea8dbf389fb396e00baa1103eb292
WorkBuddy,临时文件\runtime_backup_20260910_pre_ima\skills\prefab-interior-knowledge\references\knowledge-cards-batch1.md,D:\WorkBuddy\01_活跃项目\装配式装修技术专家包\临时文件\runtime_backup_20260910_pre_ima\skills\prefab-interior-knowledge\references\knowledge-cards-batch1.md,143037,7fe0082793b66ad61bea19d8e564983955bcb18ce19b7b7329305ad63c114f95,temp,跳过-历史临时材料,清单及字节哈希,旧备份、一次性脚本、日志或取证图；不处于本轮现行正文审阅集合，未逐份语义审阅或执行。,与开场清单一致,7fe0082793b66ad61bea19d8e564983955bcb18ce19b7b7329305ad63c114f95
WorkBuddy,临时文件\runtime_backup_20260910_pre_ima\skills\prefab-interior-knowledge\references\knowledge-map.md,D:\WorkBuddy\01_活跃项目\装配式装修技术专家包\临时文件\runtime_backup_20260910_pre_ima\skills\prefab-interior-knowledge\references\knowledge-map.md,10539,4789ad0ec4067dba0d8ae812f067c8fd83dd2878ae68f5bf9c82af976c2c1468,temp,跳过-同字节副本,全文件SHA256比对,与已列对象字节相同，未重复语义阅读；对应：WorkBuddy / 程序\prefab-interior-expert-market\plugins\prefab-interior-expert\skills\prefab-interior-knowledge\references\knowledge-map.md,与开场清单一致,4789ad0ec4067dba0d8ae812f067c8fd83dd2878ae68f5bf9c82af976c2c1468
WorkBuddy,临时文件\runtime_backup_20260910_pre_ima\skills\prefab-interior-knowledge\references\methodology-playbook.md,D:\WorkBuddy\01_活跃项目\装配式装修技术专家包\临时文件\runtime_backup_20260910_pre_ima\skills\prefab-interior-knowledge\references\methodology-playbook.md,8670,f4d395c7dbeed1e36263982d5615ae152a8f3c1231f45429ede4c4124c1b7092,temp,跳过-历史临时材料,清单及字节哈希,旧备份、一次性脚本、日志或取证图；不处于本轮现行正文审阅集合，未逐份语义审阅或执行。,与开场清单一致,f4d395c7dbeed1e36263982d5615ae152a8f3c1231f45429ede4c4124c1b7092
WorkBuddy,临时文件\runtime_backup_20260910_pre_ima\skills\prefab-interior-knowledge\references\metrics-core.md,D:\WorkBuddy\01_活跃项目\装配式装修技术专家包\临时文件\runtime_backup_20260910_pre_ima\skills\prefab-interior-knowledge\references\metrics-core.md,64457,bf03181452ecdec5f4b33d7b0b714cdf7a4b58ea63edb21bea5e93bf2fa7c74e,temp,跳过-历史临时材料,清单及字节哈希,旧备份、一次性脚本、日志或取证图；不处于本轮现行正文审阅集合，未逐份语义审阅或执行。,与开场清单一致,bf03181452ecdec5f4b33d7b0b714cdf7a4b58ea63edb21bea5e93bf2fa7c74e
WorkBuddy,临时文件\runtime_backup_20260910_pre_ima\skills\prefab-interior-knowledge\references\standards-anchor.md,D:\WorkBuddy\01_活跃项目\装配式装修技术专家包\临时文件\runtime_backup_20260910_pre_ima\skills\prefab-interior-knowledge\references\standards-anchor.md,36178,cc0ded8540a3b6220b587ab927f82eacece54da97922520c74c85f6ca23c42e8,temp,跳过-历史临时材料,清单及字节哈希,旧备份、一次性脚本、日志或取证图；不处于本轮现行正文审阅集合，未逐份语义审阅或执行。,与开场清单一致,cc0ded8540a3b6220b587ab927f82eacece54da97922520c74c85f6ca23c42e8
WorkBuddy,临时文件\证据_GB50118_4.3\物理页04_前言_强条黑体字声明.png,D:\WorkBuddy\01_活跃项目\装配式装修技术专家包\临时文件\证据_GB50118_4.3\物理页04_前言_强条黑体字声明.png,1000601,b7994e7dee740561e4731c85e0158d20e1976d9178ce84ed905540fc5cc23fe5,temp,跳过-历史临时材料,清单及字节哈希,旧备份、一次性脚本、日志或取证图；不处于本轮现行正文审阅集合，未逐份语义审阅或执行。,与开场清单一致,b7994e7dee740561e4731c85e0158d20e1976d9178ce84ed905540fc5cc23fe5
WorkBuddy,临时文件\证据_GB50118_4.3\物理页18_书内P9_§4.3.5.png,D:\WorkBuddy\01_活跃项目\装配式装修技术专家包\临时文件\证据_GB50118_4.3\物理页18_书内P9_§4.3.5.png,1069036,5b36799d58555ba1e4bebe72710481dc2837ef5d813c244376919fe2c2ff38eb,temp,完成-视觉抽样,单页扫描图视觉阅读,仅此页视觉取证，不证明整本现行性或全部101判据；未执行HTML脚本。,与开场清单一致,5b36799d58555ba1e4bebe72710481dc2837ef5d813c244376919fe2c2ff38eb
WorkBuddy,临时文件\证据_GB50118_4.3\物理页19_书内P10_§4.3.6.png,D:\WorkBuddy\01_活跃项目\装配式装修技术专家包\临时文件\证据_GB50118_4.3\物理页19_书内P10_§4.3.6.png,872259,fac7619333ae994931999f75168ecfab6c4961badbe3f7858dd4c04decfbf275,temp,跳过-历史临时材料,清单及字节哈希,旧备份、一次性脚本、日志或取证图；不处于本轮现行正文审阅集合，未逐份语义审阅或执行。,与开场清单一致,fac7619333ae994931999f75168ecfab6c4961badbe3f7858dd4c04decfbf275
WorkBuddy,程序\ima私有ID表_v1.0.json,D:\WorkBuddy\01_活跃项目\装配式装修技术专家包\程序\ima私有ID表_v1.0.json,2977,7bbafd7542a8fbfe0b4dadc2feb9784bd596e8aefddd5a9eb4517171e68fed6a,A,完成-结构,JSON结构及占位符映射用途检查,40项映射用于源/运行副本转换比对；不输出私人映射值，不访问私有云。,与开场清单一致,7bbafd7542a8fbfe0b4dadc2feb9784bd596e8aefddd5a9eb4517171e68fed6a
WorkBuddy,程序\产品与技术_多源整合_v1.0_2026-09-06.py,D:\WorkBuddy\01_活跃项目\装配式装修技术专家包\程序\产品与技术_多源整合_v1.0_2026-09-06.py,14021,5e77d4a84cf5550ee8a95838e0503b9cb75253965d0ccc348cde399d8ee34d27,A,完成-全文,源码/配置/文档全文审阅,代理A全文阅读，主代理复核关键结论；未执行同步或发布。 Python AST已检查；知识门禁执行被权限阻止，未绕过。,与开场清单一致,5e77d4a84cf5550ee8a95838e0503b9cb75253965d0ccc348cde399d8ee34d27
WorkBuddy,程序\装配式装修技术专家包_市场发布包_v1.0.0_2026-09-04.zip,D:\WorkBuddy\01_活跃项目\装配式装修技术专家包\程序\装配式装修技术专家包_市场发布包_v1.0.0_2026-09-04.zip,497208,19520957114bdb03b0ed432f62e1845b09f611bf55aa146264e756f74a9fbf96,A,完成-结构,ZIP内存CRC及成员对照,13成员CRC通过；与当前源仓对应5同8异，属v1.0.0历史快照，不据此判现行缺失。,与开场清单一致,19520957114bdb03b0ed432f62e1845b09f611bf55aa146264e756f74a9fbf96
WorkBuddy,程序\prefab-interior-expert-market\.gitattributes,D:\WorkBuddy\01_活跃项目\装配式装修技术专家包\程序\prefab-interior-expert-market\.gitattributes,962,6bbab997687cfa0dacda0c93adb9807c9e4da2c9a704e2fee10f2fb0943f7f18,A,完成-全文,源码/配置/文档全文审阅,代理A全文阅读，主代理复核关键结论；未执行同步或发布。,与开场清单一致,6bbab997687cfa0dacda0c93adb9807c9e4da2c9a704e2fee10f2fb0943f7f18
WorkBuddy,程序\prefab-interior-expert-market\LICENSE,D:\WorkBuddy\01_活跃项目\装配式装修技术专家包\程序\prefab-interior-expert-market\LICENSE,1062,a1016e32f5112791d53a8b8f1835e3a59c378055605f3814988632df5ad74010,A,完成-全文,源码/配置/文档全文审阅,代理A全文阅读，主代理复核关键结论；未执行同步或发布。,与开场清单一致,a1016e32f5112791d53a8b8f1835e3a59c378055605f3814988632df5ad74010
WorkBuddy,程序\prefab-interior-expert-market\README.md,D:\WorkBuddy\01_活跃项目\装配式装修技术专家包\程序\prefab-interior-expert-market\README.md,3027,5a8caa227e03d7cae240636413a2414c8f9cc5de0242916aa4d23ab00798c214,A,完成-全文,源码/配置/文档全文审阅,代理A全文阅读，主代理复核关键结论；未执行同步或发布。,与开场清单一致,5a8caa227e03d7cae240636413a2414c8f9cc5de0242916aa4d23ab00798c214
WorkBuddy,程序\prefab-interior-expert-market\.codebuddy-plugin\marketplace.json,D:\WorkBuddy\01_活跃项目\装配式装修技术专家包\程序\prefab-interior-expert-market\.codebuddy-plugin\marketplace.json,576,4f6e113e0504ade44b308d3feb1daf8146f1aec1584de2e179c98b86177cc8ac,A,完成-全文,源码/配置/文档全文审阅,代理A全文阅读，主代理复核关键结论；未执行同步或发布。,与开场清单一致,4f6e113e0504ade44b308d3feb1daf8146f1aec1584de2e179c98b86177cc8ac
WorkBuddy,程序\prefab-interior-expert-market\.git\COMMIT_EDITMSG,D:\WorkBuddy\01_活跃项目\装配式装修技术专家包\程序\prefab-interior-expert-market\.git\COMMIT_EDITMSG,124,9be8ef46369d556acb703f53b1a5e77950004f048dc78eba3b22f6747f53ba54,git,跳过-Git内部对象,清单及字节哈希,Git存储/元数据不作为业务文档逐字阅读；当前分支及提交另行只读核对。,与开场清单一致,9be8ef46369d556acb703f53b1a5e77950004f048dc78eba3b22f6747f53ba54
WorkBuddy,程序\prefab-interior-expert-market\.git\FETCH_HEAD,D:\WorkBuddy\01_活跃项目\装配式装修技术专家包\程序\prefab-interior-expert-market\.git\FETCH_HEAD,94,efeba57cbe2e16bf6ae2a89ed1da5a306acf6b3d245046444445276dac4e720c,git,跳过-Git内部对象,清单及字节哈希,Git存储/元数据不作为业务文档逐字阅读；当前分支及提交另行只读核对。,与开场清单一致,efeba57cbe2e16bf6ae2a89ed1da5a306acf6b3d245046444445276dac4e720c
WorkBuddy,程序\prefab-interior-expert-market\.git\HEAD,D:\WorkBuddy\01_活跃项目\装配式装修技术专家包\程序\prefab-interior-expert-market\.git\HEAD,23,f6f2b945f6c411b02ba3da9c7ace88dcf71b6af65ba2e0d89aa82900042b5a10,git,跳过-Git内部对象,清单及字节哈希,Git存储/元数据不作为业务文档逐字阅读；当前分支及提交另行只读核对。,与开场清单一致,f6f2b945f6c411b02ba3da9c7ace88dcf71b6af65ba2e0d89aa82900042b5a10
WorkBuddy,程序\prefab-interior-expert-market\.git\config,D:\WorkBuddy\01_活跃项目\装配式装修技术专家包\程序\prefab-interior-expert-market\.git\config,367,87cd32c6020d0f7226a93f23f7385d988154754d57ea1b90413e346e756e61e7,git,跳过-Git内部对象,清单及字节哈希,Git存储/元数据不作为业务文档逐字阅读；当前分支及提交另行只读核对。,与开场清单一致,87cd32c6020d0f7226a93f23f7385d988154754d57ea1b90413e346e756e61e7
WorkBuddy,程序\prefab-interior-expert-market\.git\description,D:\WorkBuddy\01_活跃项目\装配式装修技术专家包\程序\prefab-interior-expert-market\.git\description,73,85ab6c163d43a17ea9cf7788308bca1466f1b0a8d1cc92e26e9bf63da4062aee,git,跳过-Git内部对象,清单及字节哈希,Git存储/元数据不作为业务文档逐字阅读；当前分支及提交另行只读核对。,与开场清单一致,85ab6c163d43a17ea9cf7788308bca1466f1b0a8d1cc92e26e9bf63da4062aee
WorkBuddy,程序\prefab-interior-expert-market\.git\index,D:\WorkBuddy\01_活跃项目\装配式装修技术专家包\程序\prefab-interior-expert-market\.git\index,3362,3f8cbc16c9b287eafeaae0ff01ef957919c193c3cabfd08b987642e69e09b79c,git,跳过-Git内部对象,清单及字节哈希,Git存储/元数据不作为业务文档逐字阅读；当前分支及提交另行只读核对。,与开场清单一致,3f8cbc16c9b287eafeaae0ff01ef957919c193c3cabfd08b987642e69e09b79c
WorkBuddy,程序\prefab-interior-expert-market\.git\hooks\applypatch-msg.sample,D:\WorkBuddy\01_活跃项目\装配式装修技术专家包\程序\prefab-interior-expert-market\.git\hooks\applypatch-msg.sample,478,0223497a0b8b033aa58a3a521b8629869386cf7ab0e2f101963d328aa62193f7,git,跳过-Git内部对象,清单及字节哈希,Git存储/元数据不作为业务文档逐字阅读；当前分支及提交另行只读核对。,与开场清单一致,0223497a0b8b033aa58a3a521b8629869386cf7ab0e2f101963d328aa62193f7
WorkBuddy,程序\prefab-interior-expert-market\.git\hooks\commit-msg.sample,D:\WorkBuddy\01_活跃项目\装配式装修技术专家包\程序\prefab-interior-expert-market\.git\hooks\commit-msg.sample,1972,efc1401b0e99d1ff51494d154d98b46c1e99059bcd8bf9f73cecde19fd3eb23b,git,跳过-Git内部对象,清单及字节哈希,Git存储/元数据不作为业务文档逐字阅读；当前分支及提交另行只读核对。,与开场清单一致,efc1401b0e99d1ff51494d154d98b46c1e99059bcd8bf9f73cecde19fd3eb23b
WorkBuddy,程序\prefab-interior-expert-market\.git\hooks\fsmonitor-watchman.sample,D:\WorkBuddy\01_活跃项目\装配式装修技术专家包\程序\prefab-interior-expert-market\.git\hooks\fsmonitor-watchman.sample,4611,9159720099ad5595b8e66645cbfd47763c1e920f46e0b50ae75e642bbec57ef0,git,跳过-Git内部对象,清单及字节哈希,Git存储/元数据不作为业务文档逐字阅读；当前分支及提交另行只读核对。,与开场清单一致,9159720099ad5595b8e66645cbfd47763c1e920f46e0b50ae75e642bbec57ef0
WorkBuddy,程序\prefab-interior-expert-market\.git\hooks\post-update.sample,D:\WorkBuddy\01_活跃项目\装配式装修技术专家包\程序\prefab-interior-expert-market\.git\hooks\post-update.sample,189,81765af2daef323061dcbc5e61fc16481cb74b3bac9ad8a174b186523586f6c5,git,跳过-Git内部对象,清单及字节哈希,Git存储/元数据不作为业务文档逐字阅读；当前分支及提交另行只读核对。,与开场清单一致,81765af2daef323061dcbc5e61fc16481cb74b3bac9ad8a174b186523586f6c5
WorkBuddy,程序\prefab-interior-expert-market\.git\hooks\pre-applypatch.sample,D:\WorkBuddy\01_活跃项目\装配式装修技术专家包\程序\prefab-interior-expert-market\.git\hooks\pre-applypatch.sample,424,e15c5b469ea3e0a695bea6f2c82bcf8e62821074939ddd85b77e0007ff165475,git,跳过-Git内部对象,清单及字节哈希,Git存储/元数据不作为业务文档逐字阅读；当前分支及提交另行只读核对。,与开场清单一致,e15c5b469ea3e0a695bea6f2c82bcf8e62821074939ddd85b77e0007ff165475
WorkBuddy,程序\prefab-interior-expert-market\.git\hooks\pre-commit.sample,D:\WorkBuddy\01_活跃项目\装配式装修技术专家包\程序\prefab-interior-expert-market\.git\hooks\pre-commit.sample,1649,57185b7b9f05239d7ab52db045f5b89eb31348d7b2177eab214f5eb872e1971b,git,跳过-Git内部对象,清单及字节哈希,Git存储/元数据不作为业务文档逐字阅读；当前分支及提交另行只读核对。,与开场清单一致,57185b7b9f05239d7ab52db045f5b89eb31348d7b2177eab214f5eb872e1971b
WorkBuddy,程序\prefab-interior-expert-market\.git\hooks\pre-merge-commit.sample,D:\WorkBuddy\01_活跃项目\装配式装修技术专家包\程序\prefab-interior-expert-market\.git\hooks\pre-merge-commit.sample,416,d3825a70337940ebbd0a5c072984e13245920cdf8898bd225c8d27a6dfc9cb53,git,跳过-Git内部对象,清单及字节哈希,Git存储/元数据不作为业务文档逐字阅读；当前分支及提交另行只读核对。,与开场清单一致,d3825a70337940ebbd0a5c072984e13245920cdf8898bd225c8d27a6dfc9cb53
WorkBuddy,程序\prefab-interior-expert-market\.git\hooks\pre-push.sample,D:\WorkBuddy\01_活跃项目\装配式装修技术专家包\程序\prefab-interior-expert-market\.git\hooks\pre-push.sample,1374,ecce9c7e04d3f5dd9d8ada81753dd1d549a9634b26770042b58dda00217d086a,git,跳过-Git内部对象,清单及字节哈希,Git存储/元数据不作为业务文档逐字阅读；当前分支及提交另行只读核对。,与开场清单一致,ecce9c7e04d3f5dd9d8ada81753dd1d549a9634b26770042b58dda00217d086a
WorkBuddy,程序\prefab-interior-expert-market\.git\hooks\pre-rebase.sample,D:\WorkBuddy\01_活跃项目\装配式装修技术专家包\程序\prefab-interior-expert-market\.git\hooks\pre-rebase.sample,4898,4febce867790052338076f4e66cc47efb14879d18097d1d61c8261859eaaa7b3,git,跳过-Git内部对象,清单及字节哈希,Git存储/元数据不作为业务文档逐字阅读；当前分支及提交另行只读核对。,与开场清单一致,4febce867790052338076f4e66cc47efb14879d18097d1d61c8261859eaaa7b3
WorkBuddy,程序\prefab-interior-expert-market\.git\hooks\pre-receive.sample,D:\WorkBuddy\01_活跃项目\装配式装修技术专家包\程序\prefab-interior-expert-market\.git\hooks\pre-receive.sample,544,a4c3d2b9c7bb3fd8d1441c31bd4ee71a595d66b44fcf49ddb310252320169989,git,跳过-Git内部对象,清单及字节哈希,Git存储/元数据不作为业务文档逐字阅读；当前分支及提交另行只读核对。,与开场清单一致,a4c3d2b9c7bb3fd8d1441c31bd4ee71a595d66b44fcf49ddb310252320169989
WorkBuddy,程序\prefab-interior-expert-market\.git\hooks\prepare-commit-msg.sample,D:\WorkBuddy\01_活跃项目\装配式装修技术专家包\程序\prefab-interior-expert-market\.git\hooks\prepare-commit-msg.sample,1492,e9ddcaa4189fddd25ed97fc8c789eca7b6ca16390b2392ae3276f0c8e1aa4619,git,跳过-Git内部对象,清单及字节哈希,Git存储/元数据不作为业务文档逐字阅读；当前分支及提交另行只读核对。,与开场清单一致,e9ddcaa4189fddd25ed97fc8c789eca7b6ca16390b2392ae3276f0c8e1aa4619
WorkBuddy,程序\prefab-interior-expert-market\.git\hooks\push-to-checkout.sample,D:\WorkBuddy\01_活跃项目\装配式装修技术专家包\程序\prefab-interior-expert-market\.git\hooks\push-to-checkout.sample,2783,a53d0741798b287c6dd7afa64aee473f305e65d3f49463bb9d7408ec3b12bf5f,git,跳过-Git内部对象,清单及字节哈希,Git存储/元数据不作为业务文档逐字阅读；当前分支及提交另行只读核对。,与开场清单一致,a53d0741798b287c6dd7afa64aee473f305e65d3f49463bb9d7408ec3b12bf5f
WorkBuddy,程序\prefab-interior-expert-market\.git\hooks\sendemail-validate.sample,D:\WorkBuddy\01_活跃项目\装配式装修技术专家包\程序\prefab-interior-expert-market\.git\hooks\sendemail-validate.sample,2308,44ebfc923dc5466bc009602f0ecf067b9c65459abfe8868ddc49b78e6ced7a92,git,跳过-Git内部对象,清单及字节哈希,Git存储/元数据不作为业务文档逐字阅读；当前分支及提交另行只读核对。,与开场清单一致,44ebfc923dc5466bc009602f0ecf067b9c65459abfe8868ddc49b78e6ced7a92
WorkBuddy,程序\prefab-interior-expert-market\.git\hooks\update.sample,D:\WorkBuddy\01_活跃项目\装配式装修技术专家包\程序\prefab-interior-expert-market\.git\hooks\update.sample,3650,8d5f2fa83e103cf08b57eaa67521df9194f45cbdbcb37da52ad586097a14d106,git,跳过-Git内部对象,清单及字节哈希,Git存储/元数据不作为业务文档逐字阅读；当前分支及提交另行只读核对。,与开场清单一致,8d5f2fa83e103cf08b57eaa67521df9194f45cbdbcb37da52ad586097a14d106
WorkBuddy,程序\prefab-interior-expert-market\.git\info\exclude,D:\WorkBuddy\01_活跃项目\装配式装修技术专家包\程序\prefab-interior-expert-market\.git\info\exclude,240,6671fe83b7a07c8932ee89164d1f2793b2318058eb8b98dc5c06ee0a5a3b0ec1,git,跳过-Git内部对象,清单及字节哈希,Git存储/元数据不作为业务文档逐字阅读；当前分支及提交另行只读核对。,与开场清单一致,6671fe83b7a07c8932ee89164d1f2793b2318058eb8b98dc5c06ee0a5a3b0ec1
WorkBuddy,程序\prefab-interior-expert-market\.git\info\refs,D:\WorkBuddy\01_活跃项目\装配式装修技术专家包\程序\prefab-interior-expert-market\.git\info\refs,193,bb0bc2ca524f6ee48c56e6010983b951d69eb9daa6ea0c261e924dbd06a8fd2e,git,跳过-Git内部对象,清单及字节哈希,Git存储/元数据不作为业务文档逐字阅读；当前分支及提交另行只读核对。,与开场清单一致,bb0bc2ca524f6ee48c56e6010983b951d69eb9daa6ea0c261e924dbd06a8fd2e
WorkBuddy,程序\prefab-interior-expert-market\.git\logs\HEAD,D:\WorkBuddy\01_活跃项目\装配式装修技术专家包\程序\prefab-interior-expert-market\.git\logs\HEAD,6354,e59cdfa7886b7e7d871f83db1cc086524c9efbc020b2c3444a23261f3df566a3,git,跳过-Git内部对象,清单及字节哈希,Git存储/元数据不作为业务文档逐字阅读；当前分支及提交另行只读核对。,与开场清单一致,e59cdfa7886b7e7d871f83db1cc086524c9efbc020b2c3444a23261f3df566a3
WorkBuddy,程序\prefab-interior-expert-market\.git\logs\refs\heads\master,D:\WorkBuddy\01_活跃项目\装配式装修技术专家包\程序\prefab-interior-expert-market\.git\logs\refs\heads\master,6354,e59cdfa7886b7e7d871f83db1cc086524c9efbc020b2c3444a23261f3df566a3,git,跳过-Git内部对象,清单及字节哈希,Git存储/元数据不作为业务文档逐字阅读；当前分支及提交另行只读核对。,与开场清单一致,e59cdfa7886b7e7d871f83db1cc086524c9efbc020b2c3444a23261f3df566a3
WorkBuddy,程序\prefab-interior-expert-market\.git\logs\refs\remotes\origin\HEAD,D:\WorkBuddy\01_活跃项目\装配式装修技术专家包\程序\prefab-interior-expert-market\.git\logs\refs\remotes\origin\HEAD,147,28f3f46060e4ed8311be5c4ea1618dd164e054d600a4c2ab72ddae9f2d23dd67,git,跳过-Git内部对象,清单及字节哈希,Git存储/元数据不作为业务文档逐字阅读；当前分支及提交另行只读核对。,与开场清单一致,28f3f46060e4ed8311be5c4ea1618dd164e054d600a4c2ab72ddae9f2d23dd67
WorkBuddy,程序\prefab-interior-expert-market\.git\logs\refs\remotes\origin\master,D:\WorkBuddy\01_活跃项目\装配式装修技术专家包\程序\prefab-interior-expert-market\.git\logs\refs\remotes\origin\master,2058,72cc265d661734e6777bb04f473c06f530419463c268d8533bd2dcfa557350d4,git,跳过-Git内部对象,清单及字节哈希,Git存储/元数据不作为业务文档逐字阅读；当前分支及提交另行只读核对。,与开场清单一致,72cc265d661734e6777bb04f473c06f530419463c268d8533bd2dcfa557350d4
WorkBuddy,程序\prefab-interior-expert-market\.git\objects\00\6983e11ea17530cba2c760a7f243cf68c9bbf2,D:\WorkBuddy\01_活跃项目\装配式装修技术专家包\程序\prefab-interior-expert-market\.git\objects\00\6983e11ea17530cba2c760a7f243cf68c9bbf2,70657,2a88da46ed467e65c212e57ead00b3efc678f9d8aa79d6b7bc6dafd5990b2e60,git,跳过-Git内部对象,清单及字节哈希,Git存储/元数据不作为业务文档逐字阅读；当前分支及提交另行只读核对。,与开场清单一致,2a88da46ed467e65c212e57ead00b3efc678f9d8aa79d6b7bc6dafd5990b2e60
WorkBuddy,程序\prefab-interior-expert-market\.git\objects\01\744397595304e67ca49d0506780133889a18af,D:\WorkBuddy\01_活跃项目\装配式装修技术专家包\程序\prefab-interior-expert-market\.git\objects\01\744397595304e67ca49d0506780133889a18af,8942,468843fe74d44e201d9379f71bd893b4cd4a29ef9485dc5054d1018736d8dfda,git,跳过-Git内部对象,清单及字节哈希,Git存储/元数据不作为业务文档逐字阅读；当前分支及提交另行只读核对。,与开场清单一致,468843fe74d44e201d9379f71bd893b4cd4a29ef9485dc5054d1018736d8dfda
WorkBuddy,程序\prefab-interior-expert-market\.git\objects\04\18d2767e97728f7a47d0b34126120546f50169,D:\WorkBuddy\01_活跃项目\装配式装修技术专家包\程序\prefab-interior-expert-market\.git\objects\04\18d2767e97728f7a47d0b34126120546f50169,105,c7f62433845e21bb1fd5ae727ee8db7d39d66adc8f2241754d19c631b453cf3e,git,跳过-Git内部对象,清单及字节哈希,Git存储/元数据不作为业务文档逐字阅读；当前分支及提交另行只读核对。,与开场清单一致,c7f62433845e21bb1fd5ae727ee8db7d39d66adc8f2241754d19c631b453cf3e
WorkBuddy,程序\prefab-interior-expert-market\.git\objects\05\1e27d46e5e4e86b00c6b0c6bc51147260aea4e,D:\WorkBuddy\01_活跃项目\装配式装修技术专家包\程序\prefab-interior-expert-market\.git\objects\05\1e27d46e5e4e86b00c6b0c6bc51147260aea4e,1397,d617faa898c7876073b7f6e510d2a1e42a52a26b36fe7a0941207daa7906cbac,git,跳过-Git内部对象,清单及字节哈希,Git存储/元数据不作为业务文档逐字阅读；当前分支及提交另行只读核对。,与开场清单一致,d617faa898c7876073b7f6e510d2a1e42a52a26b36fe7a0941207daa7906cbac
WorkBuddy,程序\prefab-interior-expert-market\.git\objects\07\5488f6781f315b98c1fb83c432ddfef07c7970,D:\WorkBuddy\01_活跃项目\装配式装修技术专家包\程序\prefab-interior-expert-market\.git\objects\07\5488f6781f315b98c1fb83c432ddfef07c7970,67,4c6a21855cd842ebf08e487717c0889d9a4a11d329200125ab908ce381c05a0a,git,跳过-Git内部对象,清单及字节哈希,Git存储/元数据不作为业务文档逐字阅读；当前分支及提交另行只读核对。,与开场清单一致,4c6a21855cd842ebf08e487717c0889d9a4a11d329200125ab908ce381c05a0a
WorkBuddy,程序\prefab-interior-expert-market\.git\objects\08\5dbabc95b39c47aada621416e551f2b244245f,D:\WorkBuddy\01_活跃项目\装配式装修技术专家包\程序\prefab-interior-expert-market\.git\objects\08\5dbabc95b39c47aada621416e551f2b244245f,104,178e2b1acaff44dab3a26627ed8f45b96e00d996e83f10e74a8e554d0effbbf4,git,跳过-Git内部对象,清单及字节哈希,Git存储/元数据不作为业务文档逐字阅读；当前分支及提交另行只读核对。,与开场清单一致,178e2b1acaff44dab3a26627ed8f45b96e00d996e83f10e74a8e554d0effbbf4
WorkBuddy,程序\prefab-interior-expert-market\.git\objects\0b\2ac8a301ab558fd036207b657fba32227abac5,D:\WorkBuddy\01_活跃项目\装配式装修技术专家包\程序\prefab-interior-expert-market\.git\objects\0b\2ac8a301ab558fd036207b657fba32227abac5,64,d52c95502775ec4d7b6b4ddae5fd8a8592679e409a3f8e9353aaca43f6c5adc9,git,跳过-Git内部对象,清单及字节哈希,Git存储/元数据不作为业务文档逐字阅读；当前分支及提交另行只读核对。,与开场清单一致,d52c95502775ec4d7b6b4ddae5fd8a8592679e409a3f8e9353aaca43f6c5adc9
WorkBuddy,程序\prefab-interior-expert-market\.git\objects\0b\d83f285596de679f45b4fdf4204b4e7298d25b,D:\WorkBuddy\01_活跃项目\装配式装修技术专家包\程序\prefab-interior-expert-market\.git\objects\0b\d83f285596de679f45b4fdf4204b4e7298d25b,4999,d98753dc8c5f5d2949bd2ff80782dc3524fd5a983a3207cbb1d83759972621b4,git,跳过-Git内部对象,清单及字节哈希,Git存储/元数据不作为业务文档逐字阅读；当前分支及提交另行只读核对。,与开场清单一致,d98753dc8c5f5d2949bd2ff80782dc3524fd5a983a3207cbb1d83759972621b4
WorkBuddy,程序\prefab-interior-expert-market\.git\objects\0c\5e2d0c769b0774c587481c28db970d5c1995e4,D:\WorkBuddy\01_活跃项目\装配式装修技术专家包\程序\prefab-interior-expert-market\.git\objects\0c\5e2d0c769b0774c587481c28db970d5c1995e4,4324,10700bb1c608be78cab1d18bd0cdf4e98dc1d46825bd97eb94602b6c9274786f,git,跳过-Git内部对象,清单及字节哈希,Git存储/元数据不作为业务文档逐字阅读；当前分支及提交另行只读核对。,与开场清单一致,10700bb1c608be78cab1d18bd0cdf4e98dc1d46825bd97eb94602b6c9274786f
WorkBuddy,程序\prefab-interior-expert-market\.git\objects\0d\175f32333010344641f075f88b5d1a26e90482,D:\WorkBuddy\01_活跃项目\装配式装修技术专家包\程序\prefab-interior-expert-market\.git\objects\0d\175f32333010344641f075f88b5d1a26e90482,5335,307b25f52d83bc8b4912a61702e616f98883565eae5626a525f4accc074942d2,git,跳过-Git内部对象,清单及字节哈希,Git存储/元数据不作为业务文档逐字阅读；当前分支及提交另行只读核对。,与开场清单一致,307b25f52d83bc8b4912a61702e616f98883565eae5626a525f4accc074942d2
WorkBuddy,程序\prefab-interior-expert-market\.git\objects\0f\8c365feefbe66d015537a4b985c7abcf6640c7,D:\WorkBuddy\01_活跃项目\装配式装修技术专家包\程序\prefab-interior-expert-market\.git\objects\0f\8c365feefbe66d015537a4b985c7abcf6640c7,105,61185991bee1be49de3f3096fa3af4791fed08c517d8457350b42c810ea1315f,git,跳过-Git内部对象,清单及字节哈希,Git存储/元数据不作为业务文档逐字阅读；当前分支及提交另行只读核对。,与开场清单一致,61185991bee1be49de3f3096fa3af4791fed08c517d8457350b42c810ea1315f
WorkBuddy,程序\prefab-interior-expert-market\.git\objects\15\63150a8f27c8e45b20ef4e56d63a641bef817b,D:\WorkBuddy\01_活跃项目\装配式装修技术专家包\程序\prefab-interior-expert-market\.git\objects\15\63150a8f27c8e45b20ef4e56d63a641bef817b,370,f591b4f78be9a01b2ad8f5e5dcd562080d9a05c89f90258560b595704f91991f,git,跳过-Git内部对象,清单及字节哈希,Git存储/元数据不作为业务文档逐字阅读；当前分支及提交另行只读核对。,与开场清单一致,f591b4f78be9a01b2ad8f5e5dcd562080d9a05c89f90258560b595704f91991f
WorkBuddy,程序\prefab-interior-expert-market\.git\objects\18\74cfb1b8390cfd28510540f9dee2f332618c7e,D:\WorkBuddy\01_活跃项目\装配式装修技术专家包\程序\prefab-interior-expert-market\.git\objects\18\74cfb1b8390cfd28510540f9dee2f332618c7e,377,bc9c4ae1350d19860d83c24774428ffb372a54e620c4fcbbb570511d56959617,git,跳过-Git内部对象,清单及字节哈希,Git存储/元数据不作为业务文档逐字阅读；当前分支及提交另行只读核对。,与开场清单一致,bc9c4ae1350d19860d83c24774428ffb372a54e620c4fcbbb570511d56959617
WorkBuddy,程序\prefab-interior-expert-market\.git\objects\1c\652ad7bc6f5edfba4dded843f59a5600c2f37d,D:\WorkBuddy\01_活跃项目\装配式装修技术专家包\程序\prefab-interior-expert-market\.git\objects\1c\652ad7bc6f5edfba4dded843f59a5600c2f37d,156,b15ce6ac162f12e24725fdaa7f8c58d0704d9817ea09713500aef18914fe2a91,git,跳过-Git内部对象,清单及字节哈希,Git存储/元数据不作为业务文档逐字阅读；当前分支及提交另行只读核对。,与开场清单一致,b15ce6ac162f12e24725fdaa7f8c58d0704d9817ea09713500aef18914fe2a91
WorkBuddy,程序\prefab-interior-expert-market\.git\objects\1e\aa2bfa68263661a5566b81b6b99ec3f48e9df9,D:\WorkBuddy\01_活跃项目\装配式装修技术专家包\程序\prefab-interior-expert-market\.git\objects\1e\aa2bfa68263661a5566b81b6b99ec3f48e9df9,194,9b5720456daca855e3cfe5763f163fc8f0104c7bdaee7a1f324d3b097fbd491e,git,跳过-Git内部对象,清单及字节哈希,Git存储/元数据不作为业务文档逐字阅读；当前分支及提交另行只读核对。,与开场清单一致,9b5720456daca855e3cfe5763f163fc8f0104c7bdaee7a1f324d3b097fbd491e
WorkBuddy,程序\prefab-interior-expert-market\.git\objects\20\2da4e0087685b15c43203e311172f4a09846eb,D:\WorkBuddy\01_活跃项目\装配式装修技术专家包\程序\prefab-interior-expert-market\.git\objects\20\2da4e0087685b15c43203e311172f4a09846eb,19658,d5adafc53b6cdb61f405a0cdd9a710b1babaa9dc9f8cc78f0bc2286f33be4d79,git,跳过-Git内部对象,清单及字节哈希,Git存储/元数据不作为业务文档逐字阅读；当前分支及提交另行只读核对。,与开场清单一致,d5adafc53b6cdb61f405a0cdd9a710b1babaa9dc9f8cc78f0bc2286f33be4d79
WorkBuddy,程序\prefab-interior-expert-market\.git\objects\20\4de5cee48b86b5dd10e8f688d5058d8df027fa,D:\WorkBuddy\01_活跃项目\装配式装修技术专家包\程序\prefab-interior-expert-market\.git\objects\20\4de5cee48b86b5dd10e8f688d5058d8df027fa,301,b7fe458832088d9e0ea906655a6f5f21262ecd9b583028ae5aca55997ee26c59,git,跳过-Git内部对象,清单及字节哈希,Git存储/元数据不作为业务文档逐字阅读；当前分支及提交另行只读核对。,与开场清单一致,b7fe458832088d9e0ea906655a6f5f21262ecd9b583028ae5aca55997ee26c59
WorkBuddy,程序\prefab-interior-expert-market\.git\objects\21\dce983564d9e4fa856683bf2789305d1271c74,D:\WorkBuddy\01_活跃项目\装配式装修技术专家包\程序\prefab-interior-expert-market\.git\objects\21\dce983564d9e4fa856683bf2789305d1271c74,217,22441b5b1bc5d68cf5a0675b4d51fdf3622d4d2395b8b20087c451a7c2ea7168,git,跳过-Git内部对象,清单及字节哈希,Git存储/元数据不作为业务文档逐字阅读；当前分支及提交另行只读核对。,与开场清单一致,22441b5b1bc5d68cf5a0675b4d51fdf3622d4d2395b8b20087c451a7c2ea7168
WorkBuddy,程序\prefab-interior-expert-market\.git\objects\21\e26553a1a40c74e91c77d4fd7d1d9d571a5fe3,D:\WorkBuddy\01_活跃项目\装配式装修技术专家包\程序\prefab-interior-expert-market\.git\objects\21\e26553a1a40c74e91c77d4fd7d1d9d571a5fe3,69629,9476c5b23e51a886643f0393f98441f3e93d4d8613dfbb7cdc3605c5b9a00f07,git,跳过-Git内部对象,清单及字节哈希,Git存储/元数据不作为业务文档逐字阅读；当前分支及提交另行只读核对。,与开场清单一致,9476c5b23e51a886643f0393f98441f3e93d4d8613dfbb7cdc3605c5b9a00f07
WorkBuddy,程序\prefab-interior-expert-market\.git\objects\25\d847f129a1d9114009660a74a307c8ed12e0d6,D:\WorkBuddy\01_活跃项目\装配式装修技术专家包\程序\prefab-interior-expert-market\.git\objects\25\d847f129a1d9114009660a74a307c8ed12e0d6,411,46968b3501f211f36d73d3df10b42534e68b67727617a847d4b2a41803503485,git,跳过-Git内部对象,清单及字节哈希,Git存储/元数据不作为业务文档逐字阅读；当前分支及提交另行只读核对。,与开场清单一致,46968b3501f211f36d73d3df10b42534e68b67727617a847d4b2a41803503485
WorkBuddy,程序\prefab-interior-expert-market\.git\objects\2a\856c445101b81a8ef2bdd9041d4fd16caf22db,D:\WorkBuddy\01_活跃项目\装配式装修技术专家包\程序\prefab-interior-expert-market\.git\objects\2a\856c445101b81a8ef2bdd9041d4fd16caf22db,156,24fe45a694d4e793cfcd4bc7f08087cfeb98dd16eaa8543cb072577b27153aa5,git,跳过-Git内部对象,清单及字节哈希,Git存储/元数据不作为业务文档逐字阅读；当前分支及提交另行只读核对。,与开场清单一致,24fe45a694d4e793cfcd4bc7f08087cfeb98dd16eaa8543cb072577b27153aa5
WorkBuddy,程序\prefab-interior-expert-market\.git\objects\2b\05aaf1ed4252ae3e20677664866dcd7c059bf9,D:\WorkBuddy\01_活跃项目\装配式装修技术专家包\程序\prefab-interior-expert-market\.git\objects\2b\05aaf1ed4252ae3e20677664866dcd7c059bf9,217,28d78abafe04eceb95a2a1c779ebf70634bb6ad59f9a6010b38c17ed599fa39a,git,跳过-Git内部对象,清单及字节哈希,Git存储/元数据不作为业务文档逐字阅读；当前分支及提交另行只读核对。,与开场清单一致,28d78abafe04eceb95a2a1c779ebf70634bb6ad59f9a6010b38c17ed599fa39a
WorkBuddy,程序\prefab-interior-expert-market\.git\objects\2c\e2bbd2763b1743da7b0f987fa7d4ff691d1dd6,D:\WorkBuddy\01_活跃项目\装配式装修技术专家包\程序\prefab-interior-expert-market\.git\objects\2c\e2bbd2763b1743da7b0f987fa7d4ff691d1dd6,90,1b487ad6a96b731977462c85f815809e6f85affd167951c35261ef9f778caa58,git,跳过-Git内部对象,清单及字节哈希,Git存储/元数据不作为业务文档逐字阅读；当前分支及提交另行只读核对。,与开场清单一致,1b487ad6a96b731977462c85f815809e6f85affd167951c35261ef9f778caa58
WorkBuddy,程序\prefab-interior-expert-market\.git\objects\31\88c2923be3c91b980a6bce8ed115a0e056f0a6,D:\WorkBuddy\01_活跃项目\装配式装修技术专家包\程序\prefab-interior-expert-market\.git\objects\31\88c2923be3c91b980a6bce8ed115a0e056f0a6,194,fe60df9614dfacb975ef3b089ed5a21e900b0a73e1db8e359d29fcd6bbccaedf,git,跳过-Git内部对象,清单及字节哈希,Git存储/元数据不作为业务文档逐字阅读；当前分支及提交另行只读核对。,与开场清单一致,fe60df9614dfacb975ef3b089ed5a21e900b0a73e1db8e359d29fcd6bbccaedf
WorkBuddy,程序\prefab-interior-expert-market\.git\objects\31\8a22af34d2288273347d3bb89a83ee41435cb9,D:\WorkBuddy\01_活跃项目\装配式装修技术专家包\程序\prefab-interior-expert-market\.git\objects\31\8a22af34d2288273347d3bb89a83ee41435cb9,105,0a3f38163bede1147a3981f39d9d79fb07188ea88ff77ea552250c5cdfe8d43b,git,跳过-Git内部对象,清单及字节哈希,Git存储/元数据不作为业务文档逐字阅读；当前分支及提交另行只读核对。,与开场清单一致,0a3f38163bede1147a3981f39d9d79fb07188ea88ff77ea552250c5cdfe8d43b
WorkBuddy,程序\prefab-interior-expert-market\.git\objects\33\7a1ce5b6446b2c0c5c0b4f5ace124fa1ebf609,D:\WorkBuddy\01_活跃项目\装配式装修技术专家包\程序\prefab-interior-expert-market\.git\objects\33\7a1ce5b6446b2c0c5c0b4f5ace124fa1ebf609,104,772f8d526f96a8110e224b81839666a1231a3ffa08af10640a2a5142406dfbc6,git,跳过-Git内部对象,清单及字节哈希,Git存储/元数据不作为业务文档逐字阅读；当前分支及提交另行只读核对。,与开场清单一致,772f8d526f96a8110e224b81839666a1231a3ffa08af10640a2a5142406dfbc6
WorkBuddy,程序\prefab-interior-expert-market\.git\objects\34\ca04e08695bf3c51739b7d85fc1081728d41a4,D:\WorkBuddy\01_活跃项目\装配式装修技术专家包\程序\prefab-interior-expert-market\.git\objects\34\ca04e08695bf3c51739b7d85fc1081728d41a4,217,9bb11a55956da91ea217a1b9df3ed2db05ef7d03c6d86c3eb01d58449924ea17,git,跳过-Git内部对象,清单及字节哈希,Git存储/元数据不作为业务文档逐字阅读；当前分支及提交另行只读核对。,与开场清单一致,9bb11a55956da91ea217a1b9df3ed2db05ef7d03c6d86c3eb01d58449924ea17
WorkBuddy,程序\prefab-interior-expert-market\.git\objects\35\3cab3590adb4ee24fb33200dd2a7977f2bd56a,D:\WorkBuddy\01_活跃项目\装配式装修技术专家包\程序\prefab-interior-expert-market\.git\objects\35\3cab3590adb4ee24fb33200dd2a7977f2bd56a,217,550685988fa85872f52989afc45478450ec6b073e8771272684a4b21e8b3a8de,git,跳过-Git内部对象,清单及字节哈希,Git存储/元数据不作为业务文档逐字阅读；当前分支及提交另行只读核对。,与开场清单一致,550685988fa85872f52989afc45478450ec6b073e8771272684a4b21e8b3a8de
WorkBuddy,程序\prefab-interior-expert-market\.git\objects\3c\2fc3bb5a07721923da6e1a21e1455164fd521d,D:\WorkBuddy\01_活跃项目\装配式装修技术专家包\程序\prefab-interior-expert-market\.git\objects\3c\2fc3bb5a07721923da6e1a21e1455164fd521d,5142,cc26807da47c21ae9b3259a1b2210255a8ecefe65d621b4054bb6a540ea7b799,git,跳过-Git内部对象,清单及字节哈希,Git存储/元数据不作为业务文档逐字阅读；当前分支及提交另行只读核对。,与开场清单一致,cc26807da47c21ae9b3259a1b2210255a8ecefe65d621b4054bb6a540ea7b799
WorkBuddy,程序\prefab-interior-expert-market\.git\objects\3c\4251225ecd6d1764145a8dbc2eef9d0b8e964d,D:\WorkBuddy\01_活跃项目\装配式装修技术专家包\程序\prefab-interior-expert-market\.git\objects\3c\4251225ecd6d1764145a8dbc2eef9d0b8e964d,218,057a1eb12c213b0a9d8711c163ae861dc103acad4feed9dd87d1a0259019fd14,git,跳过-Git内部对象,清单及字节哈希,Git存储/元数据不作为业务文档逐字阅读；当前分支及提交另行只读核对。,与开场清单一致,057a1eb12c213b0a9d8711c163ae861dc103acad4feed9dd87d1a0259019fd14
WorkBuddy,程序\prefab-interior-expert-market\.git\objects\3d\34b7591676adf0ccaf6b393e74ec727d83a8dd,D:\WorkBuddy\01_活跃项目\装配式装修技术专家包\程序\prefab-interior-expert-market\.git\objects\3d\34b7591676adf0ccaf6b393e74ec727d83a8dd,17031,fbc4d3a1d5d08ed69d2509ec39b9cb88596d2d76193c7dab3901fa32caebda0f,git,跳过-Git内部对象,清单及字节哈希,Git存储/元数据不作为业务文档逐字阅读；当前分支及提交另行只读核对。,与开场清单一致,fbc4d3a1d5d08ed69d2509ec39b9cb88596d2d76193c7dab3901fa32caebda0f
WorkBuddy,程序\prefab-interior-expert-market\.git\objects\40\dd5a4825c019e3f5471c3a9a5716ad43689e4a,D:\WorkBuddy\01_活跃项目\装配式装修技术专家包\程序\prefab-interior-expert-market\.git\objects\40\dd5a4825c019e3f5471c3a9a5716ad43689e4a,9104,9609d8d4441bf6861cd34061178dd327cb27c265ad3cf9ad1173d0899b39ecc1,git,跳过-Git内部对象,清单及字节哈希,Git存储/元数据不作为业务文档逐字阅读；当前分支及提交另行只读核对。,与开场清单一致,9609d8d4441bf6861cd34061178dd327cb27c265ad3cf9ad1173d0899b39ecc1
WorkBuddy,程序\prefab-interior-expert-market\.git\objects\44\eb7014b96598e78a5f37ec92a9fc8d9c647934,D:\WorkBuddy\01_活跃项目\装配式装修技术专家包\程序\prefab-interior-expert-market\.git\objects\44\eb7014b96598e78a5f37ec92a9fc8d9c647934,68,6522457f32db072177238d9861f80a377c61f8a0c8c0be196bfd1211fd63f3da,git,跳过-Git内部对象,清单及字节哈希,Git存储/元数据不作为业务文档逐字阅读；当前分支及提交另行只读核对。,与开场清单一致,6522457f32db072177238d9861f80a377c61f8a0c8c0be196bfd1211fd63f3da
WorkBuddy,程序\prefab-interior-expert-market\.git\objects\48\fae72ff9c6b3b6f618a028c257fd4b67e5aa2d,D:\WorkBuddy\01_活跃项目\装配式装修技术专家包\程序\prefab-interior-expert-market\.git\objects\48\fae72ff9c6b3b6f618a028c257fd4b67e5aa2d,2712,43edf9b19ff9694282f75d7cd8c54217db074e2419926c75ca4454d52ec44188,git,跳过-Git内部对象,清单及字节哈希,Git存储/元数据不作为业务文档逐字阅读；当前分支及提交另行只读核对。,与开场清单一致,43edf9b19ff9694282f75d7cd8c54217db074e2419926c75ca4454d52ec44188
WorkBuddy,程序\prefab-interior-expert-market\.git\objects\4c\f0ca64f8cb398110ccdf9596ac22beb750cc84,D:\WorkBuddy\01_活跃项目\装配式装修技术专家包\程序\prefab-interior-expert-market\.git\objects\4c\f0ca64f8cb398110ccdf9596ac22beb750cc84,194,dbab9cc6b3b57e24ada30932ddfd1669403deef84e711b583e10a69e4b2f8f01,git,跳过-Git内部对象,清单及字节哈希,Git存储/元数据不作为业务文档逐字阅读；当前分支及提交另行只读核对。,与开场清单一致,dbab9cc6b3b57e24ada30932ddfd1669403deef84e711b583e10a69e4b2f8f01
WorkBuddy,程序\prefab-interior-expert-market\.git\objects\4f\5b7db8cff94d21a263e885edb21c11957e8ade,D:\WorkBuddy\01_活跃项目\装配式装修技术专家包\程序\prefab-interior-expert-market\.git\objects\4f\5b7db8cff94d21a263e885edb21c11957e8ade,90,36aee4ffab5a3f72b9bf30e61485abd203df31d3d0fb95d7377feaa89b43117d,git,跳过-Git内部对象,清单及字节哈希,Git存储/元数据不作为业务文档逐字阅读；当前分支及提交另行只读核对。,与开场清单一致,36aee4ffab5a3f72b9bf30e61485abd203df31d3d0fb95d7377feaa89b43117d
WorkBuddy,程序\prefab-interior-expert-market\.git\objects\50\73de7d404ecaccac4f70d1b2c74219fa030d44,D:\WorkBuddy\01_活跃项目\装配式装修技术专家包\程序\prefab-interior-expert-market\.git\objects\50\73de7d404ecaccac4f70d1b2c74219fa030d44,64,d17e2b70492198c58b6319c6d7cfb169550372eb9f37cc00b71f9facc916df63,git,跳过-Git内部对象,清单及字节哈希,Git存储/元数据不作为业务文档逐字阅读；当前分支及提交另行只读核对。,与开场清单一致,d17e2b70492198c58b6319c6d7cfb169550372eb9f37cc00b71f9facc916df63
WorkBuddy,程序\prefab-interior-expert-market\.git\objects\57\6b90fd27f2e053fdec6e7c957bc84152f11384,D:\WorkBuddy\01_活跃项目\装配式装修技术专家包\程序\prefab-interior-expert-market\.git\objects\57\6b90fd27f2e053fdec6e7c957bc84152f11384,3424,0a6c328d9109e68c95455a8b0d0095eac56a96957f63134f4fbf7809daaa1c8c,git,跳过-Git内部对象,清单及字节哈希,Git存储/元数据不作为业务文档逐字阅读；当前分支及提交另行只读核对。,与开场清单一致,0a6c328d9109e68c95455a8b0d0095eac56a96957f63134f4fbf7809daaa1c8c
WorkBuddy,程序\prefab-interior-expert-market\.git\objects\59\74dfd6575db266e6c7f481c032e05d82e91da1,D:\WorkBuddy\01_活跃项目\装配式装修技术专家包\程序\prefab-interior-expert-market\.git\objects\59\74dfd6575db266e6c7f481c032e05d82e91da1,194,2c740f08ba266a159920c33a69646224abce6dd109cc72504b8ba658b206707d,git,跳过-Git内部对象,清单及字节哈希,Git存储/元数据不作为业务文档逐字阅读；当前分支及提交另行只读核对。,与开场清单一致,2c740f08ba266a159920c33a69646224abce6dd109cc72504b8ba658b206707d
WorkBuddy,程序\prefab-interior-expert-market\.git\objects\5c\294d160c188a4d5fa580b5a799a4b5f18db05b,D:\WorkBuddy\01_活跃项目\装配式装修技术专家包\程序\prefab-interior-expert-market\.git\objects\5c\294d160c188a4d5fa580b5a799a4b5f18db05b,1084,2ee4b203846635ad44805591a8c8a4634341b2715febd3812ad9d074fcd78b75,git,跳过-Git内部对象,清单及字节哈希,Git存储/元数据不作为业务文档逐字阅读；当前分支及提交另行只读核对。,与开场清单一致,2ee4b203846635ad44805591a8c8a4634341b2715febd3812ad9d074fcd78b75
WorkBuddy,程序\prefab-interior-expert-market\.git\objects\60\538a53cff0c04fb6f1eebf3728d91b9ebc57f0,D:\WorkBuddy\01_活跃项目\装配式装修技术专家包\程序\prefab-interior-expert-market\.git\objects\60\538a53cff0c04fb6f1eebf3728d91b9ebc57f0,104,523bcfc06d823e02f9232a0ad259a6364e0ccdb36398e005fbb434d2c612f3be,git,跳过-Git内部对象,清单及字节哈希,Git存储/元数据不作为业务文档逐字阅读；当前分支及提交另行只读核对。,与开场清单一致,523bcfc06d823e02f9232a0ad259a6364e0ccdb36398e005fbb434d2c612f3be
WorkBuddy,程序\prefab-interior-expert-market\.git\objects\62\a7bc43d3950b2f0fdf1c650c9dc3fa62462d82,D:\WorkBuddy\01_活跃项目\装配式装修技术专家包\程序\prefab-interior-expert-market\.git\objects\62\a7bc43d3950b2f0fdf1c650c9dc3fa62462d82,64,fe6beb492dbc99ed07ac0dde7cd1e6d1cc76404c0941640926ce3c98785fb170,git,跳过-Git内部对象,清单及字节哈希,Git存储/元数据不作为业务文档逐字阅读；当前分支及提交另行只读核对。,与开场清单一致,fe6beb492dbc99ed07ac0dde7cd1e6d1cc76404c0941640926ce3c98785fb170
WorkBuddy,程序\prefab-interior-expert-market\.git\objects\64\9cb50d98869b1f32feb0dd695f4497ca142ea2,D:\WorkBuddy\01_活跃项目\装配式装修技术专家包\程序\prefab-interior-expert-market\.git\objects\64\9cb50d98869b1f32feb0dd695f4497ca142ea2,90,f1351882a73862b9e583de96de41ade779a41e4a48ec630e9a65cccc5e81bb44,git,跳过-Git内部对象,清单及字节哈希,Git存储/元数据不作为业务文档逐字阅读；当前分支及提交另行只读核对。,与开场清单一致,f1351882a73862b9e583de96de41ade779a41e4a48ec630e9a65cccc5e81bb44
WorkBuddy,程序\prefab-interior-expert-market\.git\objects\64\edc6fe2c646c7ebad0fadff78a0ad98c2a0852,D:\WorkBuddy\01_活跃项目\装配式装修技术专家包\程序\prefab-interior-expert-market\.git\objects\64\edc6fe2c646c7ebad0fadff78a0ad98c2a0852,297,d71f264fc817b24f4dfb5eb96f9fdcbb926cb98025cffbaf1a822938a5796f88,git,跳过-Git内部对象,清单及字节哈希,Git存储/元数据不作为业务文档逐字阅读；当前分支及提交另行只读核对。,与开场清单一致,d71f264fc817b24f4dfb5eb96f9fdcbb926cb98025cffbaf1a822938a5796f88
WorkBuddy,程序\prefab-interior-expert-market\.git\objects\65\29fd71598b36847d06360eb3cd0424e1b7e503,D:\WorkBuddy\01_活跃项目\装配式装修技术专家包\程序\prefab-interior-expert-market\.git\objects\65\29fd71598b36847d06360eb3cd0424e1b7e503,860,01750795e78f3cc5fa8ad78904ef6c928946b1db9d82c4ed2bb3cd52909c8fbb,git,跳过-Git内部对象,清单及字节哈希,Git存储/元数据不作为业务文档逐字阅读；当前分支及提交另行只读核对。,与开场清单一致,01750795e78f3cc5fa8ad78904ef6c928946b1db9d82c4ed2bb3cd52909c8fbb
WorkBuddy,程序\prefab-interior-expert-market\.git\objects\65\dcd61cdcb07d90a27d0ba8bf98c17dee1025ae,D:\WorkBuddy\01_活跃项目\装配式装修技术专家包\程序\prefab-interior-expert-market\.git\objects\65\dcd61cdcb07d90a27d0ba8bf98c17dee1025ae,12535,9cfecd71d8ab9da1c57294ef10f5e7bc226ad808db2727f1ede27e6c5ca4acfa,git,跳过-Git内部对象,清单及字节哈希,Git存储/元数据不作为业务文档逐字阅读；当前分支及提交另行只读核对。,与开场清单一致,9cfecd71d8ab9da1c57294ef10f5e7bc226ad808db2727f1ede27e6c5ca4acfa
WorkBuddy,程序\prefab-interior-expert-market\.git\objects\66\d3e486bfdadee82080b8575838da444ba35b1f,D:\WorkBuddy\01_活跃项目\装配式装修技术专家包\程序\prefab-interior-expert-market\.git\objects\66\d3e486bfdadee82080b8575838da444ba35b1f,6611,ca74e6e7d49bd905c6ce86039df9c2bcfd536d36454d06442fda04d21a499f6d,git,跳过-Git内部对象,清单及字节哈希,Git存储/元数据不作为业务文档逐字阅读；当前分支及提交另行只读核对。,与开场清单一致,ca74e6e7d49bd905c6ce86039df9c2bcfd536d36454d06442fda04d21a499f6d
WorkBuddy,程序\prefab-interior-expert-market\.git\objects\67\938478f51d3aefbdd4dc101d321eed627c5f71,D:\WorkBuddy\01_活跃项目\装配式装修技术专家包\程序\prefab-interior-expert-market\.git\objects\67\938478f51d3aefbdd4dc101d321eed627c5f71,217,8a4b953751f1f31138cfc8bad6883a320f5b5e31a6950dde0a202f6e5fef7649,git,跳过-Git内部对象,清单及字节哈希,Git存储/元数据不作为业务文档逐字阅读；当前分支及提交另行只读核对。,与开场清单一致,8a4b953751f1f31138cfc8bad6883a320f5b5e31a6950dde0a202f6e5fef7649
WorkBuddy,程序\prefab-interior-expert-market\.git\objects\67\c73f07743b9d84e0ae5afa41f8e95061ec7879,D:\WorkBuddy\01_活跃项目\装配式装修技术专家包\程序\prefab-interior-expert-market\.git\objects\67\c73f07743b9d84e0ae5afa41f8e95061ec7879,1096,a83ccf315e7e652986df3e3177027a6ca339513233658acd03f295d3406a72b3,git,跳过-Git内部对象,清单及字节哈希,Git存储/元数据不作为业务文档逐字阅读；当前分支及提交另行只读核对。,与开场清单一致,a83ccf315e7e652986df3e3177027a6ca339513233658acd03f295d3406a72b3
WorkBuddy,程序\prefab-interior-expert-market\.git\objects\67\db43412ea88b276604f6dec89d8dab86d7ac8a,D:\WorkBuddy\01_活跃项目\装配式装修技术专家包\程序\prefab-interior-expert-market\.git\objects\67\db43412ea88b276604f6dec89d8dab86d7ac8a,69269,d03774c1618f6b1784f2261b98ad48ce12172d7e225b9c432ee5edb5c9000553,git,跳过-Git内部对象,清单及字节哈希,Git存储/元数据不作为业务文档逐字阅读；当前分支及提交另行只读核对。,与开场清单一致,d03774c1618f6b1784f2261b98ad48ce12172d7e225b9c432ee5edb5c9000553
WorkBuddy,程序\prefab-interior-expert-market\.git\objects\69\0c5e0bc87d2278547145b6057482831633927a,D:\WorkBuddy\01_活跃项目\装配式装修技术专家包\程序\prefab-interior-expert-market\.git\objects\69\0c5e0bc87d2278547145b6057482831633927a,4916,9399d57f8cd6caacd5f3a3d6042d5def2d7acbbf77383e38059991453ec9b572,git,跳过-Git内部对象,清单及字节哈希,Git存储/元数据不作为业务文档逐字阅读；当前分支及提交另行只读核对。,与开场清单一致,9399d57f8cd6caacd5f3a3d6042d5def2d7acbbf77383e38059991453ec9b572
WorkBuddy,程序\prefab-interior-expert-market\.git\objects\69\d7fbee0fe22cba6c88cd1ab13d720b8daa8c05,D:\WorkBuddy\01_活跃项目\装配式装修技术专家包\程序\prefab-interior-expert-market\.git\objects\69\d7fbee0fe22cba6c88cd1ab13d720b8daa8c05,8494,d5163d0db1cc19d3631b8507cccc387e2cf8450c55630f252057348b71674a09,git,跳过-Git内部对象,清单及字节哈希,Git存储/元数据不作为业务文档逐字阅读；当前分支及提交另行只读核对。,与开场清单一致,d5163d0db1cc19d3631b8507cccc387e2cf8450c55630f252057348b71674a09
WorkBuddy,程序\prefab-interior-expert-market\.git\objects\70\f010abe93e5b40071942fd9eaa2c9ad718408b,D:\WorkBuddy\01_活跃项目\装配式装修技术专家包\程序\prefab-interior-expert-market\.git\objects\70\f010abe93e5b40071942fd9eaa2c9ad718408b,90,cbb0d2cf58b8928faa3d4acb50b22cdb4243d1f6d2ad2595b6882d51e44a1543,git,跳过-Git内部对象,清单及字节哈希,Git存储/元数据不作为业务文档逐字阅读；当前分支及提交另行只读核对。,与开场清单一致,cbb0d2cf58b8928faa3d4acb50b22cdb4243d1f6d2ad2595b6882d51e44a1543
WorkBuddy,程序\prefab-interior-expert-market\.git\objects\72\1874b80e9721a5d5c76da4bf50a7635ccefa35,D:\WorkBuddy\01_活跃项目\装配式装修技术专家包\程序\prefab-interior-expert-market\.git\objects\72\1874b80e9721a5d5c76da4bf50a7635ccefa35,5061,c9e387e4518ad5f0004d8cbb1138b3cae4f1ab61edc3600a1ad088f0f8b6cf60,git,跳过-Git内部对象,清单及字节哈希,Git存储/元数据不作为业务文档逐字阅读；当前分支及提交另行只读核对。,与开场清单一致,c9e387e4518ad5f0004d8cbb1138b3cae4f1ab61edc3600a1ad088f0f8b6cf60
WorkBuddy,程序\prefab-interior-expert-market\.git\objects\77\b4c9a9f01e62a3eb941edd3edf31ed3e34d90d,D:\WorkBuddy\01_活跃项目\装配式装修技术专家包\程序\prefab-interior-expert-market\.git\objects\77\b4c9a9f01e62a3eb941edd3edf31ed3e34d90d,412,f36ab6f1d7e678d81e7ddf04143a32cc10eb32fa07fa76c7f50d8cdb94db9f2a,git,跳过-Git内部对象,清单及字节哈希,Git存储/元数据不作为业务文档逐字阅读；当前分支及提交另行只读核对。,与开场清单一致,f36ab6f1d7e678d81e7ddf04143a32cc10eb32fa07fa76c7f50d8cdb94db9f2a
WorkBuddy,程序\prefab-interior-expert-market\.git\objects\79\dea91684b6de2033addf4bc93748a26437fbd2,D:\WorkBuddy\01_活跃项目\装配式装修技术专家包\程序\prefab-interior-expert-market\.git\objects\79\dea91684b6de2033addf4bc93748a26437fbd2,90,849a4fd97a3d4ce3fab71931831d3876028465407d43ff959a32a4bd9c13a381,git,跳过-Git内部对象,清单及字节哈希,Git存储/元数据不作为业务文档逐字阅读；当前分支及提交另行只读核对。,与开场清单一致,849a4fd97a3d4ce3fab71931831d3876028465407d43ff959a32a4bd9c13a381
WorkBuddy,程序\prefab-interior-expert-market\.git\objects\7a\05f3231501cd67708b28e84f104250a5be607d,D:\WorkBuddy\01_活跃项目\装配式装修技术专家包\程序\prefab-interior-expert-market\.git\objects\7a\05f3231501cd67708b28e84f104250a5be607d,7492,19e34697112145870a45daab5d30c6fa19092bfeb8c0662f4a35117f676a9042,git,跳过-Git内部对象,清单及字节哈希,Git存储/元数据不作为业务文档逐字阅读；当前分支及提交另行只读核对。,与开场清单一致,19e34697112145870a45daab5d30c6fa19092bfeb8c0662f4a35117f676a9042
WorkBuddy,程序\prefab-interior-expert-market\.git\objects\7a\dd5cf97c6a42f8e4e2154f768067f8684d4730,D:\WorkBuddy\01_活跃项目\装配式装修技术专家包\程序\prefab-interior-expert-market\.git\objects\7a\dd5cf97c6a42f8e4e2154f768067f8684d4730,105,d4607770bdf8a825885d86285b0ea2eeb81617a5607132bf0c385fc3562a4361,git,跳过-Git内部对象,清单及字节哈希,Git存储/元数据不作为业务文档逐字阅读；当前分支及提交另行只读核对。,与开场清单一致,d4607770bdf8a825885d86285b0ea2eeb81617a5607132bf0c385fc3562a4361
WorkBuddy,程序\prefab-interior-expert-market\.git\objects\7d\971e3f1559366b41b45e31288a068d011b10d5,D:\WorkBuddy\01_活跃项目\装配式装修技术专家包\程序\prefab-interior-expert-market\.git\objects\7d\971e3f1559366b41b45e31288a068d011b10d5,194,23337e897ee095dca1055c7b324bb5c46736954c4a5b4efa46869958d84ebc13,git,跳过-Git内部对象,清单及字节哈希,Git存储/元数据不作为业务文档逐字阅读；当前分支及提交另行只读核对。,与开场清单一致,23337e897ee095dca1055c7b324bb5c46736954c4a5b4efa46869958d84ebc13
WorkBuddy,程序\prefab-interior-expert-market\.git\objects\7e\87c59ef2d9a7091363feb0c3c6cc955f9ea95f,D:\WorkBuddy\01_活跃项目\装配式装修技术专家包\程序\prefab-interior-expert-market\.git\objects\7e\87c59ef2d9a7091363feb0c3c6cc955f9ea95f,4740,e2bf64d481232335128d9c091c88db4884c223e8dbf8adda02f2070418a117ec,git,跳过-Git内部对象,清单及字节哈希,Git存储/元数据不作为业务文档逐字阅读；当前分支及提交另行只读核对。,与开场清单一致,e2bf64d481232335128d9c091c88db4884c223e8dbf8adda02f2070418a117ec
WorkBuddy,程序\prefab-interior-expert-market\.git\objects\83\17e7486fce53cd477626cfc926d6d0cbcc7d62,D:\WorkBuddy\01_活跃项目\装配式装修技术专家包\程序\prefab-interior-expert-market\.git\objects\83\17e7486fce53cd477626cfc926d6d0cbcc7d62,3269,3c5149d419d24162bda8d8755d595756d926d40d07a7b3f2c7e3cdcceb7a393c,git,跳过-Git内部对象,清单及字节哈希,Git存储/元数据不作为业务文档逐字阅读；当前分支及提交另行只读核对。,与开场清单一致,3c5149d419d24162bda8d8755d595756d926d40d07a7b3f2c7e3cdcceb7a393c
WorkBuddy,程序\prefab-interior-expert-market\.git\objects\84\135a653df036fb88bf390b640dd0252f2d8886,D:\WorkBuddy\01_活跃项目\装配式装修技术专家包\程序\prefab-interior-expert-market\.git\objects\84\135a653df036fb88bf390b640dd0252f2d8886,18876,2f620233e1fbb88be3212ebd863bc1ec1dac73ee35535ce1696bd922b3fe2a02,git,跳过-Git内部对象,清单及字节哈希,Git存储/元数据不作为业务文档逐字阅读；当前分支及提交另行只读核对。,与开场清单一致,2f620233e1fbb88be3212ebd863bc1ec1dac73ee35535ce1696bd922b3fe2a02
WorkBuddy,程序\prefab-interior-expert-market\.git\objects\89\f60c0d0ffb3f97e73ef5ba94187bb05a919984,D:\WorkBuddy\01_活跃项目\装配式装修技术专家包\程序\prefab-interior-expert-market\.git\objects\89\f60c0d0ffb3f97e73ef5ba94187bb05a919984,8510,c296cf90e0b95d4e41b3697925e013edb955d2fd344d5dc1d69af5f681e6d552,git,跳过-Git内部对象,清单及字节哈希,Git存储/元数据不作为业务文档逐字阅读；当前分支及提交另行只读核对。,与开场清单一致,c296cf90e0b95d4e41b3697925e013edb955d2fd344d5dc1d69af5f681e6d552
WorkBuddy,程序\prefab-interior-expert-market\.git\objects\8a\4aab3379ecd2f4382432fc3a96377fc157d84c,D:\WorkBuddy\01_活跃项目\装配式装修技术专家包\程序\prefab-interior-expert-market\.git\objects\8a\4aab3379ecd2f4382432fc3a96377fc157d84c,70667,e9d1453d1e2d3c6632784f4ebd5fd8505a2a29c6e818edabab7f09feccefb422,git,跳过-Git内部对象,清单及字节哈希,Git存储/元数据不作为业务文档逐字阅读；当前分支及提交另行只读核对。,与开场清单一致,e9d1453d1e2d3c6632784f4ebd5fd8505a2a29c6e818edabab7f09feccefb422
WorkBuddy,程序\prefab-interior-expert-market\.git\objects\8a\59c63944fd788df04bbd079cb1aed95b986613,D:\WorkBuddy\01_活跃项目\装配式装修技术专家包\程序\prefab-interior-expert-market\.git\objects\8a\59c63944fd788df04bbd079cb1aed95b986613,19966,db6a1dedba8a9d3e362f8d8c6f4788aee7ebb2c2d2e67466a40e8dc184b351ea,git,跳过-Git内部对象,清单及字节哈希,Git存储/元数据不作为业务文档逐字阅读；当前分支及提交另行只读核对。,与开场清单一致,db6a1dedba8a9d3e362f8d8c6f4788aee7ebb2c2d2e67466a40e8dc184b351ea
WorkBuddy,程序\prefab-interior-expert-market\.git\objects\8c\4bab5a87e2e6a76504a79f56f7e663f016f328,D:\WorkBuddy\01_活跃项目\装配式装修技术专家包\程序\prefab-interior-expert-market\.git\objects\8c\4bab5a87e2e6a76504a79f56f7e663f016f328,1402,09e54278b83bb864954fb13bcaef5ed252b9139a4c2313ae4d1874aa652d045e,git,跳过-Git内部对象,清单及字节哈希,Git存储/元数据不作为业务文档逐字阅读；当前分支及提交另行只读核对。,与开场清单一致,09e54278b83bb864954fb13bcaef5ed252b9139a4c2313ae4d1874aa652d045e
WorkBuddy,程序\prefab-interior-expert-market\.git\objects\8d\b29a2bb729d58f2bbc28a951f6b8eb261f2395,D:\WorkBuddy\01_活跃项目\装配式装修技术专家包\程序\prefab-interior-expert-market\.git\objects\8d\b29a2bb729d58f2bbc28a951f6b8eb261f2395,194,1e83105554764760a5816d428d0c51c7e017b3d0352e9e696e647d7c2ea5afb6,git,跳过-Git内部对象,清单及字节哈希,Git存储/元数据不作为业务文档逐字阅读；当前分支及提交另行只读核对。,与开场清单一致,1e83105554764760a5816d428d0c51c7e017b3d0352e9e696e647d7c2ea5afb6
WorkBuddy,程序\prefab-interior-expert-market\.git\objects\93\a8156f7ad0a2c078a85cfd1c7e9865f5cdd365,D:\WorkBuddy\01_活跃项目\装配式装修技术专家包\程序\prefab-interior-expert-market\.git\objects\93\a8156f7ad0a2c078a85cfd1c7e9865f5cdd365,89,c0725929d14d69f516cae9b27fcd629c4b236c3afedbedbdd7f1a110a32e7fc8,git,跳过-Git内部对象,清单及字节哈希,Git存储/元数据不作为业务文档逐字阅读；当前分支及提交另行只读核对。,与开场清单一致,c0725929d14d69f516cae9b27fcd629c4b236c3afedbedbdd7f1a110a32e7fc8
WorkBuddy,程序\prefab-interior-expert-market\.git\objects\98\8ca8e362a85dd10d75587efafc5c00d4feeb38,D:\WorkBuddy\01_活跃项目\装配式装修技术专家包\程序\prefab-interior-expert-market\.git\objects\98\8ca8e362a85dd10d75587efafc5c00d4feeb38,65,0cdb8d8ee271ddf45b08dfe7232635c3ac43a193452f8f8f4b905a07d2cf7e8c,git,跳过-Git内部对象,清单及字节哈希,Git存储/元数据不作为业务文档逐字阅读；当前分支及提交另行只读核对。,与开场清单一致,0cdb8d8ee271ddf45b08dfe7232635c3ac43a193452f8f8f4b905a07d2cf7e8c
WorkBuddy,程序\prefab-interior-expert-market\.git\objects\98\bb75cefeac7ac9e668001fcacdd045919e32cb,D:\WorkBuddy\01_活跃项目\装配式装修技术专家包\程序\prefab-interior-expert-market\.git\objects\98\bb75cefeac7ac9e668001fcacdd045919e32cb,3444,ce472ba4a3ac50bc4c1dab68cb04b779be4ae3e6c45a4435e4b6b0526974d2af,git,跳过-Git内部对象,清单及字节哈希,Git存储/元数据不作为业务文档逐字阅读；当前分支及提交另行只读核对。,与开场清单一致,ce472ba4a3ac50bc4c1dab68cb04b779be4ae3e6c45a4435e4b6b0526974d2af
WorkBuddy,程序\prefab-interior-expert-market\.git\objects\9b\7c2ac5a37a2463197b633208e06154fb26f926,D:\WorkBuddy\01_活跃项目\装配式装修技术专家包\程序\prefab-interior-expert-market\.git\objects\9b\7c2ac5a37a2463197b633208e06154fb26f926,67,f9314e865756430cd841bdc22480e06fb1e3ff8e166330e9a6fbe56f887e1050,git,跳过-Git内部对象,清单及字节哈希,Git存储/元数据不作为业务文档逐字阅读；当前分支及提交另行只读核对。,与开场清单一致,f9314e865756430cd841bdc22480e06fb1e3ff8e166330e9a6fbe56f887e1050
WorkBuddy,程序\prefab-interior-expert-market\.git\objects\9b\cd057075c9396f5e1262266fea3ac26d3e7feb,D:\WorkBuddy\01_活跃项目\装配式装修技术专家包\程序\prefab-interior-expert-market\.git\objects\9b\cd057075c9396f5e1262266fea3ac26d3e7feb,89,e0ada03fbf99d6a39f9a1ccc77f943c6f44b8e94f881c85c29a2e2347c3a4673,git,跳过-Git内部对象,清单及字节哈希,Git存储/元数据不作为业务文档逐字阅读；当前分支及提交另行只读核对。,与开场清单一致,e0ada03fbf99d6a39f9a1ccc77f943c6f44b8e94f881c85c29a2e2347c3a4673
WorkBuddy,程序\prefab-interior-expert-market\.git\objects\9d\38048de4b0e85b18749b019ad0535279929471,D:\WorkBuddy\01_活跃项目\装配式装修技术专家包\程序\prefab-interior-expert-market\.git\objects\9d\38048de4b0e85b18749b019ad0535279929471,90,07e0dc918efeec2474065b94fbd6b792aa7998fed9a9edeb22170d9dbf0d3d58,git,跳过-Git内部对象,清单及字节哈希,Git存储/元数据不作为业务文档逐字阅读；当前分支及提交另行只读核对。,与开场清单一致,07e0dc918efeec2474065b94fbd6b792aa7998fed9a9edeb22170d9dbf0d3d58
WorkBuddy,程序\prefab-interior-expert-market\.git\objects\9f\5d3dfbddbe2138ecc770d0510de3f00c8744d0,D:\WorkBuddy\01_活跃项目\装配式装修技术专家包\程序\prefab-interior-expert-market\.git\objects\9f\5d3dfbddbe2138ecc770d0510de3f00c8744d0,64,3efca7f5ab63bc99aff5bcca2369631a0a2af3034a9c1e58881577ab69d145d7,git,跳过-Git内部对象,清单及字节哈希,Git存储/元数据不作为业务文档逐字阅读；当前分支及提交另行只读核对。,与开场清单一致,3efca7f5ab63bc99aff5bcca2369631a0a2af3034a9c1e58881577ab69d145d7
WorkBuddy,程序\prefab-interior-expert-market\.git\objects\a3\841054586d4b17ef411a1cc124eb5b46f63441,D:\WorkBuddy\01_活跃项目\装配式装修技术专家包\程序\prefab-interior-expert-market\.git\objects\a3\841054586d4b17ef411a1cc124eb5b46f63441,106,3182da8a19fa85338e0e6e5b3b0e4a9e67c0598653e3423f11aec24d35298edd,git,跳过-Git内部对象,清单及字节哈希,Git存储/元数据不作为业务文档逐字阅读；当前分支及提交另行只读核对。,与开场清单一致,3182da8a19fa85338e0e6e5b3b0e4a9e67c0598653e3423f11aec24d35298edd
WorkBuddy,程序\prefab-interior-expert-market\.git\objects\a4\b9266d97e62113a9ec4a9a5cdd6fab4ff86887,D:\WorkBuddy\01_活跃项目\装配式装修技术专家包\程序\prefab-interior-expert-market\.git\objects\a4\b9266d97e62113a9ec4a9a5cdd6fab4ff86887,7305,6c441234c647b0ff8de1c760c65830c527dac16cc1d66984578d7e1fa5da08f1,git,跳过-Git内部对象,清单及字节哈希,Git存储/元数据不作为业务文档逐字阅读；当前分支及提交另行只读核对。,与开场清单一致,6c441234c647b0ff8de1c760c65830c527dac16cc1d66984578d7e1fa5da08f1
WorkBuddy,程序\prefab-interior-expert-market\.git\objects\a4\f751fec570c22cd03933b03bc030231cf6a78c,D:\WorkBuddy\01_活跃项目\装配式装修技术专家包\程序\prefab-interior-expert-market\.git\objects\a4\f751fec570c22cd03933b03bc030231cf6a78c,67,be9506e7ab5a6dfc38b49410879abaf53b611c9be5c696cc146e47e3ccecbebf,git,跳过-Git内部对象,清单及字节哈希,Git存储/元数据不作为业务文档逐字阅读；当前分支及提交另行只读核对。,与开场清单一致,be9506e7ab5a6dfc38b49410879abaf53b611c9be5c696cc146e47e3ccecbebf
WorkBuddy,程序\prefab-interior-expert-market\.git\objects\a6\fcf05a5a22266a321a801ae2933736b2380101,D:\WorkBuddy\01_活跃项目\装配式装修技术专家包\程序\prefab-interior-expert-market\.git\objects\a6\fcf05a5a22266a321a801ae2933736b2380101,217,9252a62141cfd97e079442acbb6c94b2298f69bb76e2fa169327a13e9c4b5ed6,git,跳过-Git内部对象,清单及字节哈希,Git存储/元数据不作为业务文档逐字阅读；当前分支及提交另行只读核对。,与开场清单一致,9252a62141cfd97e079442acbb6c94b2298f69bb76e2fa169327a13e9c4b5ed6
WorkBuddy,程序\prefab-interior-expert-market\.git\objects\aa\739c29e33b144cf18150c4ee68c7eacb738e63,D:\WorkBuddy\01_活跃项目\装配式装修技术专家包\程序\prefab-interior-expert-market\.git\objects\aa\739c29e33b144cf18150c4ee68c7eacb738e63,218,fdf14b8ec50f972a625d958dafb149848584c0ea303fd3dd38d45ab82210f0ca,git,跳过-Git内部对象,清单及字节哈希,Git存储/元数据不作为业务文档逐字阅读；当前分支及提交另行只读核对。,与开场清单一致,fdf14b8ec50f972a625d958dafb149848584c0ea303fd3dd38d45ab82210f0ca
WorkBuddy,程序\prefab-interior-expert-market\.git\objects\ac\0ffc13fea118bd4db0f2ec6031f7db1a71a113,D:\WorkBuddy\01_活跃项目\装配式装修技术专家包\程序\prefab-interior-expert-market\.git\objects\ac\0ffc13fea118bd4db0f2ec6031f7db1a71a113,21974,b4149054ef4e95aa02aea127d76ff65fc6edb13c74f75c597fc9a97baa228818,git,跳过-Git内部对象,清单及字节哈希,Git存储/元数据不作为业务文档逐字阅读；当前分支及提交另行只读核对。,与开场清单一致,b4149054ef4e95aa02aea127d76ff65fc6edb13c74f75c597fc9a97baa228818
WorkBuddy,程序\prefab-interior-expert-market\.git\objects\ac\db3f03901386e6f600f5e7f8e836c7c4e77043,D:\WorkBuddy\01_活跃项目\装配式装修技术专家包\程序\prefab-interior-expert-market\.git\objects\ac\db3f03901386e6f600f5e7f8e836c7c4e77043,7145,2cc02c4e7ec05083db99634a3ddd0cee2fed6dd0d562b4d07ca8b11a3c9553f6,git,跳过-Git内部对象,清单及字节哈希,Git存储/元数据不作为业务文档逐字阅读；当前分支及提交另行只读核对。,与开场清单一致,2cc02c4e7ec05083db99634a3ddd0cee2fed6dd0d562b4d07ca8b11a3c9553f6
WorkBuddy,程序\prefab-interior-expert-market\.git\objects\ae\3b62c090848aa637a676c03dc86e14731772df,D:\WorkBuddy\01_活跃项目\装配式装修技术专家包\程序\prefab-interior-expert-market\.git\objects\ae\3b62c090848aa637a676c03dc86e14731772df,195,d300645102e3061046efe9a8b38610adfb413b5c5fc396cd00c90649b9272b55,git,跳过-Git内部对象,清单及字节哈希,Git存储/元数据不作为业务文档逐字阅读；当前分支及提交另行只读核对。,与开场清单一致,d300645102e3061046efe9a8b38610adfb413b5c5fc396cd00c90649b9272b55
WorkBuddy,程序\prefab-interior-expert-market\.git\objects\b4\5030b56e67008f1b9bc5424194bc799e46d800,D:\WorkBuddy\01_活跃项目\装配式装修技术专家包\程序\prefab-interior-expert-market\.git\objects\b4\5030b56e67008f1b9bc5424194bc799e46d800,928,cc51e9879aaa42285fa23da5cdcdc05024df60fc4b114b2c98d58af873c69806,git,跳过-Git内部对象,清单及字节哈希,Git存储/元数据不作为业务文档逐字阅读；当前分支及提交另行只读核对。,与开场清单一致,cc51e9879aaa42285fa23da5cdcdc05024df60fc4b114b2c98d58af873c69806
WorkBuddy,程序\prefab-interior-expert-market\.git\objects\b7\79869748aa1b15c2591231194be867d7c0f8d1,D:\WorkBuddy\01_活跃项目\装配式装修技术专家包\程序\prefab-interior-expert-market\.git\objects\b7\79869748aa1b15c2591231194be867d7c0f8d1,194,e99cee3c8ddab287f210659d7825b939b069042e35022bf45aa8dd21d8b369dd,git,跳过-Git内部对象,清单及字节哈希,Git存储/元数据不作为业务文档逐字阅读；当前分支及提交另行只读核对。,与开场清单一致,e99cee3c8ddab287f210659d7825b939b069042e35022bf45aa8dd21d8b369dd
WorkBuddy,程序\prefab-interior-expert-market\.git\objects\ba\3fe23da7c9d87864ae3274aaea45ece828d852,D:\WorkBuddy\01_活跃项目\装配式装修技术专家包\程序\prefab-interior-expert-market\.git\objects\ba\3fe23da7c9d87864ae3274aaea45ece828d852,218,21add6fce46cda2a590abe7feecce853741ae3dbd000171d2240f6d61f9ac3c0,git,跳过-Git内部对象,清单及字节哈希,Git存储/元数据不作为业务文档逐字阅读；当前分支及提交另行只读核对。,与开场清单一致,21add6fce46cda2a590abe7feecce853741ae3dbd000171d2240f6d61f9ac3c0
WorkBuddy,程序\prefab-interior-expert-market\.git\objects\bb\49f4b81b0f35cb631640e30f5cf59c743a486e,D:\WorkBuddy\01_活跃项目\装配式装修技术专家包\程序\prefab-interior-expert-market\.git\objects\bb\49f4b81b0f35cb631640e30f5cf59c743a486e,747,a473f7538d93951adb6b9a7977c2fa41c38df8aac09e60eb0d0cb8e6cfe061f3,git,跳过-Git内部对象,清单及字节哈希,Git存储/元数据不作为业务文档逐字阅读；当前分支及提交另行只读核对。,与开场清单一致,a473f7538d93951adb6b9a7977c2fa41c38df8aac09e60eb0d0cb8e6cfe061f3
WorkBuddy,程序\prefab-interior-expert-market\.git\objects\bc\cf44756d486e195399c006bfbc565119d04864,D:\WorkBuddy\01_活跃项目\装配式装修技术专家包\程序\prefab-interior-expert-market\.git\objects\bc\cf44756d486e195399c006bfbc565119d04864,6645,239797aeb963522af49a2b61e09de8d55bc01a58cac240118ed8e45466b222c6,git,跳过-Git内部对象,清单及字节哈希,Git存储/元数据不作为业务文档逐字阅读；当前分支及提交另行只读核对。,与开场清单一致,239797aeb963522af49a2b61e09de8d55bc01a58cac240118ed8e45466b222c6
WorkBuddy,程序\prefab-interior-expert-market\.git\objects\c0\52d7733fab49d1ef9196d37064a7b24d194929,D:\WorkBuddy\01_活跃项目\装配式装修技术专家包\程序\prefab-interior-expert-market\.git\objects\c0\52d7733fab49d1ef9196d37064a7b24d194929,17440,56f1f8f40b2c9b017735fbbead97a5e5898efa57122bad4bf126e680aedac042,git,跳过-Git内部对象,清单及字节哈希,Git存储/元数据不作为业务文档逐字阅读；当前分支及提交另行只读核对。,与开场清单一致,56f1f8f40b2c9b017735fbbead97a5e5898efa57122bad4bf126e680aedac042
WorkBuddy,程序\prefab-interior-expert-market\.git\objects\c7\3848b5ab5f44c953857354be5607442900c8be,D:\WorkBuddy\01_活跃项目\装配式装修技术专家包\程序\prefab-interior-expert-market\.git\objects\c7\3848b5ab5f44c953857354be5607442900c8be,64,66d23d92e787d5dec7eb09c3e10296df5819086bc13c40c030cd082097db95fe,git,跳过-Git内部对象,清单及字节哈希,Git存储/元数据不作为业务文档逐字阅读；当前分支及提交另行只读核对。,与开场清单一致,66d23d92e787d5dec7eb09c3e10296df5819086bc13c40c030cd082097db95fe
WorkBuddy,程序\prefab-interior-expert-market\.git\objects\c9\44ac578520613a691ed5c3950af9c765dbdd02,D:\WorkBuddy\01_活跃项目\装配式装修技术专家包\程序\prefab-interior-expert-market\.git\objects\c9\44ac578520613a691ed5c3950af9c765dbdd02,369,78544f0489430032ef8f217b997c7048f2a4c39710324b0cd74d71ea57478aa7,git,跳过-Git内部对象,清单及字节哈希,Git存储/元数据不作为业务文档逐字阅读；当前分支及提交另行只读核对。,与开场清单一致,78544f0489430032ef8f217b997c7048f2a4c39710324b0cd74d71ea57478aa7
WorkBuddy,程序\prefab-interior-expert-market\.git\objects\c9\bacd8efc8a0ab8adb6646d1e5c0ebd666c0b2b,D:\WorkBuddy\01_活跃项目\装配式装修技术专家包\程序\prefab-interior-expert-market\.git\objects\c9\bacd8efc8a0ab8adb6646d1e5c0ebd666c0b2b,217,2cd47ca74c0e2c205351cc63dca51a454c9c81f724fcf3122d77c0e75d09c7d7,git,跳过-Git内部对象,清单及字节哈希,Git存储/元数据不作为业务文档逐字阅读；当前分支及提交另行只读核对。,与开场清单一致,2cd47ca74c0e2c205351cc63dca51a454c9c81f724fcf3122d77c0e75d09c7d7
WorkBuddy,程序\prefab-interior-expert-market\.git\objects\ca\c4574dfc7e4b5af8bbfaf8e6ab7533b6875c1d,D:\WorkBuddy\01_活跃项目\装配式装修技术专家包\程序\prefab-interior-expert-market\.git\objects\ca\c4574dfc7e4b5af8bbfaf8e6ab7533b6875c1d,67,566c77e1b39fbd2deea533f7c07e4c0fc4d1cb6c0ce95767737ae809efaca977,git,跳过-Git内部对象,清单及字节哈希,Git存储/元数据不作为业务文档逐字阅读；当前分支及提交另行只读核对。,与开场清单一致,566c77e1b39fbd2deea533f7c07e4c0fc4d1cb6c0ce95767737ae809efaca977
WorkBuddy,程序\prefab-interior-expert-market\.git\objects\cb\51f676abfcfddd9c2f9cfab41a3a2c97fea0d1,D:\WorkBuddy\01_活跃项目\装配式装修技术专家包\程序\prefab-interior-expert-market\.git\objects\cb\51f676abfcfddd9c2f9cfab41a3a2c97fea0d1,370,4879f8351746057153b5756f4a655423116698872ff7f0126ae8a9c5ed0bc4cd,git,跳过-Git内部对象,清单及字节哈希,Git存储/元数据不作为业务文档逐字阅读；当前分支及提交另行只读核对。,与开场清单一致,4879f8351746057153b5756f4a655423116698872ff7f0126ae8a9c5ed0bc4cd
WorkBuddy,程序\prefab-interior-expert-market\.git\objects\cb\b486aecbeba6f7c77334d582f8229a8166e441,D:\WorkBuddy\01_活跃项目\装配式装修技术专家包\程序\prefab-interior-expert-market\.git\objects\cb\b486aecbeba6f7c77334d582f8229a8166e441,63244,43c6448cc496e36e3663040837c4bf4c33232fb5fe9b9959d92136c54aea1033,git,跳过-Git内部对象,清单及字节哈希,Git存储/元数据不作为业务文档逐字阅读；当前分支及提交另行只读核对。,与开场清单一致,43c6448cc496e36e3663040837c4bf4c33232fb5fe9b9959d92136c54aea1033
WorkBuddy,程序\prefab-interior-expert-market\.git\objects\cf\99789032d60a99bbfcaac4313e0127b0f113c3,D:\WorkBuddy\01_活跃项目\装配式装修技术专家包\程序\prefab-interior-expert-market\.git\objects\cf\99789032d60a99bbfcaac4313e0127b0f113c3,6957,a0c4a40eb5657b2ba48b74bf592a95a37dd2d3354952d6bc68e27259c3d7458b,git,跳过-Git内部对象,清单及字节哈希,Git存储/元数据不作为业务文档逐字阅读；当前分支及提交另行只读核对。,与开场清单一致,a0c4a40eb5657b2ba48b74bf592a95a37dd2d3354952d6bc68e27259c3d7458b
WorkBuddy,程序\prefab-interior-expert-market\.git\objects\d1\082bdbe0ec3103838cbb207fec4858aa0c3b2c,D:\WorkBuddy\01_活跃项目\装配式装修技术专家包\程序\prefab-interior-expert-market\.git\objects\d1\082bdbe0ec3103838cbb207fec4858aa0c3b2c,7097,beeae11c388db72e9736c91bfced74835a521ad46b906235586ac2ecd0023be3,git,跳过-Git内部对象,清单及字节哈希,Git存储/元数据不作为业务文档逐字阅读；当前分支及提交另行只读核对。,与开场清单一致,beeae11c388db72e9736c91bfced74835a521ad46b906235586ac2ecd0023be3
WorkBuddy,程序\prefab-interior-expert-market\.git\objects\d4\c3e5a09406decfeb5a1b87dd34540d982104aa,D:\WorkBuddy\01_活跃项目\装配式装修技术专家包\程序\prefab-interior-expert-market\.git\objects\d4\c3e5a09406decfeb5a1b87dd34540d982104aa,11725,2b85592e621668aad4f47f45c9ce76b66cc3e5bc3cab48336dfd3d3fa4a14cc9,git,跳过-Git内部对象,清单及字节哈希,Git存储/元数据不作为业务文档逐字阅读；当前分支及提交另行只读核对。,与开场清单一致,2b85592e621668aad4f47f45c9ce76b66cc3e5bc3cab48336dfd3d3fa4a14cc9
WorkBuddy,程序\prefab-interior-expert-market\.git\objects\da\61d9e419058525bcb90dcf62aaf78cfb9d8343,D:\WorkBuddy\01_活跃项目\装配式装修技术专家包\程序\prefab-interior-expert-market\.git\objects\da\61d9e419058525bcb90dcf62aaf78cfb9d8343,217,834abf8b86b3273ee8bee3fe60ebe353623b774753e114fde80209fdc0737dd8,git,跳过-Git内部对象,清单及字节哈希,Git存储/元数据不作为业务文档逐字阅读；当前分支及提交另行只读核对。,与开场清单一致,834abf8b86b3273ee8bee3fe60ebe353623b774753e114fde80209fdc0737dd8
WorkBuddy,程序\prefab-interior-expert-market\.git\objects\db\9f4fd1e13ef5c402e9ab558197ea1703f184a5,D:\WorkBuddy\01_活跃项目\装配式装修技术专家包\程序\prefab-interior-expert-market\.git\objects\db\9f4fd1e13ef5c402e9ab558197ea1703f184a5,67,bb8830cfc5aeb2b55318e276f67ffdf5a05e1164ef1b9043e547fecb31d84a3a,git,跳过-Git内部对象,清单及字节哈希,Git存储/元数据不作为业务文档逐字阅读；当前分支及提交另行只读核对。,与开场清单一致,bb8830cfc5aeb2b55318e276f67ffdf5a05e1164ef1b9043e547fecb31d84a3a
WorkBuddy,程序\prefab-interior-expert-market\.git\objects\db\ed01d3a4a187baa438787e416b2899d2f7cfdd,D:\WorkBuddy\01_活跃项目\装配式装修技术专家包\程序\prefab-interior-expert-market\.git\objects\db\ed01d3a4a187baa438787e416b2899d2f7cfdd,195,2803c9e59188baafba4704c27db7b0c385cbd4361f859aa02437b46bdc76595c,git,跳过-Git内部对象,清单及字节哈希,Git存储/元数据不作为业务文档逐字阅读；当前分支及提交另行只读核对。,与开场清单一致,2803c9e59188baafba4704c27db7b0c385cbd4361f859aa02437b46bdc76595c
WorkBuddy,程序\prefab-interior-expert-market\.git\objects\dc\e7006d7527231ce4b0c1e226eb3514f99ec2d5,D:\WorkBuddy\01_活跃项目\装配式装修技术专家包\程序\prefab-interior-expert-market\.git\objects\dc\e7006d7527231ce4b0c1e226eb3514f99ec2d5,64,1bb75ba5833790037edc2814f41300df030d97fdb740526be168a14ccd701893,git,跳过-Git内部对象,清单及字节哈希,Git存储/元数据不作为业务文档逐字阅读；当前分支及提交另行只读核对。,与开场清单一致,1bb75ba5833790037edc2814f41300df030d97fdb740526be168a14ccd701893
WorkBuddy,程序\prefab-interior-expert-market\.git\objects\e0\2e962f38c6090def803233ee0cc947c88feaa1,D:\WorkBuddy\01_活跃项目\装配式装修技术专家包\程序\prefab-interior-expert-market\.git\objects\e0\2e962f38c6090def803233ee0cc947c88feaa1,105,dc61313de99bc48bacb0bcb77a57e8f7c55657d96359f6f8c11f7473e7fc3bee,git,跳过-Git内部对象,清单及字节哈希,Git存储/元数据不作为业务文档逐字阅读；当前分支及提交另行只读核对。,与开场清单一致,dc61313de99bc48bacb0bcb77a57e8f7c55657d96359f6f8c11f7473e7fc3bee
WorkBuddy,程序\prefab-interior-expert-market\.git\objects\e1\7cc0cff0eb735b8c618208ccd76ef0cd740f44,D:\WorkBuddy\01_活跃项目\装配式装修技术专家包\程序\prefab-interior-expert-market\.git\objects\e1\7cc0cff0eb735b8c618208ccd76ef0cd740f44,4157,1b068dda83203126fc4928a2e4d37abec0b86f679a5965d797fadfd9e388109f,git,跳过-Git内部对象,清单及字节哈希,Git存储/元数据不作为业务文档逐字阅读；当前分支及提交另行只读核对。,与开场清单一致,1b068dda83203126fc4928a2e4d37abec0b86f679a5965d797fadfd9e388109f
WorkBuddy,程序\prefab-interior-expert-market\.git\objects\e1\9ae8651effb66c19fd9bbd1a9178420c4ab08d,D:\WorkBuddy\01_活跃项目\装配式装修技术专家包\程序\prefab-interior-expert-market\.git\objects\e1\9ae8651effb66c19fd9bbd1a9178420c4ab08d,67,ec29c6e65aea3be157b831a6d54bb148bc038a9844bf294846ae5feb545c4638,git,跳过-Git内部对象,清单及字节哈希,Git存储/元数据不作为业务文档逐字阅读；当前分支及提交另行只读核对。,与开场清单一致,ec29c6e65aea3be157b831a6d54bb148bc038a9844bf294846ae5feb545c4638
WorkBuddy,程序\prefab-interior-expert-market\.git\objects\e2\4751d12135f120fd3482d19c7c60e55a4e6563,D:\WorkBuddy\01_活跃项目\装配式装修技术专家包\程序\prefab-interior-expert-market\.git\objects\e2\4751d12135f120fd3482d19c7c60e55a4e6563,411,0928c42b44bf6709a98fb4e06eb2032e612eb3ad38ff4d373d9c535093677f0e,git,跳过-Git内部对象,清单及字节哈希,Git存储/元数据不作为业务文档逐字阅读；当前分支及提交另行只读核对。,与开场清单一致,0928c42b44bf6709a98fb4e06eb2032e612eb3ad38ff4d373d9c535093677f0e
WorkBuddy,程序\prefab-interior-expert-market\.git\objects\e3\95149205efe15fd7071cfdab0ca2893994bc35,D:\WorkBuddy\01_活跃项目\装配式装修技术专家包\程序\prefab-interior-expert-market\.git\objects\e3\95149205efe15fd7071cfdab0ca2893994bc35,412,5c0e79adde5517c5f788e7e699e0b7faa6aa78c12b40a236445d00d90d632921,git,跳过-Git内部对象,清单及字节哈希,Git存储/元数据不作为业务文档逐字阅读；当前分支及提交另行只读核对。,与开场清单一致,5c0e79adde5517c5f788e7e699e0b7faa6aa78c12b40a236445d00d90d632921
WorkBuddy,程序\prefab-interior-expert-market\.git\objects\e4\072044f979e7b956993e1f1d7877d80564b1cf,D:\WorkBuddy\01_活跃项目\装配式装修技术专家包\程序\prefab-interior-expert-market\.git\objects\e4\072044f979e7b956993e1f1d7877d80564b1cf,64,74350433017c7b7fa5670895976db4b4fc2503d71bb4e5a5cc724bdd6d0712dd,git,跳过-Git内部对象,清单及字节哈希,Git存储/元数据不作为业务文档逐字阅读；当前分支及提交另行只读核对。,与开场清单一致,74350433017c7b7fa5670895976db4b4fc2503d71bb4e5a5cc724bdd6d0712dd
WorkBuddy,程序\prefab-interior-expert-market\.git\objects\e5\abeaa25699a606095ba7c14b7899c924864c69,D:\WorkBuddy\01_活跃项目\装配式装修技术专家包\程序\prefab-interior-expert-market\.git\objects\e5\abeaa25699a606095ba7c14b7899c924864c69,4022,3e58810b80d8660b9b606d599f8c049e241611a603eabe51c55c1415dd66d31c,git,跳过-Git内部对象,清单及字节哈希,Git存储/元数据不作为业务文档逐字阅读；当前分支及提交另行只读核对。,与开场清单一致,3e58810b80d8660b9b606d599f8c049e241611a603eabe51c55c1415dd66d31c
WorkBuddy,程序\prefab-interior-expert-market\.git\objects\e6\56e428aa9a1962868763a7530e78279691ae39,D:\WorkBuddy\01_活跃项目\装配式装修技术专家包\程序\prefab-interior-expert-market\.git\objects\e6\56e428aa9a1962868763a7530e78279691ae39,5694,ce132b7c132aa4ea9922425d5ad4be1f1da6328d59b260fbe67c48d014cbd7b9,git,跳过-Git内部对象,清单及字节哈希,Git存储/元数据不作为业务文档逐字阅读；当前分支及提交另行只读核对。,与开场清单一致,ce132b7c132aa4ea9922425d5ad4be1f1da6328d59b260fbe67c48d014cbd7b9
WorkBuddy,程序\prefab-interior-expert-market\.git\objects\e7\b1b2f8176bc6d94175dd097273a4d1ad2d31a8,D:\WorkBuddy\01_活跃项目\装配式装修技术专家包\程序\prefab-interior-expert-market\.git\objects\e7\b1b2f8176bc6d94175dd097273a4d1ad2d31a8,8348,394f884b83000caed0e12db3727933758f41d930c37b4dcb8a2ff453ab7a012a,git,跳过-Git内部对象,清单及字节哈希,Git存储/元数据不作为业务文档逐字阅读；当前分支及提交另行只读核对。,与开场清单一致,394f884b83000caed0e12db3727933758f41d930c37b4dcb8a2ff453ab7a012a
WorkBuddy,程序\prefab-interior-expert-market\.git\objects\e8\4c77dc4a03396eadbacf25cce05854743d10fc,D:\WorkBuddy\01_活跃项目\装配式装修技术专家包\程序\prefab-interior-expert-market\.git\objects\e8\4c77dc4a03396eadbacf25cce05854743d10fc,609,f0ad2011bb080b70415f5f17f92ed13fcf8b5be47a7ed5f48e613b424649a6e1,git,跳过-Git内部对象,清单及字节哈希,Git存储/元数据不作为业务文档逐字阅读；当前分支及提交另行只读核对。,与开场清单一致,f0ad2011bb080b70415f5f17f92ed13fcf8b5be47a7ed5f48e613b424649a6e1
WorkBuddy,程序\prefab-interior-expert-market\.git\objects\e9\30ac90bdcff7e995482d417e8fca9385b42c58,D:\WorkBuddy\01_活跃项目\装配式装修技术专家包\程序\prefab-interior-expert-market\.git\objects\e9\30ac90bdcff7e995482d417e8fca9385b42c58,60938,c9bf005bd2e3c9bba22f7da44b572b841d08a6f065b1ddcca4a73c65f0ecac1d,git,跳过-Git内部对象,清单及字节哈希,Git存储/元数据不作为业务文档逐字阅读；当前分支及提交另行只读核对。,与开场清单一致,c9bf005bd2e3c9bba22f7da44b572b841d08a6f065b1ddcca4a73c65f0ecac1d
WorkBuddy,程序\prefab-interior-expert-market\.git\objects\ea\1d0ad56ad00a024cddc6330aa870780cf05e3e,D:\WorkBuddy\01_活跃项目\装配式装修技术专家包\程序\prefab-interior-expert-market\.git\objects\ea\1d0ad56ad00a024cddc6330aa870780cf05e3e,5188,0bd35755eb32da0320d5a96be05fa564b9df950fda3f962ca0a39e11402f48be,git,跳过-Git内部对象,清单及字节哈希,Git存储/元数据不作为业务文档逐字阅读；当前分支及提交另行只读核对。,与开场清单一致,0bd35755eb32da0320d5a96be05fa564b9df950fda3f962ca0a39e11402f48be
WorkBuddy,程序\prefab-interior-expert-market\.git\objects\eb\08baf217f31e79c1f568009146bdd686d7691f,D:\WorkBuddy\01_活跃项目\装配式装修技术专家包\程序\prefab-interior-expert-market\.git\objects\eb\08baf217f31e79c1f568009146bdd686d7691f,64,b750c62b8a042e9ec399e6c737269281bb79ee66d00ddd8fc28f0e4a237826d4,git,跳过-Git内部对象,清单及字节哈希,Git存储/元数据不作为业务文档逐字阅读；当前分支及提交另行只读核对。,与开场清单一致,b750c62b8a042e9ec399e6c737269281bb79ee66d00ddd8fc28f0e4a237826d4
WorkBuddy,程序\prefab-interior-expert-market\.git\objects\ee\394168e5ed8c5af612cc2191e6a161b9390116,D:\WorkBuddy\01_活跃项目\装配式装修技术专家包\程序\prefab-interior-expert-market\.git\objects\ee\394168e5ed8c5af612cc2191e6a161b9390116,4605,c89300b217d23232b0ede130b0954ad517774a0a4f1ebbb200d9cf947d512ed6,git,跳过-Git内部对象,清单及字节哈希,Git存储/元数据不作为业务文档逐字阅读；当前分支及提交另行只读核对。,与开场清单一致,c89300b217d23232b0ede130b0954ad517774a0a4f1ebbb200d9cf947d512ed6
WorkBuddy,程序\prefab-interior-expert-market\.git\objects\f2\29df61765e6035637742f66313ee214fc9cb7a,D:\WorkBuddy\01_活跃项目\装配式装修技术专家包\程序\prefab-interior-expert-market\.git\objects\f2\29df61765e6035637742f66313ee214fc9cb7a,104,23d7ba0f618348b01a0c7feac843df54a743467d885ecee584e7c197727857ed,git,跳过-Git内部对象,清单及字节哈希,Git存储/元数据不作为业务文档逐字阅读；当前分支及提交另行只读核对。,与开场清单一致,23d7ba0f618348b01a0c7feac843df54a743467d885ecee584e7c197727857ed
WorkBuddy,程序\prefab-interior-expert-market\.git\objects\f3\c936a904b4f0b9a525deadf92aeaf90824c7ed,D:\WorkBuddy\01_活跃项目\装配式装修技术专家包\程序\prefab-interior-expert-market\.git\objects\f3\c936a904b4f0b9a525deadf92aeaf90824c7ed,70,f56dd701affd5690b27a8596c7cd6525317734334e53c5455d2cf5378bc00359,git,跳过-Git内部对象,清单及字节哈希,Git存储/元数据不作为业务文档逐字阅读；当前分支及提交另行只读核对。,与开场清单一致,f56dd701affd5690b27a8596c7cd6525317734334e53c5455d2cf5378bc00359
WorkBuddy,程序\prefab-interior-expert-market\.git\objects\f6\35f0638727088b0c323af697c50947e67300f3,D:\WorkBuddy\01_活跃项目\装配式装修技术专家包\程序\prefab-interior-expert-market\.git\objects\f6\35f0638727088b0c323af697c50947e67300f3,64665,a9294665e80628f6d73ab412f6d28904f451c8545243a0b4e7b84ec705235d5e,git,跳过-Git内部对象,清单及字节哈希,Git存储/元数据不作为业务文档逐字阅读；当前分支及提交另行只读核对。,与开场清单一致,a9294665e80628f6d73ab412f6d28904f451c8545243a0b4e7b84ec705235d5e
WorkBuddy,程序\prefab-interior-expert-market\.git\objects\f7\9e2f4ee98bcb54e63a496fa463f24506e7f8a8,D:\WorkBuddy\01_活跃项目\装配式装修技术专家包\程序\prefab-interior-expert-market\.git\objects\f7\9e2f4ee98bcb54e63a496fa463f24506e7f8a8,64,efe27c6f7905c0868330e47763b870fa5d9deaf2c832ea9d9e2172db7c363395,git,跳过-Git内部对象,清单及字节哈希,Git存储/元数据不作为业务文档逐字阅读；当前分支及提交另行只读核对。,与开场清单一致,efe27c6f7905c0868330e47763b870fa5d9deaf2c832ea9d9e2172db7c363395
WorkBuddy,程序\prefab-interior-expert-market\.git\objects\f7\ad03c15543d3f5f586b133146aa8c0e6100c5a,D:\WorkBuddy\01_活跃项目\装配式装修技术专家包\程序\prefab-interior-expert-market\.git\objects\f7\ad03c15543d3f5f586b133146aa8c0e6100c5a,370,6668d5a6e45143e15fc8cf1893eb97b5dbbfae22c3f22dfb9414756a7019769a,git,跳过-Git内部对象,清单及字节哈希,Git存储/元数据不作为业务文档逐字阅读；当前分支及提交另行只读核对。,与开场清单一致,6668d5a6e45143e15fc8cf1893eb97b5dbbfae22c3f22dfb9414756a7019769a
WorkBuddy,程序\prefab-interior-expert-market\.git\objects\f8\40cd77d80c9e831f6bc1b383a2b2d32c11f4e6,D:\WorkBuddy\01_活跃项目\装配式装修技术专家包\程序\prefab-interior-expert-market\.git\objects\f8\40cd77d80c9e831f6bc1b383a2b2d32c11f4e6,64,988e8524ba6a3a5e7f9429ebbfa16f9372788986aaf3213ddcd7378c6d3beee5,git,跳过-Git内部对象,清单及字节哈希,Git存储/元数据不作为业务文档逐字阅读；当前分支及提交另行只读核对。,与开场清单一致,988e8524ba6a3a5e7f9429ebbfa16f9372788986aaf3213ddcd7378c6d3beee5
WorkBuddy,程序\prefab-interior-expert-market\.git\objects\fa\f89377f5a776f73f11b1ea11b166fef9d788c1,D:\WorkBuddy\01_活跃项目\装配式装修技术专家包\程序\prefab-interior-expert-market\.git\objects\fa\f89377f5a776f73f11b1ea11b166fef9d788c1,4326,753894dfdffe71759391dae506ca3248ffa44f832be62ae6359fe7e6d9158f5b,git,跳过-Git内部对象,清单及字节哈希,Git存储/元数据不作为业务文档逐字阅读；当前分支及提交另行只读核对。,与开场清单一致,753894dfdffe71759391dae506ca3248ffa44f832be62ae6359fe7e6d9158f5b
WorkBuddy,程序\prefab-interior-expert-market\.git\objects\fb\4a19c069fc085033ac7db59e51939c860af9bc,D:\WorkBuddy\01_活跃项目\装配式装修技术专家包\程序\prefab-interior-expert-market\.git\objects\fb\4a19c069fc085033ac7db59e51939c860af9bc,8494,60db1fb70aa219d18088f727c045c4eab107cfe9976919cbbf76ae96604dc61f,git,跳过-Git内部对象,清单及字节哈希,Git存储/元数据不作为业务文档逐字阅读；当前分支及提交另行只读核对。,与开场清单一致,60db1fb70aa219d18088f727c045c4eab107cfe9976919cbbf76ae96604dc61f
WorkBuddy,程序\prefab-interior-expert-market\.git\objects\fb\f66b5258c36b706e8c19a7831c78e30fb418fa,D:\WorkBuddy\01_活跃项目\装配式装修技术专家包\程序\prefab-interior-expert-market\.git\objects\fb\f66b5258c36b706e8c19a7831c78e30fb418fa,369,0c75971a35e67d924f55b0a2f81242b8e95f101cad142be50ebc4433dc954aab,git,跳过-Git内部对象,清单及字节哈希,Git存储/元数据不作为业务文档逐字阅读；当前分支及提交另行只读核对。,与开场清单一致,0c75971a35e67d924f55b0a2f81242b8e95f101cad142be50ebc4433dc954aab
WorkBuddy,程序\prefab-interior-expert-market\.git\objects\fc\163892605fe33b101c4017bba1e684abf2097f,D:\WorkBuddy\01_活跃项目\装配式装修技术专家包\程序\prefab-interior-expert-market\.git\objects\fc\163892605fe33b101c4017bba1e684abf2097f,67,b963caba5988b620b7331691ac8bd1abead4362c8aa5a4d9852085930367f12f,git,跳过-Git内部对象,清单及字节哈希,Git存储/元数据不作为业务文档逐字阅读；当前分支及提交另行只读核对。,与开场清单一致,b963caba5988b620b7331691ac8bd1abead4362c8aa5a4d9852085930367f12f
WorkBuddy,程序\prefab-interior-expert-market\.git\objects\fc\4895d3bc21bf65aae4ba3874f055218e395caa,D:\WorkBuddy\01_活跃项目\装配式装修技术专家包\程序\prefab-interior-expert-market\.git\objects\fc\4895d3bc21bf65aae4ba3874f055218e395caa,798,2f7fba89b41c5c60c0d9ffef1ec8d73331e73744f03f0422748a2299a04b3e3c,git,跳过-Git内部对象,清单及字节哈希,Git存储/元数据不作为业务文档逐字阅读；当前分支及提交另行只读核对。,与开场清单一致,2f7fba89b41c5c60c0d9ffef1ec8d73331e73744f03f0422748a2299a04b3e3c
WorkBuddy,程序\prefab-interior-expert-market\.git\objects\fc\7cb9059e9fea8b436c552e14749c243c881470,D:\WorkBuddy\01_活跃项目\装配式装修技术专家包\程序\prefab-interior-expert-market\.git\objects\fc\7cb9059e9fea8b436c552e14749c243c881470,67,6d672a4eb5db102ec20bd03aa196b46a451e6edb2c4f29b41a48746bfc08649c,git,跳过-Git内部对象,清单及字节哈希,Git存储/元数据不作为业务文档逐字阅读；当前分支及提交另行只读核对。,与开场清单一致,6d672a4eb5db102ec20bd03aa196b46a451e6edb2c4f29b41a48746bfc08649c
WorkBuddy,程序\prefab-interior-expert-market\.git\objects\fd\5758b411224ae5e57a389cb78bf1406eff11e4,D:\WorkBuddy\01_活跃项目\装配式装修技术专家包\程序\prefab-interior-expert-market\.git\objects\fd\5758b411224ae5e57a389cb78bf1406eff11e4,16655,b9fafdde8bf542fa6dd59d5dd2446c7fe3bdd2f67518321fceab5253b1e0aa3b,git,跳过-Git内部对象,清单及字节哈希,Git存储/元数据不作为业务文档逐字阅读；当前分支及提交另行只读核对。,与开场清单一致,b9fafdde8bf542fa6dd59d5dd2446c7fe3bdd2f67518321fceab5253b1e0aa3b
WorkBuddy,程序\prefab-interior-expert-market\.git\objects\fe\4f1e5a3b5f1c7efcfbad3918d36f8f5135726f,D:\WorkBuddy\01_活跃项目\装配式装修技术专家包\程序\prefab-interior-expert-market\.git\objects\fe\4f1e5a3b5f1c7efcfbad3918d36f8f5135726f,90,9c3a037e3b1cc745a174d3d0aaf468cb5b8f3c3e1873ff1bc8a11a4c1cb46b72,git,跳过-Git内部对象,清单及字节哈希,Git存储/元数据不作为业务文档逐字阅读；当前分支及提交另行只读核对。,与开场清单一致,9c3a037e3b1cc745a174d3d0aaf468cb5b8f3c3e1873ff1bc8a11a4c1cb46b72
WorkBuddy,程序\prefab-interior-expert-market\.git\objects\info\packs,D:\WorkBuddy\01_活跃项目\装配式装修技术专家包\程序\prefab-interior-expert-market\.git\objects\info\packs,54,795c26cd2d71afa535cbbddaf575ed9987a639a0af2dc418eb9ca57d39136792,git,跳过-Git内部对象,清单及字节哈希,Git存储/元数据不作为业务文档逐字阅读；当前分支及提交另行只读核对。,与开场清单一致,795c26cd2d71afa535cbbddaf575ed9987a639a0af2dc418eb9ca57d39136792
WorkBuddy,程序\prefab-interior-expert-market\.git\objects\pack\multi-pack-index,D:\WorkBuddy\01_活跃项目\装配式装修技术专家包\程序\prefab-interior-expert-market\.git\objects\pack\multi-pack-index,6852,8cde3b1cb1c27e700820b6a252a0d09be6d3a7725732cba04e434754843a14ed,git,跳过-Git内部对象,清单及字节哈希,Git存储/元数据不作为业务文档逐字阅读；当前分支及提交另行只读核对。,与开场清单一致,8cde3b1cb1c27e700820b6a252a0d09be6d3a7725732cba04e434754843a14ed
WorkBuddy,程序\prefab-interior-expert-market\.git\objects\pack\pack-8e43acc5267b180ab5d8195c9fbcf93394c922bf.idx,D:\WorkBuddy\01_活跃项目\装配式装修技术专家包\程序\prefab-interior-expert-market\.git\objects\pack\pack-8e43acc5267b180ab5d8195c9fbcf93394c922bf.idx,6756,48150102a79a2df9278ac8e014c61376267832a91ef6c536985f717d72a4792d,git,跳过-Git内部对象,清单及字节哈希,Git存储/元数据不作为业务文档逐字阅读；当前分支及提交另行只读核对。,与开场清单一致,48150102a79a2df9278ac8e014c61376267832a91ef6c536985f717d72a4792d
WorkBuddy,程序\prefab-interior-expert-market\.git\objects\pack\pack-8e43acc5267b180ab5d8195c9fbcf93394c922bf.pack,D:\WorkBuddy\01_活跃项目\装配式装修技术专家包\程序\prefab-interior-expert-market\.git\objects\pack\pack-8e43acc5267b180ab5d8195c9fbcf93394c922bf.pack,708722,6500eb8a7ad2d9be61eb6e3ea8a02b51607c1de64c4eaddbb0b18ade0da1007c,git,跳过-Git内部对象,清单及字节哈希,Git存储/元数据不作为业务文档逐字阅读；当前分支及提交另行只读核对。,与开场清单一致,6500eb8a7ad2d9be61eb6e3ea8a02b51607c1de64c4eaddbb0b18ade0da1007c
WorkBuddy,程序\prefab-interior-expert-market\.git\objects\pack\pack-8e43acc5267b180ab5d8195c9fbcf93394c922bf.rev,D:\WorkBuddy\01_活跃项目\装配式装修技术专家包\程序\prefab-interior-expert-market\.git\objects\pack\pack-8e43acc5267b180ab5d8195c9fbcf93394c922bf.rev,864,6ecb837baa360d3df91e85e9cfb18aae960b71b9aba5fa412775bba422cf3d2b,git,跳过-Git内部对象,清单及字节哈希,Git存储/元数据不作为业务文档逐字阅读；当前分支及提交另行只读核对。,与开场清单一致,6ecb837baa360d3df91e85e9cfb18aae960b71b9aba5fa412775bba422cf3d2b
WorkBuddy,程序\prefab-interior-expert-market\.git\refs\heads\master,D:\WorkBuddy\01_活跃项目\装配式装修技术专家包\程序\prefab-interior-expert-market\.git\refs\heads\master,41,2c4f1af2968bc1bf8e01e93f8ccc83ce349644ea14aac9d1d39a730c29009775,git,跳过-Git内部对象,清单及字节哈希,Git存储/元数据不作为业务文档逐字阅读；当前分支及提交另行只读核对。,与开场清单一致,2c4f1af2968bc1bf8e01e93f8ccc83ce349644ea14aac9d1d39a730c29009775
WorkBuddy,程序\prefab-interior-expert-market\.git\refs\remotes\origin\HEAD,D:\WorkBuddy\01_活跃项目\装配式装修技术专家包\程序\prefab-interior-expert-market\.git\refs\remotes\origin\HEAD,32,cdc65e67690c4c6475174e5ec662b70655246a2f3924354778835ab3be70aa76,git,跳过-Git内部对象,清单及字节哈希,Git存储/元数据不作为业务文档逐字阅读；当前分支及提交另行只读核对。,与开场清单一致,cdc65e67690c4c6475174e5ec662b70655246a2f3924354778835ab3be70aa76
WorkBuddy,程序\prefab-interior-expert-market\.git\refs\remotes\origin\master,D:\WorkBuddy\01_活跃项目\装配式装修技术专家包\程序\prefab-interior-expert-market\.git\refs\remotes\origin\master,41,2c4f1af2968bc1bf8e01e93f8ccc83ce349644ea14aac9d1d39a730c29009775,git,跳过-Git内部对象,清单及字节哈希,Git存储/元数据不作为业务文档逐字阅读；当前分支及提交另行只读核对。,与开场清单一致,2c4f1af2968bc1bf8e01e93f8ccc83ce349644ea14aac9d1d39a730c29009775
WorkBuddy,程序\prefab-interior-expert-market\plugins\prefab-interior-expert\README.md,D:\WorkBuddy\01_活跃项目\装配式装修技术专家包\程序\prefab-interior-expert-market\plugins\prefab-interior-expert\README.md,14286,a921499a0ac5fd4308e903f24fe6a0893e4b34bc328b56cd44c03eee1eef90ba,A,完成-全文,源码/配置/文档全文审阅,代理A全文阅读，主代理复核关键结论；未执行同步或发布。,与开场清单一致,a921499a0ac5fd4308e903f24fe6a0893e4b34bc328b56cd44c03eee1eef90ba
WorkBuddy,程序\prefab-interior-expert-market\plugins\prefab-interior-expert\.codebuddy-plugin\plugin.json,D:\WorkBuddy\01_活跃项目\装配式装修技术专家包\程序\prefab-interior-expert-market\plugins\prefab-interior-expert\.codebuddy-plugin\plugin.json,2422,9a9c51f03b278fe0fa4bcc22ad8948b17ec594f266f6c7ad43a99a0f4cdcbf66,A,完成-全文,源码/配置/文档全文审阅,代理A全文阅读，主代理复核关键结论；未执行同步或发布。,与开场清单一致,9a9c51f03b278fe0fa4bcc22ad8948b17ec594f266f6c7ad43a99a0f4cdcbf66
WorkBuddy,程序\prefab-interior-expert-market\plugins\prefab-interior-expert\agents\prefab-interior-expert.md,D:\WorkBuddy\01_活跃项目\装配式装修技术专家包\程序\prefab-interior-expert-market\plugins\prefab-interior-expert\agents\prefab-interior-expert.md,13453,0b4903316fbe099bc8c2206025b10fbe41a659898bb31d27f37aa73b742a90a4,A,完成-全文,源码/配置/文档全文审阅,代理A全文阅读，主代理复核关键结论；未执行同步或发布。,与开场清单一致,0b4903316fbe099bc8c2206025b10fbe41a659898bb31d27f37aa73b742a90a4
WorkBuddy,程序\prefab-interior-expert-market\plugins\prefab-interior-expert\avatars\.gitkeep,D:\WorkBuddy\01_活跃项目\装配式装修技术专家包\程序\prefab-interior-expert-market\plugins\prefab-interior-expert\avatars\.gitkeep,0,e3b0c44298fc1c149afbf4c8996fb92427ae41e4649b934ca495991b7852b855,A,完成-结构,空占位文件确认,0字节目录占位，不计为实质性正文阅读。,与开场清单一致,e3b0c44298fc1c149afbf4c8996fb92427ae41e4649b934ca495991b7852b855
WorkBuddy,程序\prefab-interior-expert-market\plugins\prefab-interior-expert\avatars\expert.png,D:\WorkBuddy\01_活跃项目\装配式装修技术专家包\程序\prefab-interior-expert-market\plugins\prefab-interior-expert\avatars\expert.png,458810,a2e1fde41880e5255beaf3c9e939fa3705b71f239510303db2fff1f5b40b2eaa,A,跳过-非业务头像,清单及字节哈希,未视觉审阅，不影响专业内容及执行链结论。,与开场清单一致,a2e1fde41880e5255beaf3c9e939fa3705b71f239510303db2fff1f5b40b2eaa
WorkBuddy,程序\prefab-interior-expert-market\plugins\prefab-interior-expert\eval\eval-cases.md,D:\WorkBuddy\01_活跃项目\装配式装修技术专家包\程序\prefab-interior-expert-market\plugins\prefab-interior-expert\eval\eval-cases.md,9700,68740ca4b16fb80c29c75fe870348f927231af5c61bea872cea1a1658bd6da1c,A,完成-全文,源码/配置/文档全文审阅,代理A全文阅读，主代理复核关键结论；未执行同步或发布。,与开场清单一致,68740ca4b16fb80c29c75fe870348f927231af5c61bea872cea1a1658bd6da1c
WorkBuddy,程序\prefab-interior-expert-market\plugins\prefab-interior-expert\eval\verify_knowledge_base.py,D:\WorkBuddy\01_活跃项目\装配式装修技术专家包\程序\prefab-interior-expert-market\plugins\prefab-interior-expert\eval\verify_knowledge_base.py,51841,20b33b33681b0a625a607899d86334ae0e14cfa6bb586b447f03b238db87f8c2,A,完成-全文,源码/配置/文档全文审阅,代理A全文阅读，主代理复核关键结论；未执行同步或发布。 Python AST已检查；知识门禁执行被权限阻止，未绕过。,与开场清单一致,20b33b33681b0a625a607899d86334ae0e14cfa6bb586b447f03b238db87f8c2
WorkBuddy,程序\prefab-interior-expert-market\plugins\prefab-interior-expert\skills\prefab-interior-knowledge\SKILL.md,D:\WorkBuddy\01_活跃项目\装配式装修技术专家包\程序\prefab-interior-expert-market\plugins\prefab-interior-expert\skills\prefab-interior-knowledge\SKILL.md,5041,aa4a5074859ac4411d119d74fba2aa0a34d7070cb031db4be81c261566dbe6bc,A,完成-全文,源码/配置/文档全文审阅,代理A全文阅读，主代理复核关键结论；未执行同步或发布。,与开场清单一致,aa4a5074859ac4411d119d74fba2aa0a34d7070cb031db4be81c261566dbe6bc
WorkBuddy,程序\prefab-interior-expert-market\plugins\prefab-interior-expert\skills\prefab-interior-knowledge\references\citation-discipline.md,D:\WorkBuddy\01_活跃项目\装配式装修技术专家包\程序\prefab-interior-expert-market\plugins\prefab-interior-expert\skills\prefab-interior-knowledge\references\citation-discipline.md,25299,4615957f6282e67ea565baea27d55fd042d952c87d0bf00c1db20402cbb349a6,A,完成-全文,源码/配置/文档全文审阅,代理A全文阅读，主代理复核关键结论；未执行同步或发布。,与开场清单一致,4615957f6282e67ea565baea27d55fd042d952c87d0bf00c1db20402cbb349a6
WorkBuddy,程序\prefab-interior-expert-market\plugins\prefab-interior-expert\skills\prefab-interior-knowledge\references\decision-log.md,D:\WorkBuddy\01_活跃项目\装配式装修技术专家包\程序\prefab-interior-expert-market\plugins\prefab-interior-expert\skills\prefab-interior-knowledge\references\decision-log.md,12168,ff5c3560b72278f464d578aae020516ed2a0b36e4fc79b6f1d356b31a65a980d,A,完成-全文,源码/配置/文档全文审阅,代理A全文阅读，主代理复核关键结论；未执行同步或发布。,与开场清单一致,ff5c3560b72278f464d578aae020516ed2a0b36e4fc79b6f1d356b31a65a980d
WorkBuddy,程序\prefab-interior-expert-market\plugins\prefab-interior-expert\skills\prefab-interior-knowledge\references\ima-standards-library.md,D:\WorkBuddy\01_活跃项目\装配式装修技术专家包\程序\prefab-interior-expert-market\plugins\prefab-interior-expert\skills\prefab-interior-knowledge\references\ima-standards-library.md,45154,9a75fa73903b8d4aaa71ea0fa9768ca9e930b6ab6c5bf72bbebd7f130fceee82,A,完成-全文,源码/配置/文档全文审阅,代理A全文阅读，主代理复核关键结论；未执行同步或发布。,与开场清单一致,9a75fa73903b8d4aaa71ea0fa9768ca9e930b6ab6c5bf72bbebd7f130fceee82
WorkBuddy,程序\prefab-interior-expert-market\plugins\prefab-interior-expert\skills\prefab-interior-knowledge\references\knowledge-architecture.md,D:\WorkBuddy\01_活跃项目\装配式装修技术专家包\程序\prefab-interior-expert-market\plugins\prefab-interior-expert\skills\prefab-interior-knowledge\references\knowledge-architecture.md,17004,d89f87b85c884a3301afb8584aca981d9ebd855aedf645fddc8ee0f3c138e9b4,A,完成-全文,源码/配置/文档全文审阅,代理A全文阅读，主代理复核关键结论；未执行同步或发布。,与开场清单一致,d89f87b85c884a3301afb8584aca981d9ebd855aedf645fddc8ee0f3c138e9b4
WorkBuddy,程序\prefab-interior-expert-market\plugins\prefab-interior-expert\skills\prefab-interior-knowledge\references\knowledge-cards-batch1.md,D:\WorkBuddy\01_活跃项目\装配式装修技术专家包\程序\prefab-interior-expert-market\plugins\prefab-interior-expert\skills\prefab-interior-knowledge\references\knowledge-cards-batch1.md,164044,107aa638ec4eeb6ffc87517655e8013543c6ba6610a77706028ea63404b3566d,A,完成-全文,源码/配置/文档全文审阅,代理A全文阅读，主代理复核关键结论；未执行同步或发布。,与开场清单一致,107aa638ec4eeb6ffc87517655e8013543c6ba6610a77706028ea63404b3566d
WorkBuddy,程序\prefab-interior-expert-market\plugins\prefab-interior-expert\skills\prefab-interior-knowledge\references\knowledge-map.md,D:\WorkBuddy\01_活跃项目\装配式装修技术专家包\程序\prefab-interior-expert-market\plugins\prefab-interior-expert\skills\prefab-interior-knowledge\references\knowledge-map.md,10539,4789ad0ec4067dba0d8ae812f067c8fd83dd2878ae68f5bf9c82af976c2c1468,A,完成-全文,源码/配置/文档全文审阅,代理A全文阅读，主代理复核关键结论；未执行同步或发布。,与开场清单一致,4789ad0ec4067dba0d8ae812f067c8fd83dd2878ae68f5bf9c82af976c2c1468
WorkBuddy,程序\prefab-interior-expert-market\plugins\prefab-interior-expert\skills\prefab-interior-knowledge\references\methodology-playbook.md,D:\WorkBuddy\01_活跃项目\装配式装修技术专家包\程序\prefab-interior-expert-market\plugins\prefab-interior-expert\skills\prefab-interior-knowledge\references\methodology-playbook.md,8878,7ddaf17a28d80a76f49faed7cccf89cf6a2b8511ec93fa11cdf194be61e8d321,A,完成-全文,源码/配置/文档全文审阅,代理A全文阅读，主代理复核关键结论；未执行同步或发布。,与开场清单一致,7ddaf17a28d80a76f49faed7cccf89cf6a2b8511ec93fa11cdf194be61e8d321
WorkBuddy,程序\prefab-interior-expert-market\plugins\prefab-interior-expert\skills\prefab-interior-knowledge\references\metrics-core.md,D:\WorkBuddy\01_活跃项目\装配式装修技术专家包\程序\prefab-interior-expert-market\plugins\prefab-interior-expert\skills\prefab-interior-knowledge\references\metrics-core.md,177719,03add11fa984db8602bc275bfdc0f0eb244c992aa4e479423372dfd2341e272a,A,完成-全文,源码/配置/文档全文审阅,代理A全文阅读，主代理复核关键结论；未执行同步或发布。,与开场清单一致,03add11fa984db8602bc275bfdc0f0eb244c992aa4e479423372dfd2341e272a
WorkBuddy,程序\prefab-interior-expert-market\plugins\prefab-interior-expert\skills\prefab-interior-knowledge\references\semantic-surfaces.md,D:\WorkBuddy\01_活跃项目\装配式装修技术专家包\程序\prefab-interior-expert-market\plugins\prefab-interior-expert\skills\prefab-interior-knowledge\references\semantic-surfaces.md,9554,7561b7879165341cdb5d9e578660eeecb6f96b777400d63329eee1eaecba89c5,A,完成-全文,源码/配置/文档全文审阅,代理A全文阅读，主代理复核关键结论；未执行同步或发布。,与开场清单一致,7561b7879165341cdb5d9e578660eeecb6f96b777400d63329eee1eaecba89c5
WorkBuddy,程序\prefab-interior-expert-market\plugins\prefab-interior-expert\skills\prefab-interior-knowledge\references\standards-anchor.md,D:\WorkBuddy\01_活跃项目\装配式装修技术专家包\程序\prefab-interior-expert-market\plugins\prefab-interior-expert\skills\prefab-interior-knowledge\references\standards-anchor.md,46523,9a23ca0a52a84568dd793597a25ea55b59bc35af224c31f948c6c2180e666e55,A,完成-全文,源码/配置/文档全文审阅,代理A全文阅读，主代理复核关键结论；未执行同步或发布。,与开场清单一致,9a23ca0a52a84568dd793597a25ea55b59bc35af224c31f948c6c2180e666e55
WorkBuddy,程序\维护脚本\apply_d004_singledef.py,D:\WorkBuddy\01_活跃项目\装配式装修技术专家包\程序\维护脚本\apply_d004_singledef.py,13840,a4c8f276b506bfaaaa7f83f6fad1f05d40baf6d1f41532cbfc177041154d2502,A,完成-全文,源码/配置/文档全文审阅,代理A全文阅读，主代理复核关键结论；未执行同步或发布。 Python AST已检查；知识门禁执行被权限阻止，未绕过。,与开场清单一致,a4c8f276b506bfaaaa7f83f6fad1f05d40baf6d1f41532cbfc177041154d2502
WorkBuddy,程序\维护脚本\apply_g5_fixes.py,D:\WorkBuddy\01_活跃项目\装配式装修技术专家包\程序\维护脚本\apply_g5_fixes.py,4197,aedfc17dd403bd24ee91a41c8cce548f9e4a1198e6f6fa906e495753daa060e8,A,完成-全文,源码/配置/文档全文审阅,代理A全文阅读，主代理复核关键结论；未执行同步或发布。 Python AST已检查；知识门禁执行被权限阻止，未绕过。,与开场清单一致,aedfc17dd403bd24ee91a41c8cce548f9e4a1198e6f6fa906e495753daa060e8
WorkBuddy,程序\维护脚本\finalize_version_dir.py,D:\WorkBuddy\01_活跃项目\装配式装修技术专家包\程序\维护脚本\finalize_version_dir.py,9705,3cb2526eb77159b180a8a2a59b341095b0cb1897443601404497367408037e09,A,完成-全文,源码/配置/文档全文审阅,代理A全文阅读，主代理复核关键结论；未执行同步或发布。 Python AST已检查；知识门禁执行被权限阻止，未绕过。,与开场清单一致,3cb2526eb77159b180a8a2a59b341095b0cb1897443601404497367408037e09
WorkBuddy,程序\维护脚本\gen_handoff_facts.py,D:\WorkBuddy\01_活跃项目\装配式装修技术专家包\程序\维护脚本\gen_handoff_facts.py,7022,5ec8f1548795e47a52206cee5d936fd0b2c16873da737e90a4e72a38820f498c,A,完成-全文,源码/配置/文档全文审阅,代理A全文阅读，主代理复核关键结论；未执行同步或发布。 Python AST已检查；知识门禁执行被权限阻止，未绕过。,与开场清单一致,5ec8f1548795e47a52206cee5d936fd0b2c16873da737e90a4e72a38820f498c
WorkBuddy,程序\维护脚本\negative_test_gate.py,D:\WorkBuddy\01_活跃项目\装配式装修技术专家包\程序\维护脚本\negative_test_gate.py,12081,f9acab4354eeca960d7ead8c97951a030fc8cd90d202e2b60b59b9ba6d3a51e8,A,完成-全文,源码/配置/文档全文审阅,代理A全文阅读，主代理复核关键结论；未执行同步或发布。 Python AST已检查；知识门禁执行被权限阻止，未绕过。,与开场清单一致,f9acab4354eeca960d7ead8c97951a030fc8cd90d202e2b60b59b9ba6d3a51e8
WorkBuddy,程序\维护脚本\rtlocate.py,D:\WorkBuddy\01_活跃项目\装配式装修技术专家包\程序\维护脚本\rtlocate.py,2437,4e4053e14fd66950a7d0f6b7b02769680841e18495bc07fd4aaece199dbf535e,A,完成-全文,源码/配置/文档全文审阅,代理A全文阅读，主代理复核关键结论；未执行同步或发布。 Python AST已检查；知识门禁执行被权限阻止，未绕过。,与开场清单一致,4e4053e14fd66950a7d0f6b7b02769680841e18495bc07fd4aaece199dbf535e
WorkBuddy,程序\维护脚本\sync_all.py,D:\WorkBuddy\01_活跃项目\装配式装修技术专家包\程序\维护脚本\sync_all.py,12455,2e2f5883cdde79e3117eeea9e0e48f8900a653fb503ebd9206fe17a9672e2eea,A,完成-全文,源码/配置/文档全文审阅,代理A全文阅读，主代理复核关键结论；未执行同步或发布。 Python AST已检查；知识门禁执行被权限阻止，未绕过。,与开场清单一致,2e2f5883cdde79e3117eeea9e0e48f8900a653fb503ebd9206fe17a9672e2eea
WorkBuddy,程序\维护脚本\sync_marketplace_v110.py,D:\WorkBuddy\01_活跃项目\装配式装修技术专家包\程序\维护脚本\sync_marketplace_v110.py,6946,f68a9617376cd71b73f1fca6c978eb18dbcc8e7d0ba647b7994e426708d03e5a,A,完成-全文,源码/配置/文档全文审阅,代理A全文阅读，主代理复核关键结论；未执行同步或发布。 Python AST已检查；知识门禁执行被权限阻止，未绕过。,与开场清单一致,f68a9617376cd71b73f1fca6c978eb18dbcc8e7d0ba647b7994e426708d03e5a
WorkBuddy,程序\维护脚本\sync_runtime_v110.py,D:\WorkBuddy\01_活跃项目\装配式装修技术专家包\程序\维护脚本\sync_runtime_v110.py,6329,6d1f8abcc798a59d2570e03e27ef29a8ddf9f892474f19d8f49c68d5ad04e885,A,完成-全文,源码/配置/文档全文审阅,代理A全文阅读，主代理复核关键结论；未执行同步或发布。 Python AST已检查；知识门禁执行被权限阻止，未绕过。,与开场清单一致,6d1f8abcc798a59d2570e03e27ef29a8ddf9f892474f19d8f49c68d5ad04e885
WorkBuddy,程序\维护脚本\verify_process_claims.py,D:\WorkBuddy\01_活跃项目\装配式装修技术专家包\程序\维护脚本\verify_process_claims.py,13580,d5f2d2408864e2c58fee121dd2e39c818b5ec0bccb33ba0483f23fd881e55c7c,A,完成-全文,源码/配置/文档全文审阅,代理A全文阅读，主代理复核关键结论；未执行同步或发布。 Python AST已检查；知识门禁执行被权限阻止，未绕过。,与开场清单一致,d5f2d2408864e2c58fee121dd2e39c818b5ec0bccb33ba0483f23fd881e55c7c
WorkBuddy,程序\维护脚本\verify_three_copies.py,D:\WorkBuddy\01_活跃项目\装配式装修技术专家包\程序\维护脚本\verify_three_copies.py,7857,79d0abe4fdef7f65a21acac1e51849ce9f8c688e31796fdc03b4102e355a4f86,A,完成-全文,源码/配置/文档全文审阅,代理A全文阅读，主代理复核关键结论；未执行同步或发布。 Python AST已检查；知识门禁执行被权限阻止，未绕过。,与开场清单一致,79d0abe4fdef7f65a21acac1e51849ce9f8c688e31796fdc03b4102e355a4f86
WorkBuddy,程序\维护脚本\__pycache__\finalize_version_dir.cpython-313.pyc,D:\WorkBuddy\01_活跃项目\装配式装修技术专家包\程序\维护脚本\__pycache__\finalize_version_dir.cpython-313.pyc,12377,dad497b245eb74be2b260977ee50cd880e44208fd6175c4f80099bb0e8f5d02d,A,跳过-字节码,清单及字节哈希,未反编译；对应Python源码已全文审阅。,与开场清单一致,dad497b245eb74be2b260977ee50cd880e44208fd6175c4f80099bb0e8f5d02d
WorkBuddy,程序\维护脚本\__pycache__\negative_test_gate.cpython-313.pyc,D:\WorkBuddy\01_活跃项目\装配式装修技术专家包\程序\维护脚本\__pycache__\negative_test_gate.cpython-313.pyc,17058,7c94bd3aeb60ea0eaf4102a0385d3b16069f9116734ba90e50b701ee51c0e1a2,A,跳过-字节码,清单及字节哈希,未反编译；对应Python源码已全文审阅。,与开场清单一致,7c94bd3aeb60ea0eaf4102a0385d3b16069f9116734ba90e50b701ee51c0e1a2
WorkBuddy,程序\维护脚本\__pycache__\rtlocate.cpython-313.pyc,D:\WorkBuddy\01_活跃项目\装配式装修技术专家包\程序\维护脚本\__pycache__\rtlocate.cpython-313.pyc,3601,f2bca073f118ae3a32f89a9428960dd4f9603bbe19cb263bffac33f2a090131d,A,跳过-字节码,清单及字节哈希,未反编译；对应Python源码已全文审阅。,与开场清单一致,f2bca073f118ae3a32f89a9428960dd4f9603bbe19cb263bffac33f2a090131d
WorkBuddy,程序\维护脚本\__pycache__\sync_all.cpython-313.pyc,D:\WorkBuddy\01_活跃项目\装配式装修技术专家包\程序\维护脚本\__pycache__\sync_all.cpython-313.pyc,16324,b409d732d051a75563e6c99242339664cc008ad1898027f086448a60209370a2,A,跳过-字节码,清单及字节哈希,未反编译；对应Python源码已全文审阅。,与开场清单一致,b409d732d051a75563e6c99242339664cc008ad1898027f086448a60209370a2
WorkBuddy,程序\维护脚本\__pycache__\sync_marketplace_v110.cpython-313.pyc,D:\WorkBuddy\01_活跃项目\装配式装修技术专家包\程序\维护脚本\__pycache__\sync_marketplace_v110.cpython-313.pyc,9887,a5180064d3e2d4f2645361129adeb4f307d3cb98c364667a6b6422cb1a75bc80,A,跳过-字节码,清单及字节哈希,未反编译；对应Python源码已全文审阅。,与开场清单一致,a5180064d3e2d4f2645361129adeb4f307d3cb98c364667a6b6422cb1a75bc80
WorkBuddy,程序\维护脚本\__pycache__\sync_runtime_v110.cpython-313.pyc,D:\WorkBuddy\01_活跃项目\装配式装修技术专家包\程序\维护脚本\__pycache__\sync_runtime_v110.cpython-313.pyc,8802,3dbfd800854875b118feeb3c9efe419ae9e489e15c60e0aadb9cce260a1fbddd,A,跳过-字节码,清单及字节哈希,未反编译；对应Python源码已全文审阅。,与开场清单一致,3dbfd800854875b118feeb3c9efe419ae9e489e15c60e0aadb9cce260a1fbddd
WorkBuddy,程序\维护脚本\__pycache__\verify_three_copies.cpython-313.pyc,D:\WorkBuddy\01_活跃项目\装配式装修技术专家包\程序\维护脚本\__pycache__\verify_three_copies.cpython-313.pyc,12863,b7d995d816ed4913ce2b889ef064636dbfdcdd41109b1d9b576976ef5e8a33a5,A,跳过-字节码,清单及字节哈希,未反编译；对应Python源码已全文审阅。,与开场清单一致,b7d995d816ed4913ce2b889ef064636dbfdcdd41109b1d9b576976ef5e8a33a5
WorkBuddy,过程\专家包_SkillHub_CLI安装交接_v1.0_2026-09-06.md,D:\WorkBuddy\01_活跃项目\装配式装修技术专家包\过程\专家包_SkillHub_CLI安装交接_v1.0_2026-09-06.md,7235,58b43ae840b0f09216f68f2f93b8f24878f197444046c76f0a72e095cf245c92,B,完成-全文,历史过程/记忆全文审阅,代理B完整阅读；按时间区分旧问题、后续整改和主动延后，不把历史自评当当前独立测试。,与开场清单一致,58b43ae840b0f09216f68f2f93b8f24878f197444046c76f0a72e095cf245c92
WorkBuddy,过程\装配式装修技术专家_C-24楼地面取数_开新线提示词_v1.0_2026-09-10.md,D:\WorkBuddy\01_活跃项目\装配式装修技术专家包\过程\装配式装修技术专家_C-24楼地面取数_开新线提示词_v1.0_2026-09-10.md,16142,16054a693cff04326c960a4f2a76442f6975dc3b08ebfcc2fd3317f25cea311f,B,完成-全文,历史过程/记忆全文审阅,代理B完整阅读；按时间区分旧问题、后续整改和主动延后，不把历史自评当当前独立测试。,与开场清单一致,16054a693cff04326c960a4f2a76442f6975dc3b08ebfcc2fd3317f25cea311f
WorkBuddy,过程\装配式装修技术专家_push前全面审查_开新线提示词_v1.0_2026-09-10.md,D:\WorkBuddy\01_活跃项目\装配式装修技术专家包\过程\装配式装修技术专家_push前全面审查_开新线提示词_v1.0_2026-09-10.md,18853,d8abc67843ff81bcd4333310011f15abdb7cabd7a56664c068a2fbca16a4078e,B,完成-全文,历史过程/记忆全文审阅,代理B完整阅读；按时间区分旧问题、后续整改和主动延后，不把历史自评当当前独立测试。,与开场清单一致,d8abc67843ff81bcd4333310011f15abdb7cabd7a56664c068a2fbca16a4078e
WorkBuddy,过程\装配式装修技术专家_push前全面审查报告_v1.0_2026-09-10.md,D:\WorkBuddy\01_活跃项目\装配式装修技术专家包\过程\装配式装修技术专家_push前全面审查报告_v1.0_2026-09-10.md,16654,d46baace3207eade8f96ebf84c8adef1d23a96433f5323d0b304375fe47bafce,B,完成-全文,历史过程/记忆全文审阅,代理B完整阅读；按时间区分旧问题、后续整改和主动延后，不把历史自评当当前独立测试。,与开场清单一致,d46baace3207eade8f96ebf84c8adef1d23a96433f5323d0b304375fe47bafce
WorkBuddy,过程\装配式装修技术专家_会话交接单_v1.0_2026-09-10.md,D:\WorkBuddy\01_活跃项目\装配式装修技术专家包\过程\装配式装修技术专家_会话交接单_v1.0_2026-09-10.md,14797,bfae6547fda0a83872bce01deb7bd22b46f732628747ad0f1a0b7e9d2a45ac78,B,完成-全文,历史过程/记忆全文审阅,代理B完整阅读；按时间区分旧问题、后续整改和主动延后，不把历史自评当当前独立测试。,与开场清单一致,bfae6547fda0a83872bce01deb7bd22b46f732628747ad0f1a0b7e9d2a45ac78
WorkBuddy,过程\装配式装修技术专家_会话交接单_v1.1_2026-09-10.md,D:\WorkBuddy\01_活跃项目\装配式装修技术专家包\过程\装配式装修技术专家_会话交接单_v1.1_2026-09-10.md,16575,c733b761a4f0da290728202257dce5758dccf7eea39b2674d0be93d113e96f43,B,完成-全文,历史过程/记忆全文审阅,代理B完整阅读；按时间区分旧问题、后续整改和主动延后，不把历史自评当当前独立测试。,与开场清单一致,c733b761a4f0da290728202257dce5758dccf7eea39b2674d0be93d113e96f43
WorkBuddy,过程\装配式装修技术专家_开新线提示词_v1.0_2026-09-09.md,D:\WorkBuddy\01_活跃项目\装配式装修技术专家包\过程\装配式装修技术专家_开新线提示词_v1.0_2026-09-09.md,6625,c03297c10266ef326d5eb04d8f6aa0df509badad856c9e369f89edb5cafe6854,B,完成-全文,历史过程/记忆全文审阅,代理B完整阅读；按时间区分旧问题、后续整改和主动延后，不把历史自评当当前独立测试。,与开场清单一致,c03297c10266ef326d5eb04d8f6aa0df509badad856c9e369f89edb5cafe6854
WorkBuddy,过程\装配式装修技术专家_开新线提示词_v1.1_2026-09-09.md,D:\WorkBuddy\01_活跃项目\装配式装修技术专家包\过程\装配式装修技术专家_开新线提示词_v1.1_2026-09-09.md,7283,fc5f87a9cc5e365ee854727055f1035b7750d5a968ca34acadbf7000fd0da1c4,B,完成-全文,历史过程/记忆全文审阅,代理B完整阅读；按时间区分旧问题、后续整改和主动延后，不把历史自评当当前独立测试。,与开场清单一致,fc5f87a9cc5e365ee854727055f1035b7750d5a968ca34acadbf7000fd0da1c4
WorkBuddy,过程\装配式装修技术专家_开新线提示词_v1.2_2026-09-09.md,D:\WorkBuddy\01_活跃项目\装配式装修技术专家包\过程\装配式装修技术专家_开新线提示词_v1.2_2026-09-09.md,11348,6bafd359dac8b8a8367645564638bdba97d76e0b2f01ccf8d01dbbabf1814481,B,完成-全文,历史过程/记忆全文审阅,代理B完整阅读；按时间区分旧问题、后续整改和主动延后，不把历史自评当当前独立测试。,与开场清单一致,6bafd359dac8b8a8367645564638bdba97d76e0b2f01ccf8d01dbbabf1814481
WorkBuddy,过程\装配式装修技术专家_架构与方法论深度审核_v1.0_2026-09-10.md,D:\WorkBuddy\01_活跃项目\装配式装修技术专家包\过程\装配式装修技术专家_架构与方法论深度审核_v1.0_2026-09-10.md,12581,578fdec5fbfe1aed16ee9278ff70859db50334b1011485f50cc2cde0ffa7ce82,B,完成-全文,历史过程/记忆全文审阅,代理B完整阅读；按时间区分旧问题、后续整改和主动延后，不把历史自评当当前独立测试。,与开场清单一致,578fdec5fbfe1aed16ee9278ff70859db50334b1011485f50cc2cde0ffa7ce82
WorkBuddy,过程\装配式装修技术专家_桌面化可行性评估_v1.0_2026-09-13.md,D:\WorkBuddy\01_活跃项目\装配式装修技术专家包\过程\装配式装修技术专家_桌面化可行性评估_v1.0_2026-09-13.md,16779,830e8e428090dc4c7d2cc71d5e2670963d1f1ec52ff639204a8857b2fb2016e8,B,完成-全文,历史过程/记忆全文审阅,代理B完整阅读；按时间区分旧问题、后续整改和主动延后，不把历史自评当当前独立测试。,与开场清单一致,830e8e428090dc4c7d2cc71d5e2670963d1f1ec52ff639204a8857b2fb2016e8
WorkBuddy,过程\装配式装修技术专家_知识获取链路与解耦审查_v1.0_2026-09-10.md,D:\WorkBuddy\01_活跃项目\装配式装修技术专家包\过程\装配式装修技术专家_知识获取链路与解耦审查_v1.0_2026-09-10.md,18908,b03dea4dbea02d73baec43dc1fe45064f469f287cc65ec7e274bd6caa0b87a1e,B,完成-全文,历史过程/记忆全文审阅,代理B完整阅读；按时间区分旧问题、后续整改和主动延后，不把历史自评当当前独立测试。,与开场清单一致,b03dea4dbea02d73baec43dc1fe45064f469f287cc65ec7e274bd6caa0b87a1e
WorkBuddy,过程\装配式装修技术专家_知识采购与整合建议_v1.0_2026-09-09.html,D:\WorkBuddy\01_活跃项目\装配式装修技术专家包\过程\装配式装修技术专家_知识采购与整合建议_v1.0_2026-09-09.html,37312,acdab9d033d5401820bce4789c618523df76554ed5ee07652a3a484f4978644f,B,完成-全文,历史过程/记忆全文审阅,代理B完整阅读；按时间区分旧问题、后续整改和主动延后，不把历史自评当当前独立测试。 只读正文，不执行脚本。,与开场清单一致,acdab9d033d5401820bce4789c618523df76554ed5ee07652a3a484f4978644f
WorkBuddy,过程\装配式装修技术专家_阶段一B卡片层_交接单_v1.0_2026-09-09.md,D:\WorkBuddy\01_活跃项目\装配式装修技术专家包\过程\装配式装修技术专家_阶段一B卡片层_交接单_v1.0_2026-09-09.md,9236,13878727f501e4717978c00984c6cb732e2baaae81252abf7d671931e9126e08,B,完成-全文,历史过程/记忆全文审阅,代理B完整阅读；按时间区分旧问题、后续整改和主动延后，不把历史自评当当前独立测试。,与开场清单一致,13878727f501e4717978c00984c6cb732e2baaae81252abf7d671931e9126e08
WorkBuddy,过程\装配式装修技术专家_阶段二A规范核验_交接单_v1.0_2026-09-09.md,D:\WorkBuddy\01_活跃项目\装配式装修技术专家包\过程\装配式装修技术专家_阶段二A规范核验_交接单_v1.0_2026-09-09.md,13965,6273b779e8631c7c4e1edfdcafa64c60e823926265bc220d2fe165bf5a16bb5f,B,完成-全文,历史过程/记忆全文审阅,代理B完整阅读；按时间区分旧问题、后续整改和主动延后，不把历史自评当当前独立测试。,与开场清单一致,6273b779e8631c7c4e1edfdcafa64c60e823926265bc220d2fe165bf5a16bb5f
WorkBuddy,过程\装配式装修技术专家_阶段二B声学判据_交接单_v1.0_2026-09-09.md,D:\WorkBuddy\01_活跃项目\装配式装修技术专家包\过程\装配式装修技术专家_阶段二B声学判据_交接单_v1.0_2026-09-09.md,13493,78a1ae2f0d55b1ba1089aaabb9a64d627f4c6112c24b004c45f07e9530a658f2,B,完成-全文,历史过程/记忆全文审阅,代理B完整阅读；按时间区分旧问题、后续整改和主动延后，不把历史自评当当前独立测试。,与开场清单一致,78a1ae2f0d55b1ba1089aaabb9a64d627f4c6112c24b004c45f07e9530a658f2
WorkBuddy,过程\装配式装修技术专家_阶段二C燃烧分级diff_交接单_v1.0_2026-09-09.md,D:\WorkBuddy\01_活跃项目\装配式装修技术专家包\过程\装配式装修技术专家_阶段二C燃烧分级diff_交接单_v1.0_2026-09-09.md,16956,5e56d7c8817031bdd74bfe938e625146151364c3814fba1b4fec56da08f1293f,B,完成-全文,历史过程/记忆全文审阅,代理B完整阅读；按时间区分旧问题、后续整改和主动延后，不把历史自评当当前独立测试。,与开场清单一致,5e56d7c8817031bdd74bfe938e625146151364c3814fba1b4fec56da08f1293f
WorkBuddy,过程\装配式装修技术专家_阶段二D及C-14收口_交接单_v1.0_2026-09-09.md,D:\WorkBuddy\01_活跃项目\装配式装修技术专家包\过程\装配式装修技术专家_阶段二D及C-14收口_交接单_v1.0_2026-09-09.md,11423,4e325064de4355a0f47561d11238611e51665c63c21eea75e96cd6d10133da35,B,完成-全文,历史过程/记忆全文审阅,代理B完整阅读；按时间区分旧问题、后续整改和主动延后，不把历史自评当当前独立测试。,与开场清单一致,4e325064de4355a0f47561d11238611e51665c63c21eea75e96cd6d10133da35
WorkBuddy,过程\装配式装修技术专家_阶段二E收口_交接单_v1.0_2026-09-09.md,D:\WorkBuddy\01_活跃项目\装配式装修技术专家包\过程\装配式装修技术专家_阶段二E收口_交接单_v1.0_2026-09-09.md,40165,580d2959be4c20bc237816794ec46909d8e6c2b696355893fd372f376530a548,B,完成-全文,历史过程/记忆全文审阅,代理B完整阅读；按时间区分旧问题、后续整改和主动延后，不把历史自评当当前独立测试。,与开场清单一致,580d2959be4c20bc237816794ec46909d8e6c2b696355893fd372f376530a548
WorkBuddy,过程\装配式装修技术专家包_B0B1批次执行记录_v1.0_2026-09-11.md,D:\WorkBuddy\01_活跃项目\装配式装修技术专家包\过程\装配式装修技术专家包_B0B1批次执行记录_v1.0_2026-09-11.md,17258,7201b3a724b88915499f7ed3a5a32a4402771c4ec1a799669806b327c3957e82,B,完成-全文,历史过程/记忆全文审阅,代理B完整阅读；按时间区分旧问题、后续整改和主动延后，不把历史自评当当前独立测试。,与开场清单一致,7201b3a724b88915499f7ed3a5a32a4402771c4ec1a799669806b327c3957e82
WorkBuddy,过程\装配式装修技术专家包_B2批次_开新线交接摘要_v1.0_2026-09-11.md,D:\WorkBuddy\01_活跃项目\装配式装修技术专家包\过程\装配式装修技术专家包_B2批次_开新线交接摘要_v1.0_2026-09-11.md,15912,240a534a930905a9f053f29fa6da4a3e53598b3e6d599be79724421611bf88c9,B,完成-全文,历史过程/记忆全文审阅,代理B完整阅读；按时间区分旧问题、后续整改和主动延后，不把历史自评当当前独立测试。,与开场清单一致,240a534a930905a9f053f29fa6da4a3e53598b3e6d599be79724421611bf88c9
WorkBuddy,过程\装配式装修技术专家包_全面自查自纠审查报告_v1.0_2026-09-12.md,D:\WorkBuddy\01_活跃项目\装配式装修技术专家包\过程\装配式装修技术专家包_全面自查自纠审查报告_v1.0_2026-09-12.md,18816,41dd094f40ba997550b6c62f249d3304fae82143214e2140f49fa6178e7dbc01,B,完成-全文,历史过程/记忆全文审阅,代理B完整阅读；按时间区分旧问题、后续整改和主动延后，不把历史自评当当前独立测试。,与开场清单一致,41dd094f40ba997550b6c62f249d3304fae82143214e2140f49fa6178e7dbc01
WorkBuddy,过程\装配式装修技术专家包_审核v2再评估与实施计划_v1.0_2026-09-11.md,D:\WorkBuddy\01_活跃项目\装配式装修技术专家包\过程\装配式装修技术专家包_审核v2再评估与实施计划_v1.0_2026-09-11.md,21749,8a5bd9c5266797f755db5b3cbca0c5ba1b472584bcfe48a9a9ea8c48406c6022,B,完成-全文,历史过程/记忆全文审阅,代理B完整阅读；按时间区分旧问题、后续整改和主动延后，不把历史自评当当前独立测试。,与开场清单一致,8a5bd9c5266797f755db5b3cbca0c5ba1b472584bcfe48a9a9ea8c48406c6022
WorkBuddy,过程\装配式装修技术专家包_整改升级行动计划_v1.0_2026-09-13.md,D:\WorkBuddy\01_活跃项目\装配式装修技术专家包\过程\装配式装修技术专家包_整改升级行动计划_v1.0_2026-09-13.md,35739,4b779d15728d5dbba96ed58921cc3dffe7150a9f9a5cf34283b16cba1c334aa7,B,完成-全文,历史过程/记忆全文审阅,代理B完整阅读；按时间区分旧问题、后续整改和主动延后，不把历史自评当当前独立测试。,与开场清单一致,4b779d15728d5dbba96ed58921cc3dffe7150a9f9a5cf34283b16cba1c334aa7
WorkBuddy,过程\装配式装修技术专家包_第三方评审对抗分析与前瞻扩展_v1.0_2026-09-13.md,D:\WorkBuddy\01_活跃项目\装配式装修技术专家包\过程\装配式装修技术专家包_第三方评审对抗分析与前瞻扩展_v1.0_2026-09-13.md,50762,393e796a8fba6032325973fe11f7a908af1abc7494df47f8ed02b525a5783dc2,B,完成-全文,历史过程/记忆全文审阅,代理B完整阅读；按时间区分旧问题、后续整改和主动延后，不把历史自评当当前独立测试。,与开场清单一致,393e796a8fba6032325973fe11f7a908af1abc7494df47f8ed02b525a5783dc2
WorkBuddy,过程\装配式装修技术专家包_自查自纠整改报告_v1.0_2026-09-12.md,D:\WorkBuddy\01_活跃项目\装配式装修技术专家包\过程\装配式装修技术专家包_自查自纠整改报告_v1.0_2026-09-12.md,13159,925930ee7d21ec2f165226228f3f8baa955b1179a6fd05f0e6686d5f1e76b7b0,B,完成-全文,历史过程/记忆全文审阅,代理B完整阅读；按时间区分旧问题、后续整改和主动延后，不把历史自评当当前独立测试。,与开场清单一致,925930ee7d21ec2f165226228f3f8baa955b1179a6fd05f0e6686d5f1e76b7b0
Codex,装配式装修智能体知识包.zip,D:\CodexProjects\_成果输出\02_正式交付成果\装配式装修标准体系解读\装配式装修智能体知识包.zip,2829877,0c47e6cd07b774863280d14eb438220a660d3ec1daf5daf4e1b2f32240087edb,C,完成-结构,ZIP内存CRC及11成员哈希对照,11/11与展开包一致，不解压写盘；未包含原始PDF/Office文件。,与开场清单一致,0c47e6cd07b774863280d14eb438220a660d3ec1daf5daf4e1b2f32240087edb
Codex,装配式装修标准体系_智能体知识版.html,D:\CodexProjects\_成果输出\02_正式交付成果\装配式装修标准体系解读\装配式装修标准体系_智能体知识版.html,596479,15367bea33cd1b0c77b38c9e35febdc7dac7f7e1a85a2e103cd7b2181d209ef5,C,完成-全文,全文/全记录审阅及关联校验,代理C全文阅读，主代理复核关键字段、统计与证据。 含折叠正文与静态功能检查；未运行JavaScript、动态交互、窄屏或打印测试。,与开场清单一致,15367bea33cd1b0c77b38c9e35febdc7dac7f7e1a85a2e103cd7b2181d209ef5
Codex,装配式装修标准体系解读.html,D:\CodexProjects\_成果输出\02_正式交付成果\装配式装修标准体系解读\装配式装修标准体系解读.html,409079,348c487b8045e6fd5c12c8ba933a689c0fae6551f001b2fc40b0fe823ca053c4,C,完成-全文,全文/全记录审阅及关联校验,代理C全文阅读，主代理复核关键字段、统计与证据。 含折叠正文与静态功能检查；未运行JavaScript、动态交互、窄屏或打印测试。,与开场清单一致,348c487b8045e6fd5c12c8ba933a689c0fae6551f001b2fc40b0fe823ca053c4
Codex,智能体知识包\00_导入与使用说明.md,D:\CodexProjects\_成果输出\02_正式交付成果\装配式装修标准体系解读\智能体知识包\00_导入与使用说明.md,6424,bbf48949cedbb78522ea83517118685c1902d27401b6fcfa5a6c0a4493eebd99,C,完成-全文,全文/全记录审阅及关联校验,代理C全文阅读，主代理复核关键字段、统计与证据。,与开场清单一致,bbf48949cedbb78522ea83517118685c1902d27401b6fcfa5a6c0a4493eebd99
Codex,智能体知识包\01_核心知识讲义.md,D:\CodexProjects\_成果输出\02_正式交付成果\装配式装修标准体系解读\智能体知识包\01_核心知识讲义.md,43617,77c5904eaefc32d0022d6085dfd628826be25afca27567628a2b7b6ced697241,C,完成-全文,全文/全记录审阅及关联校验,代理C全文阅读，主代理复核关键字段、统计与证据。,与开场清单一致,77c5904eaefc32d0022d6085dfd628826be25afca27567628a2b7b6ced697241
Codex,智能体知识包\02_知识卡片.md,D:\CodexProjects\_成果输出\02_正式交付成果\装配式装修标准体系解读\智能体知识包\02_知识卡片.md,51468,746f7ff46d927c12b8542e6f480192662a4bf815d1f3e21439ec393a50115864,C,完成-全文,全文/全记录审阅及关联校验,代理C全文阅读，主代理复核关键字段、统计与证据。,与开场清单一致,746f7ff46d927c12b8542e6f480192662a4bf815d1f3e21439ec393a50115864
Codex,智能体知识包\03_逐文件摘要.md,D:\CodexProjects\_成果输出\02_正式交付成果\装配式装修标准体系解读\智能体知识包\03_逐文件摘要.md,81169,485fa697666a472c6699379d1a57b2b09e29c8d91bd28dcf400c30dbcdffb911,C,完成-全文,全文/全记录审阅及关联校验,代理C全文阅读，主代理复核关键字段、统计与证据。,与开场清单一致,485fa697666a472c6699379d1a57b2b09e29c8d91bd28dcf400c30dbcdffb911
Codex,智能体知识包\eval_cases.json,D:\CodexProjects\_成果输出\02_正式交付成果\装配式装修标准体系解读\智能体知识包\eval_cases.json,16639,124179365ee8d4433141766337d30afeac5a3e6252b21b6c354f804fe674d657,C,完成-全文,全文/全记录审阅及关联校验,代理C全文阅读，主代理复核关键字段、统计与证据。 30题全部not_run_on_target_agent，本轮未在目标智能体运行。,与开场清单一致,124179365ee8d4433141766337d30afeac5a3e6252b21b6c354f804fe674d657
Codex,智能体知识包\evidence_chunks.jsonl,D:\CodexProjects\_成果输出\02_正式交付成果\装配式装修标准体系解读\智能体知识包\evidence_chunks.jsonl,11176581,f3f7f65fcf5e4cac4e51ed9618653776ce4e6b8b750c753d0c6af42d4dfdd660,C,完成-结构及抽样,5711条全量结构/关联检查＋71条语义取证,语义71/5711=1.24%，涉及31文献/7来源类型/6解析方法；47770字符约1.48%；非全库语义或原PDF校勘。,与开场清单一致,f3f7f65fcf5e4cac4e51ed9618653776ce4e6b8b750c753d0c6af42d4dfdd660
Codex,智能体知识包\knowledge.jsonl,D:\CodexProjects\_成果输出\02_正式交付成果\装配式装修标准体系解读\智能体知识包\knowledge.jsonl,109500,3bab927132f1567f8811aa795b3e7a57858211bb2036cb5a1d21773560822b46,C,完成-全文,全文/全记录审阅及关联校验,代理C全文阅读，主代理复核关键字段、统计与证据。,与开场清单一致,3bab927132f1567f8811aa795b3e7a57858211bb2036cb5a1d21773560822b46
Codex,智能体知识包\manifest.json,D:\CodexProjects\_成果输出\02_正式交付成果\装配式装修标准体系解读\智能体知识包\manifest.json,1998,dbc82491b61c3be19ba64d473e5dac0647a7fedad20f9d567f1f2568d6d6f4fe,C,完成-全文,全文/全记录审阅及关联校验,代理C全文阅读，主代理复核关键字段、统计与证据。 所列10个文件哈希及字节数复算一致。,与开场清单一致,dbc82491b61c3be19ba64d473e5dac0647a7fedad20f9d567f1f2568d6d6f4fe
Codex,智能体知识包\metrics.jsonl,D:\CodexProjects\_成果输出\02_正式交付成果\装配式装修标准体系解读\智能体知识包\metrics.jsonl,13536,577206801fc53e553d39a0f4dc8fcaffed8bc916532e6493465add548b1c60d3,C,完成-全文,全文/全记录审阅及关联校验,代理C全文阅读，主代理复核关键字段、统计与证据。,与开场清单一致,577206801fc53e553d39a0f4dc8fcaffed8bc916532e6493465add548b1c60d3
Codex,智能体知识包\relations.jsonl,D:\CodexProjects\_成果输出\02_正式交付成果\装配式装修标准体系解读\智能体知识包\relations.jsonl,28548,409818170eb179aaec65f513fe5b89f93212b4e7b9e75d82654cc6d6b04947e9,C,完成-全文,全文/全记录审阅及关联校验,代理C全文阅读，主代理复核关键字段、统计与证据。,与开场清单一致,409818170eb179aaec65f513fe5b89f93212b4e7b9e75d82654cc6d6b04947e9
Codex,智能体知识包\sources.json,D:\CodexProjects\_成果输出\02_正式交付成果\装配式装修标准体系解读\智能体知识包\sources.json,142388,a689417de75ec1b65b503b9accfe88ed3e72a856993ca966da98a9170f6e99c7,C,完成-全文,全文/全记录审阅及关联校验,代理C全文阅读，主代理复核关键字段、统计与证据。 私人原件绝对路径仅核结构/依赖，不披露内容或扩展访问。,与开场清单一致,a689417de75ec1b65b503b9accfe88ed3e72a856993ca966da98a9170f6e99c7
